learning_hours_per_week,quiz_score,coding_score,challenge_score,attempts,errors,time_spent_minutes,modules_completed,qubits_score,superposition_score,measurement_score,quantum_gates_score,entanglement_score,bell_states_score,quantum_circuits_score,grover_score,shor_score,age_group_18-24,age_group_25-34,age_group_35+
-0.6972157233417737,-0.08153838713398218,0.19128623071340373,-0.4594208203833571,0.7186159630157255,0.09052848082613564,0.3156897099663855,0.270836446722731,-0.16755096568389985,-0.6237849330018028,0.04171225592473471,0.5880064867314934,1.117505128167181,0.5661638810292,-0.139850897880477,0.44799190824220564,0.07912889872523715,1.0,0.0,0.0
-1.3434506883341488,-1.5801179888283268,-1.4467097783787763,-1.6497783310787255,1.366017731498361,1.9831099615118986,-1.1144194642760283,-1.7655278143504343,-0.6041658599741936,-2.1659969364071885,-1.5807127010366708,-1.9359688402589772,-1.6522361704938648,-1.5472450719321886,-1.3643438994236856,-1.342692560454931,-1.655320298651149,0.0,0.0,1.0
-0.5715589245932561,-0.23251469028975508,-1.0451365632465,-0.17352709510717682,0.07121419453308983,0.09052848082613564,-0.14366013186736626,-0.5437092577065351,-0.3713045830193701,-0.16039728878610088,-0.7984720967874214,0.4341750333934736,0.10307312989214781,0.24455817079594555,0.06135687232615354,0.7783588289376666,-0.2582571095315394,0.0,1.0,0.0
0.8465678041400116,0.26514793863112757,-0.14159682919887817,1.1571782443601348,-0.5761875739495458,1.3522494679499775,-0.3335247331586504,0.270836446722731,0.6620173334676587,0.940148366226193,0.20830053275559313,0.14930197165640016,0.4393174439271311,0.7097378588119031,0.0843520460640545,0.701752006747415,0.920217961562553,0.0,1.0,0.0
0.43369546539488296,0.7572188526203152,1.7130373617409769,1.0012362123913092,0.07121419453308983,-0.22490176595482486,-0.10078747996288302,0.270836446722731,-0.4731813916871057,1.3456125549149334,-0.24076351783193903,0.2461588126470053,0.10307312989214781,0.6810230632553624,0.7454632910286977,0.17986803057632417,0.2929651011415039,1.0,0.0,0.0
0.07467604039911897,0.7124851331667529,0.5505885810949139,1.0376226865173688,-1.2235893424321813,-0.8557622595167458,0.39224801693867745,0.678109298937364,1.0040323339950548,1.410776442382766,1.0050270741205691,1.3229789860131431,1.3910598243312349,1.3184915246105644,0.7627096713321231,0.7209037122949776,1.0010005269198095,1.0,0.0,0.0
0.4695974078944592,0.9417454453662613,0.9627295124148816,0.7881154353672476,0.07121419453308983,-0.22490176595482486,0.5729256213932862,0.270836446722731,0.7857248868499078,1.2804486674470998,0.2807302183342273,0.7532328625389962,-0.4155409815855379,0.7786533681476007,0.0038689379814019556,0.40011264437329824,0.8109239025497945,1.0,0.0,0.0
-0.10483367209876301,0.013520766704838356,-0.3053964301080962,0.9284632641391908,-1.2235893424321813,-0.8557622595167458,-0.7193786002990017,-0.13643640549190206,1.3169396749030993,0.2957499234887322,0.9760551998891162,-0.6027629113294733,0.08027690521180966,0.14692786590370732,0.5787482814289178,0.7831467553245578,0.46878597868376753,0.0,0.0,1.0
0.0028721553999661144,0.013520766704838356,-0.9130401109003564,-1.3742807412671336,-0.5761875739495458,-0.22490176595482486,-0.11303680907844947,-0.13643640549190206,-1.033503839359649,-1.1306151688627275,0.8022239545003936,-0.6027629113294733,0.21135519712375284,-0.3067659038896342,-0.7204790347624677,-0.34201594559476634,-0.6051469490068165,0.0,1.0,0.0
-0.8767254358396555,-1.0992305047025295,-1.208936164155718,-1.4834401636453116,2.0134194999809965,1.9831099615118986,-1.022549495909278,-1.358254962135801,-1.8557952236063693,-1.7677731796593188,-1.1171627133334123,-1.1668115735688787,-1.7434210692152163,-1.5989317039339614,-2.1576773933812574,-2.017790181006525,-2.30633273711845,0.0,1.0,0.0
-0.73311766584135,0.4049408119235105,0.23884095355801493,-0.49060922677712204,-0.5761875739495458,-0.22490176595482486,-0.6826306129523019,0.270836446722731,0.7930018017547467,0.165422148553065,-0.5956689771672459,0.5025445682103713,-0.07929666755055499,0.4283328623578056,0.8431927794147756,0.4144764235339707,0.09338464555298813,1.0,0.0,0.0
0.14647992539827182,0.04707105629501073,-0.18386769394964433,-1.2235367770306025,-0.5761875739495458,-0.8557622595167458,-0.5203270021710426,-0.13643640549190206,0.3200023329402617,-0.1676377207269708,0.9832981684469791,0.889971932172791,0.29114198350493475,0.03781164278885269,-0.4560345367766107,0.041018165356492796,0.25494977626750076,0.0,0.0,1.0
0.056725069149330835,0.3434319476748623,0.10674450121187143,0.26311059440553475,0.7186159630157255,-0.5403320127357853,0.1503237669062347,-0.13643640549190206,0.28361775841607056,0.20886474019828774,1.0846997282570674,0.9184592383464983,0.5646966796689885,0.17564266146024793,-0.9159380115346234,0.25168692637968526,-0.11094772564477777,0.0,1.0,0.0
-0.8946764070894438,-1.3899996811506856,-1.3516003326895527,-1.3326961994087803,0.7186159630157255,0.7213889743880566,-1.8126312238633309,-1.7655278143504343,-1.7320876702241192,-0.913402210636617,-1.1678634932384564,-1.4174998678975035,-1.1621173398666018,-1.9549951688350653,-0.984923532748325,-0.6197156760344291,-1.4414840962348823,1.0,0.0,0.0
-0.9664802920885965,-1.143964224156092,-1.066271995621883,-1.2911116575504267,0.7186159630157255,0.7213889743880566,-1.2185387617583456,-0.950982109921168,-1.3464111802676932,-0.5006975900070066,-0.24076351783193903,0.05814259190053699,-1.4470701483708248,-0.7719455919055921,-1.232121650430757,-0.8064448051231679,-0.31052818123329357,1.0,0.0,0.0
0.43369546539488296,0.8634614363225266,0.2335570954641695,0.5438062519494211,0.07121419453308983,0.4059587276070961,0.1319497732328848,0.678109298937364,1.586185526382113,0.6939736802366016,0.526991149301584,0.8728795484685667,1.0719126788065056,0.9681710188207685,0.7684584647665978,0.8980569886099351,0.20743062017499703,1.0,0.0,0.0
-0.3202453270962213,-0.17659754097280192,0.22298937927647788,1.469062308297786,1.366017731498361,-0.22490176595482486,0.6402969315289037,0.270836446722731,-0.1238894762548709,-1.195779056330561,-1.1823494303541828,-0.5685781439210245,-0.3129579705240174,0.3421884756881838,-0.2778219403078807,-0.7011104246115718,-0.4150703246368016,1.0,0.0,0.0
0.07467604039911897,0.6733431286448854,-0.47976374720500553,-0.07476380819358718,0.7186159630157255,-0.22490176595482486,0.4565569947954025,-0.13643640549190206,0.7566172272305555,0.25230733184350945,0.08517006727191481,0.2347638901775222,0.8667466566834654,0.5431920445839681,0.6362362157736694,0.3378696013437188,1.276611632256331,1.0,0.0,0.0
0.5054993503940358,-0.23810640522145085,-1.039852705152654,-0.3294691270760024,0.07121419453308983,0.09052848082613564,0.3432507004764103,-0.13643640549190206,-0.10205873154035539,-0.008348218027822839,0.961569262773389,-1.0984420387519813,0.6045900728595799,-0.858089978575214,-0.4215417761697597,0.17986803057632417,-0.08243623198927547,1.0,0.0,0.0
-0.06893172959918674,-0.38908270837722453,0.21242166308878624,-0.2514981110915896,0.7186159630157255,-0.8557622595167458,1.0230884663903634,0.270836446722731,-0.7205964984516049,0.6722523844139897,-0.9071166251553732,0.6620734827831323,-1.2590012947580373,-0.22062151722001236,0.6074922486012936,-0.5431088538441772,-0.33428775927954546,1.0,0.0,0.0
1.7620673378792093,0.6845265585082763,1.0367035257287223,1.0636130251788396,-1.2235893424321813,-1.4866227530786669,0.4688063239109694,1.085382151151997,1.3023858450934227,0.42607769842439835,0.7515231745953496,1.4882053618206452,0.8097560949826209,0.6867660223666711,0.0843520460640545,1.5970942410959834,1.2433482229915782,0.0,1.0,0.0
-0.6074608670928326,-1.2110648033364357,-0.43220902436039393,-0.6621454619428302,0.07121419453308983,0.09052848082613564,0.37693635554421906,0.678109298937364,-0.21848937001776766,-0.21108031237219252,-0.4942674173571587,-1.0300725039350835,-1.3558852496494733,-0.21487855810870415,-0.36980263525948337,-0.6101398232606479,-0.5623797085235632,1.0,0.0,0.0
-0.39204921209537413,-0.4953252920794351,-0.7492405099911383,-0.5789763782261232,-1.2235893424321813,-0.8557622595167458,0.033955140308351,0.270836446722731,1.3678780792369662,0.19438387631654683,-0.28422132917911913,-0.11278124514170705,1.106107015827012,-0.9442343652448357,0.28555981627068505,-0.011649024899305407,-0.13470730369102965,1.0,0.0,0.0
-1.3434506883341488,-0.6574850250985995,-1.1878007317803352,-0.043575401799822173,1.366017731498361,1.036819221169017,-0.7745005813190523,-1.358254962135801,-1.0553345840741641,-0.43553370253917406,-0.7260424112087872,-0.4717213029304198,-0.7289890709401831,-0.49054059545149425,-0.8756964574932972,-0.8208085842838403,-0.4578375651200552,1.0,0.0,0.0
-1.469107487082666,-1.0768636449757483,-1.0768397118095745,-0.27748844975306053,0.07121419453308983,0.4059587276070961,-0.8908692079169359,-0.950982109921168,0.04347956655640921,0.10025826108523246,-0.4001088261049334,-0.9275182017097372,-0.15338439776165277,-0.2435933536652448,-0.9676771524448997,-0.3468038719816572,-0.7572082485028285,1.0,0.0,0.0
-1.2357448608354196,-0.366715848650443,-1.3991550555341647,-0.8544739680377151,0.07121419453308983,-0.22490176595482486,-2.2382954106292745,-1.358254962135801,-1.0917191585983552,-0.7106701162922473,-0.660855694188017,-1.1782064960383618,-0.39274475690520017,-0.6685723279020461,0.0843520460640545,-0.8591119953789661,-0.7714639953305795,0.0,1.0,0.0
0.23623478164721282,0.2595562236994326,-0.04648738350965499,-1.0571986095971884,-0.5761875739495458,-0.22490176595482486,-0.22328077111855016,0.270836446722731,0.22540243917736494,-0.19659944849045263,-0.6970705369773342,0.012562902022605009,-0.2616664649932574,0.15841378412632373,-0.35255625495605764,0.9219966205443888,0.07437698311598671,1.0,0.0,0.0
-0.26639241334685687,-1.2390233779949122,-0.7809436585542129,-0.8700681712345977,0.7186159630157255,1.9831099615118986,-0.8051239041079691,-0.950982109921168,0.09441797089027598,-0.4789762941843958,-0.3566510147577533,-0.6768299073811127,-0.9512522615734769,-0.8121463056847491,-0.8182085231485455,-0.07389206792888488,-0.9330291260450924,1.0,0.0,0.0
0.16443089664805996,1.3499406353800192,1.9613786921517269,2.810163783229686,-1.2235893424321813,-0.22490176595482486,1.4058800012518233,1.4926550033666302,-0.16755096568389985,0.6577715205322499,1.6496512757704138,0.8728795484685667,1.7728965877268936,0.7384526543684437,1.4640624703380924,1.4582443758761516,1.1055426703233178,0.0,1.0,0.0
-0.4279511545949507,-0.5400590115329974,-0.8390660975865162,-1.0571986095971884,0.07121419453308983,-0.8557622595167458,-0.756126587645702,-0.950982109921168,-0.9607346903112668,-0.5441401816522293,-0.34216507764202625,-0.8078715157801664,-0.478230599456467,-1.093551302138847,-0.9044404246656729,-1.5102699839961067,-0.8094793202045828,1.0,0.0,0.0
-0.5356569820936798,-0.6798518848253807,-0.26312556535733045,0.22152605254718138,0.7186159630157255,1.036819221169017,-0.2814650844174918,-0.5437092577065351,-0.545950540735488,-0.6310253649426738,-0.6970705369773342,0.38289788228080085,0.6216872413698331,-0.5824279412324243,-1.0998994014378283,-0.22231778592249787,0.055369320678985284,0.0,1.0,0.0
-0.4279511545949507,-0.3107986993334898,-1.3410326165018616,-0.2826865174853546,-0.5761875739495458,-0.22490176595482486,-1.1603544484594035,-0.950982109921168,-0.8515809667386939,-0.3124463595443779,-1.1751064617963194,-0.6369476787379222,-0.47253154328638247,-0.17467784432954755,0.2970574031396355,-0.07867999431577569,-0.08243623198927547,1.0,0.0,0.0
2.0672338491256093,1.3946743548335816,1.665482638896365,1.6042120693374349,-1.870991110914817,-1.1711925062977062,1.013901469553688,1.4926550033666302,1.4260933984756727,1.1428804605705627,1.0267559797941592,1.3001891410741768,1.3568654873107284,0.9107414277076873,0.9869126152766545,1.4917598605843871,1.1293022483695696,1.0,0.0,0.0
0.5593522641434002,0.3434319476748623,-0.0253519511342721,-0.37625173666665,-1.2235893424321813,-0.8557622595167458,0.10132645044396801,0.270836446722731,0.7638941421353933,0.23782646796176854,1.0122700426784332,0.4170826496892493,-0.03940327435996362,-0.3182518221122506,-0.10535813727362597,-0.31807631366031264,0.2834612699230031,0.0,0.0,1.0
0.6850090628919174,0.5391419702841984,1.0314196676348761,-0.1631309596425883,-1.870991110914817,-0.8557622595167458,1.0996467733626554,1.4926550033666302,0.7638941421353933,0.5708863372418054,1.2005872251828817,1.0950805366234844,0.7128721400911849,1.6802979486229759,0.9696662349732285,0.6155693317833816,1.0770311766678151,0.0,0.0,1.0
-1.917881768327371,-2.424466943514319,-1.9962310201387332,-1.5042324345744884,1.366017731498361,1.6676797147309381,-0.9827391762836863,-1.358254962135801,-1.2372574566951198,-1.5433197894923378,-0.9505744365025538,-1.7308602358082843,-1.925790866657919,-1.0074069154692251,-1.1803825095204803,-1.7161508186324084,-1.3797091933146275,0.0,1.0,0.0
-1.020333205837961,-0.1821892559044977,0.5717240134702964,-0.03317926633523366,-1.2235893424321813,-0.8557622595167458,-0.2477794293496835,0.270836446722731,0.2399562689870406,0.2305860360208986,0.6790934890167153,0.1891842002995906,0.18285991627333054,-0.6915441643472785,1.050149343055881,-0.09783169986333858,-0.020661329069020754,1.0,0.0,0.0
0.3080386666463657,0.7739939974154018,0.503033858250302,0.7205405548474233,-1.870991110914817,-1.8020529998596273,0.5545516277199363,1.085382151151997,0.7202326527063644,0.8315418871131377,0.9470833256576621,0.9640389282244299,0.3538316013758643,0.38238918946733996,-0.04212140949439915,1.3146065842694294,0.36424383528025955,1.0,0.0,0.0
-0.14073561459833928,-0.12068039165584875,0.3180988249657011,-0.4542227526510628,0.07121419453308983,-0.22490176595482486,0.5178036403732361,0.270836446722731,-0.6187196897838703,0.013373077794788014,0.0779270987140518,-0.534393376512576,0.18285991627333054,0.1067271521245503,0.3545453374843871,-0.7777172468018237,0.17891912651949504,0.0,1.0,0.0
0.3259896378961538,0.5111833956257218,0.13316379168110012,0.42425069410665456,-1.2235893424321813,-0.5403320127357853,-0.5111400053343677,-0.13643640549190206,1.5206932922385696,1.7510767436036727,1.2440450365300617,1.4540205944121967,0.9522324992347323,1.042829487267774,1.2226131460901357,1.151817087115144,0.2739574387045025,1.0,0.0,0.0
-0.643362809592409,-0.7525441789374196,-0.6911180709588352,-0.6621454619428302,2.0134194999809965,1.3522494679499775,0.29731571629303516,-0.5437092577065351,-0.33492000849517894,-1.0799321452766353,-0.8346869395767386,0.08662989807424433,-0.43833720626587563,-1.2428682390328583,-0.6399959266798155,-1.1128720938841754,-0.685929514364073,1.0,0.0,0.0
1.2055872291357757,1.3946743548335816,1.3061802885148548,1.4326758341717265,0.07121419453308983,-0.22490176595482486,2.1163410899546924,1.4926550033666302,1.4042626537611573,1.1283995966888227,0.33867396679713446,0.8614846259990837,1.9552663851695966,1.743470498847365,1.5560431652896947,0.8597535775148093,0.2787093543137526,1.0,0.0,0.0
1.8338712228783625,1.3946743548335816,1.0261358095410307,1.1103956347694872,-1.870991110914817,-1.8020529998596273,1.0812727796893047,1.4926550033666302,1.4770318028095395,1.0270335495166374,1.743809867022638,2.069346407764275,1.9837616660200188,2.0995339637484687,2.0849321612614093,1.309818657882539,1.5854861468576051,1.0,0.0,0.0
-0.7869705795907147,-0.42822471289909114,-0.7650920842726758,-0.07476380819358718,0.7186159630157255,0.7213889743880566,-1.4910863345797047,-1.358254962135801,-0.6405504344983848,-0.16039728878610088,0.33143099823927147,-0.13557109008067325,-0.08499572372063913,-0.19764968077477996,-1.0711554342654523,-0.6771707926771181,-0.7714639953305795,0.0,0.0,1.0
-0.41000018334516225,-0.7357690341423339,-0.6435633481142236,-0.8960585098960686,0.7186159630157255,1.036819221169017,-0.008917511596132674,-0.5437092577065351,-0.5532274556403258,-1.0944130091583757,-1.1026767762176852,-0.7508969034327516,0.4336183877570462,0.12969898856978312,0.2970574031396355,0.03144231258271152,-0.09669197881702679,1.0,0.0,0.0
1.4389498553830222,1.3946743548335816,1.4858314637056103,0.632173403398422,-1.2235893424321813,-0.5403320127357853,0.7260422353378702,1.4926550033666302,0.3200023329402617,1.0415144133983782,1.671380181444004,1.4483231331774546,1.8241880932576542,1.4620655023932674,0.5212603470841662,1.3720617009121185,1.5522227375928526,0.0,1.0,0.0
0.7209110053914943,1.042396314136777,1.2216385590133232,1.302724140864372,-1.870991110914817,-1.1711925062977062,0.585174950508853,1.4926550033666302,0.3418330776547762,1.099437868925341,1.743809867022638,1.4198358270037474,1.8697805426183296,1.5769246846194298,0.8316951925458251,0.9315724733181704,1.2005809825083253,1.0,0.0,0.0
0.1823818678978481,-0.1989644006995835,0.02748662980418531,-0.3138749238791198,0.7186159630157255,0.09052848082613564,-0.21103144200298327,-0.5437092577065351,-0.86613479654837,-0.34864851924872964,-0.5232392915886117,-1.240878569620518,-0.7118919024299295,0.1526708250150151,-0.7032326544590424,-0.23189363869627916,-0.31052818123329357,1.0,0.0,0.0
-0.5356569820936798,-0.02002952288533322,0.3392342573410843,-0.048773469532116254,0.07121419453308983,0.09052848082613564,0.07070312765505123,-0.13643640549190206,-0.1238894762548709,-0.746872275996599,-0.9071166251553732,-0.26661269847972685,-0.37564758839494655,0.03781164278885269,0.4005356849601882,-0.054740362381321996,-0.15371496612803107,1.0,0.0,0.0
-0.35614726959579784,-0.13745553645093533,-0.7175373614280639,0.0655840205783558,0.07121419453308983,-0.5403320127357853,-1.034798825024845,-0.5437092577065351,-0.6842119239274137,-0.6455062288244137,-0.24076351783193903,-0.8534512056580978,-0.9569513177435613,-0.7260019190151273,-0.5020248842524119,-0.35159179836854765,-0.419822240246052,1.0,0.0,0.0
-0.9305783495890201,-1.4403251155359438,-1.2829101774695584,-1.5094305023067827,1.366017731498361,1.036819221169017,-2.06680480301134,-2.172800666565067,-1.826687563987016,-0.3920911108939513,-1.5517408268052173,-0.8933334343012883,-1.0937286658255883,-1.0246357928031493,-1.3528463125547352,-0.6292915288082107,-1.897667994722918,0.0,0.0,1.0
-0.8049215508405028,-1.1775145137462637,-1.6844833926018348,-1.4314594863223697,0.07121419453308983,1.036819221169017,-1.7207612554965805,-1.358254962135801,-1.3318573504580167,-0.6889488204696365,-1.2258072417013635,-1.240878569620518,-0.8087758573213654,-1.231382320810242,-0.283570733742356,-0.6867466454508994,-1.042323185057851,0.0,1.0,0.0
-0.4997550395941032,-0.562425871259779,-0.10989368063580365,-1.161159964243072,0.07121419453308983,0.7213889743880566,-0.2967767458119502,-0.13643640549190206,-1.2008728821709287,-1.2537025118575238,-0.6898275684194701,-1.0870471162824982,-1.0025437671042368,-0.7719455919055921,-1.163136129217055,-0.8208085842838403,-1.0850904255411042,0.0,0.0,1.0
-0.643362809592409,-1.362041106492209,-0.8654853880557448,-0.511401497706299,0.7186159630157255,0.7213889743880566,-0.4468310274776426,-0.950982109921168,-0.931627030691914,-0.8699596189913953,-1.6603853551731687,-0.16975585748912173,-0.33005513903427103,-0.5709420230098079,-1.3470975191202603,-1.1655392841399734,-1.2894227967388703,0.0,0.0,1.0
-0.463853097094527,-0.5232838667379117,-1.145529867029569,-0.5633821750292408,0.07121419453308983,0.4059587276070961,0.14113677006955974,-0.13643640549190206,1.1714013768063347,0.8605036148766195,-0.9360884993868268,0.09802482054372744,-0.677697565409423,-0.7489737554603597,-0.3238122877836818,0.08410950283850938,0.012602080195731995,0.0,1.0,0.0
0.3080386666463657,0.11976335040704968,0.22827323737032332,-0.03317926633523366,-0.5761875739495458,-0.8557622595167458,0.08907712132840112,0.270836446722731,0.7566172272305555,0.006132645853918073,0.15035678429268598,-0.37486446193981465,0.8610476005133805,0.0780123565680097,0.7454632910286977,0.184655956963215,0.23594211383049932,0.0,0.0,1.0
0.6670580916421296,1.3946743548335816,1.1899354104502484,0.4294487618389488,-0.5761875739495458,-0.5403320127357853,1.2711373809805893,1.4926550033666302,1.7608314840982309,0.8894653426401004,1.265773942203653,0.8557871647643426,1.7273041383662182,1.4620655023932674,1.3605841885175398,1.5635787563877481,1.5522227375928526,1.0,0.0,0.0
-0.9485293208388084,-0.9258873418199746,-0.8866208204311278,-0.3502613980051791,-0.5761875739495458,0.09052848082613564,-0.8602458851280191,-0.13643640549190206,-0.24759702963711996,-1.3261068312662272,-0.7332853797666513,-1.280760798263708,-1.0367381041247437,-1.2026675252537011,-0.12835331101152653,-1.33790463406804,-0.9330291260450924,1.0,0.0,0.0
0.7568129478910707,0.6342011241230189,1.5228184703625298,0.6165792002015396,-1.2235893424321813,-0.8557622595167458,1.7488612164876909,1.4926550033666302,0.2181255242725261,0.476760722010491,1.743809867022638,0.981131311928655,0.7356683647715223,0.9681710188207685,1.1478788314419588,0.8693294302885909,1.1197984171510689,1.0,0.0,0.0
-0.41000018334516225,-0.4002661382406146,-0.7016857871465267,-0.8024932907147733,0.07121419453308983,0.09052848082613564,-0.3610857236686757,-0.5437092577065351,-0.9534577754064284,-0.5875827732974511,-0.19006273792689488,-0.1298736288459317,-0.07359761138047045,0.08949827479062611,-0.5940055792040144,-0.638867381581992,-0.3627992529350477,1.0,0.0,0.0
-0.21253949959749213,-0.3331655590602714,-0.5695893348003833,-0.2099135692332361,-0.5761875739495458,-0.22490176595482486,-0.6244462996533598,-0.13643640549190206,-0.7424272431661204,-0.8409978912279135,0.2372724069870472,-0.5229984540430929,0.5532985673288203,-0.14022008966169874,-0.12260451757705129,-0.9931739342119068,-0.06342856955227404,1.0,0.0,0.0
-0.5177060108438917,0.15890535492891705,-0.07819053207272951,-0.3190729916114139,-0.5761875739495458,-0.5403320127357853,-0.5601373217966348,-0.5437092577065351,1.3096627599982604,-0.12419512908174911,-0.04520336676962652,-0.010226942916360783,0.5646966796689885,0.6408223494762054,0.1303423935398556,0.9076328413837167,0.39750724454501196,1.0,0.0,0.0
-1.4152545733333015,-0.9091121970248888,-0.4216413081727027,-1.5614111796297245,2.0134194999809965,1.6676797147309381,0.1319497732328848,-0.5437092577065351,-1.3609650100773694,-1.5143580617288566,-0.5956689771672459,-0.9901902752918934,-1.0538352726349969,-0.47905467722887785,-1.4390782140718625,-1.7736059352750975,-1.3797091933146275,0.0,1.0,0.0
0.29008769539657725,-0.14304725138263033,-0.1785838358557985,-0.9532372549513045,-0.5761875739495458,-0.5403320127357853,-0.4682673534298844,-0.13643640549190206,-0.45135064697259125,0.6143289288870271,-0.03796039821176248,0.17209181659536635,0.26264670265451245,0.4857624534708868,2.0849321612614093,0.28520241108792055,0.7824124088942925,1.0,0.0,0.0
0.1285289541484837,0.8019525720738784,1.0684066742917964,0.8816806545485432,1.366017731498361,1.036819221169017,0.9894028113225543,0.270836446722731,-0.16755096568389985,-0.13867599296348898,0.12138491006123191,1.0381059242760697,0.8667466566834654,0.16415674323763152,0.5212603470841662,0.1655042514156521,-0.7096890924103249,1.0,0.0,0.0
-0.21253949959749213,0.6845265585082763,0.5717240134702964,0.21112991708259288,0.07121419453308983,0.7213889743880566,-0.39170904645759247,-0.13643640549190206,0.23267935408220275,0.25230733184350945,0.29521615544995433,0.37150295981131776,0.18285991627333054,-0.07130458032600114,0.7512120844631726,0.47671946656355013,0.711133674755537,1.0,0.0,0.0
0.8286168328902231,0.8746448661859173,-0.3053964301080962,1.2975260731320781,0.07121419453308983,-0.8557622595167458,0.21463274476296018,0.270836446722731,0.349109992559614,0.925667502344452,0.7804950488268037,0.9925262343981373,0.15436463542290826,0.4915054125821946,-0.12260451757705129,0.045806091743383605,-0.0539247383337735,1.0,0.0,0.0
1.636410539130692,1.3946743548335816,1.1635161199810196,1.3131202763289604,-1.2235893424321813,-1.1711925062977062,1.2741997132594807,1.4926550033666302,1.7608314840982309,1.7510767436036727,1.3092317535508329,1.6078520477502165,2.069247508571286,2.0995339637484687,2.0849321612614093,2.334434904677157,1.9561355643791343,0.0,1.0,0.0
-0.15868658584812773,-0.635118165371818,-0.9553109756511222,-1.3015077930150152,2.0134194999809965,0.7213889743880566,-0.4866413471032343,-0.950982109921168,-1.098996073503193,-0.7758340037600808,-1.9428611289298419,-1.3947100229585374,-0.6093088913684094,-0.07704753943730933,-0.18009245192180287,-0.5526847066179589,-0.6003950333975664,1.0,0.0,0.0
-0.35614726959579784,-1.093638789770834,-0.7756598004603671,-0.989623729077364,0.07121419453308983,0.4059587276070961,-0.7928745749924021,-0.950982109921168,-0.1238894762548709,-0.8844404828731356,-0.653612725630153,-1.0927445775172397,-0.06219949904030137,-0.5479701865645754,0.2798110228362094,-0.3468038719816572,-1.1611210752891103,0.0,0.0,1.0
-1.020333205837961,-0.9818044911369277,-2.022650310607962,-1.2755174543535444,0.07121419453308983,1.6676797147309381,-0.3518987268320003,-0.950982109921168,-0.9752885201209435,-1.1016534410992462,-0.33492210908416326,-0.12417616761119014,-1.0823305534854193,-1.4898154808191073,0.17058394758118187,-0.054740362381321996,-0.9948040289653473,0.0,1.0,0.0
0.34394060914594193,-0.1877809708361927,0.9310263638518075,-0.12154641778423497,0.07121419453308983,-0.22490176595482486,-0.39783371101537546,-0.13643640549190206,-0.6332735195935469,-0.13867599296348898,-0.4580525745678416,0.2005791227690737,-0.6947947339196763,-1.3749562985929449,-1.2896095847755087,-0.5622605593917405,-0.9425329572635931,1.0,0.0,0.0
-1.3254997170843605,-0.35553241878705216,-0.4903314633926972,-0.35545946573747333,0.7186159630157255,0.7213889743880566,-1.8646908726044895,-1.358254962135801,-0.21848937001776766,-0.7323914121148581,0.09241303582977885,-1.0357699651698251,0.0004901188306277408,-0.3297377403348666,-1.197628889823906,-0.7058983509984627,-0.7809678265490805,1.0,0.0,0.0
1.45690082663281,0.9249703005711747,1.184651552356403,0.6737579452567757,-1.870991110914817,-0.8557622595167458,0.24831839983076848,1.4926550033666302,0.6038020142289521,0.7518971357635642,1.2223161308564716,0.7760227074779616,0.6786778030706777,0.7499385725910601,0.5327579339531167,0.6682365220391797,0.730141337192538,0.0,1.0,0.0
1.7082144241298454,1.3946743548335816,1.8874046788378862,0.9492555350683675,-1.2235893424321813,-1.8020529998596273,1.173142748056055,1.4926550033666302,0.8512171209934523,0.7012141121774715,0.8384387972897107,0.6677709440178743,1.1289032405073502,1.4218647886141105,0.7742072582010735,1.4055771856203538,1.8658491678033775,0.0,1.0,0.0
-0.9844312633383848,-0.7805027535958963,0.19128623071340373,-1.1143773546524245,1.366017731498361,0.4059587276070961,-0.7928745749924021,-0.950982109921168,-0.21121245511292883,-1.0002873939270613,-1.9138892546983883,-1.4402897128364693,-0.5010268241368048,-0.5537131456758837,-0.47328091708003606,-0.41383484139812743,0.05061740506973485,0.0,1.0,0.0
-0.10483367209876301,-1.2725736675850843,-0.7122535033342184,-1.6497783310787255,0.7186159630157255,0.09052848082613564,-0.7163162680201102,-0.950982109921168,-1.2881958610289872,-0.594823205238322,-0.9288455308289633,-0.5286959152778344,-1.3045937441187134,-0.9270054879109115,-1.128643368610204,-0.9931739342119068,-1.650568383041899,0.0,1.0,0.0
0.1823818678978481,0.6733431286448854,0.9046070733825787,0.377468084516007,-0.5761875739495458,-1.1711925062977062,0.14419910234845124,0.270836446722731,0.13080254541446715,-0.4138124067165632,0.939840357099799,0.4341750333934736,0.1429665230827392,0.30773072102033455,1.2858498738693622,0.5389625095931296,0.5638242908687751,1.0,0.0,0.0
-0.4459021258447388,-0.8587867626396306,-0.4691960310173143,-0.7297203424626547,0.07121419453308983,-1.4866227530786669,-0.7071292711834353,-0.13643640549190206,-0.21848937001776766,0.035094373617398866,-0.7767431911138314,-0.5970654500947319,-0.5466192734974803,-0.9901780381353006,0.26831343596725976,-0.7633534676411513,-0.29152051879629215,1.0,0.0,0.0
0.5952542066429768,0.6006508345328465,0.5558724391887594,0.2371202557440638,0.07121419453308983,0.09052848082613564,0.1319497732328848,0.678109298937364,1.6880623350498487,0.17990301243480591,0.4980192750701299,-0.15836093501963902,0.5020070617980599,0.4915054125821946,0.48101879304283995,0.7400554178425408,0.715885590364787,1.0,0.0,0.0
0.0028721553999661144,-0.003254378090247433,-0.2419901329819472,0.4970236423587731,-0.5761875739495458,1.036819221169017,-0.25390409390746693,-0.13643640549190206,0.47281754594186415,0.027853941676528927,0.3531599039128615,0.8386947810601183,0.6729787469005936,-0.16319192610693115,0.9869126152766545,0.42405227630775194,-0.14896305051878095,0.0,0.0,1.0
-1.020333205837961,-1.831745160754616,-1.9011215744495098,-1.2183387092983082,2.660821268463632,1.9831099615118986,-0.4682673534298844,-1.358254962135801,-1.1062729884080313,-2.1515160725254474,-1.9718330031612954,-1.708070390869318,-0.7745815203008586,-1.6448753768244269,-0.8067109362795951,-1.2277823271695532,-1.626808804995647,0.0,1.0,0.0
1.7082144241298454,1.3946743548335816,0.9363102219456529,1.0376226865173688,0.07121419453308983,-1.4866227530786669,1.102709105641547,1.085382151151997,1.6007393561917898,1.2804486674470998,1.6424083072125497,1.556574896637543,0.92373721838431,1.1921464241617856,1.119134864269583,1.4055771856203538,1.096038839104817,1.0,0.0,0.0
0.5593522641434002,1.3946743548335816,0.814781485787201,0.42425069410665456,-1.2235893424321813,-1.4866227530786669,0.6188606055766613,1.4926550033666302,0.8876016955176435,1.3094103952105816,1.743809867022638,0.8785770097033079,1.5905267902841909,1.4620655023932674,0.6304874223391945,1.1996963509840515,1.457184425407845,1.0,0.0,0.0
0.038774097899542705,-0.6518933101669042,-0.4427767405480856,-0.8700681712345977,0.7186159630157255,0.4059587276070961,0.3003780485719271,-0.13643640549190206,-0.5241197960209735,-0.6237849330018028,-0.6970705369773342,-0.7395019809632686,-0.34715230754452425,-0.22062151722001236,-0.760720588803794,-0.9452946703429994,-1.132609581633608,1.0,0.0,0.0
-1.3434506883341488,-0.9426624866150604,-1.6052255211941486,-1.3430923348733685,0.7186159630157255,0.09052848082613564,-0.32433773632197543,-0.950982109921168,-0.41496607244840006,0.4550394261878791,-1.059218964870505,-0.31788984959239996,0.2398504779741751,-0.49628355456280243,-0.7549717953693187,-0.26540912340451445,-0.5053567212125589,1.0,0.0,0.0
0.7029600341417059,0.5391419702841984,0.3445181154349298,-0.05916960499670459,0.7186159630157255,0.4059587276070961,0.22688207387852666,-0.13643640549190206,0.37821765217896736,0.2957499234887322,0.14311381573482299,0.31452834746390307,0.49060894945789074,0.6523082676988219,0.25681584909830923,1.0895740440855646,-0.3913107465905497,0.0,1.0,0.0
0.8106658616404353,1.1318637530439015,0.5875755877518343,0.0655840205783558,-0.5761875739495458,-0.22490176595482486,-0.6765059483945185,-0.13643640549190206,0.29817158822574724,-0.22556117625393343,-1.066461933428368,0.2803435800554538,0.3424334890356952,0.9337132641529201,0.2510670556638336,0.0697457236778373,0.15040763286399275,0.0,1.0,0.0
-0.10483367209876301,0.5838756897377607,0.6721173172533659,0.2994970685315942,-0.5761875739495458,-1.1711925062977062,0.5698632891143947,0.678109298937364,0.7347864825160411,0.10025826108523246,0.7008223946903054,0.73044301760003,0.8097560949826209,0.9164843868189959,0.5327579339531167,0.6826003011998518,0.06012123628823573,0.0,0.0,1.0
1.4748517978825986,1.3946743548335816,1.1635161199810196,1.3651009536519023,-1.870991110914817,-0.8557622595167458,0.48105565302653586,1.4926550033666302,1.5134163773337308,1.7510767436036727,1.743809867022638,1.220424683787796,2.0464512838909474,2.007646617967539,1.9929514663098074,1.5923063147090923,1.8991125770681303,1.0,0.0,0.0
-0.8587744645898674,-0.9035204820931934,0.5928594458456797,-0.16832902737488256,0.7186159630157255,1.6676797147309381,0.05539146626059283,-0.5437092577065351,-0.18210479549357653,0.5419246094783235,0.7515231745953496,-0.16975585748912173,-0.6833966215795072,-0.09427641677123394,-0.8182085231485455,-0.6628070135164457,-0.5196124680403099,1.0,0.0,0.0
-0.9305783495890201,-0.8420116178445448,-0.0993259644481124,-0.4386285494541802,1.366017731498361,1.9831099615118986,-0.05791482805839935,-0.5437092577065351,-1.4701187336499428,-0.5875827732974511,-0.8709017823660561,-0.7736867483717175,-0.7346881271102677,-0.4158821270044884,-0.6457447201142907,-1.1463875785924105,-0.7382005860658272,0.0,1.0,0.0
-1.5050094295822427,-1.960354604183608,-2.47177824858485,-1.6497783310787255,0.07121419453308983,2.613970455073819,-3.0651251259300274,-2.172800666565067,-1.4482879889354283,-0.8554787551096543,-1.030247090639051,-1.2465760308552596,-0.6890956777495917,-1.3117837483685555,-1.5713004630647913,-2.2380347948034993,-0.9900521133560968,0.0,1.0,0.0
-0.3381962983460097,-1.2725736675850843,-0.9817302661203509,-1.3586865380702513,0.07121419453308983,0.09052848082613564,-1.1481051193438367,-0.950982109921168,0.1162487156047915,-0.3414080873078597,-1.2040783360277734,-0.7281070584937859,-0.8600673628521254,-0.301022944778326,-0.6802374807211419,-0.30371253449964025,-0.18222645978353336,0.0,1.0,0.0
0.5773032353931886,-0.17100582604110692,-0.395222017703474,0.3150912717284766,-0.5761875739495458,1.6676797147309381,-0.19265744832963339,-0.13643640549190206,0.10169488579511483,0.7374162718818233,-0.2987072662948462,-0.70531721355482,-0.06789855521038592,0.16989970234894014,0.3085549900085852,-1.0075377133725791,-1.0850904255411042,0.0,1.0,0.0
2.264694532873279,1.3946743548335816,0.9574456543210361,0.8764825868162489,-1.870991110914817,-1.4866227530786669,0.8607848556091041,1.4926550033666302,1.4988625475240551,0.3681542428974357,0.6066638034380811,0.9412490832854645,1.4309532175218262,1.3988929521688775,0.9869126152766545,1.4965477869712775,1.2956192946933327,1.0,0.0,0.0
-0.8767254358396555,-0.28284012467501324,-1.0821235699034202,-1.628986060149549,0.7186159630157255,0.09052848082613564,-0.8939315401958274,-0.950982109921168,0.5965250993241142,-0.12419512908174911,-0.631883819956563,-1.5770287824702645,-1.6237408896434427,-0.14596304877300695,-0.7032326544590424,-1.0697807564021586,-0.700185261191824,1.0,0.0,0.0
-0.01507881584982202,0.28192308342621336,0.30224725068416397,0.3722700167837127,-0.5761875739495458,-0.22490176595482486,-0.814310900944644,-0.13643640549190206,-0.6551042643080615,0.7084545441183415,-0.052446335327489525,0.47975472327140517,0.11447124223231689,0.16415674323763152,0.049859285457203056,-0.24625741785695157,0.2977170167507544,1.0,0.0,0.0
-1.020333205837961,-0.8699701925030214,-0.8232145233049787,-0.8648701035023036,0.07121419453308983,0.09052848082613564,0.08907712132840112,-0.13643640549190206,-0.7205964984516049,-0.8482383231687844,0.09241303582977885,0.2689486575859715,0.028985399681050027,-0.14596304877300695,-0.35255625495605764,0.390536791599517,-0.7334486704565767,1.0,0.0,0.0
0.5234503216438239,1.0535797440001675,1.4435605989548437,1.4066854955102557,-1.870991110914817,-0.8557622595167458,0.2850663871774687,1.085382151151997,1.7608314840982309,0.4622798581287501,0.6066638034380811,1.3742561371258157,0.7527655332817763,0.7901392863702171,1.406574535993341,1.0943619704724559,0.6636145186630329,1.0,0.0,0.0
2.677566871618408,1.3946743548335816,1.8081468074302,1.0064342801236035,-1.870991110914817,-2.117483246640588,0.19013408653182642,1.4926550033666302,1.7608314840982309,1.6424702644906175,1.743809867022638,2.069346407764275,1.6817116890055428,2.0995339637484687,1.8952219779237294,1.927461161791444,2.360048391165416,1.0,0.0,0.0
0.29008769539657725,-0.30520698440179483,-0.10460982254195822,0.2527144589409466,0.7186159630157255,0.09052848082613564,-1.3900293693762795,-1.358254962135801,-0.6623811792128993,-0.9423639384000988,-0.7187994426509242,-1.5542389375312986,-0.9797475424238992,-0.11150529410515814,-0.8412036968864461,-0.8543240689920752,-0.5623797085235632,0.0,1.0,0.0
-1.2177938895856313,-1.4347334006042485,-1.5312515078803082,-0.7609087488564197,0.07121419453308983,1.3522494679499775,-0.6765059483945185,-0.950982109921168,-1.186319052361252,-0.76135313987834,-0.6825845998616071,-1.0072826589961177,-0.19327779095224415,-0.12299121232777455,-0.8756964574932972,-0.8830516273134198,-0.4150703246368016,1.0,0.0,0.0
0.5054993503940358,0.6565679838497998,1.0102842352594936,0.268308662137829,-0.5761875739495458,-0.5403320127357853,0.873034184724671,1.085382151151997,1.113186057567628,0.9908313898122857,0.8891395771947549,0.9355516220507226,1.7557994192166404,1.037086528156466,1.3605841885175398,0.8597535775148093,1.067527345449315,1.0,0.0,0.0
0.48754837914424765,0.6677514137131905,0.4501952773118446,-0.18392323057176516,-0.5761875739495458,-0.5403320127357853,-0.183470451492958,-0.5437092577065351,0.8512171209934523,1.0342739814575073,0.548720054975174,0.5880064867314934,1.1573985213577724,0.8188540819267577,0.30280619657411034,0.5964176262358186,0.6826221811000344,0.0,0.0,1.0
1.7082144241298454,1.3946743548335816,1.184651552356403,2.253970535874208,-1.870991110914817,-1.1711925062977062,1.1394570929882466,1.4926550033666302,0.9167093551369967,1.7510767436036727,1.743809867022638,1.4882053618206452,0.9750287239150697,2.0995339637484687,1.808990076406602,2.3679503893853924,1.7375474463536174,1.0,0.0,0.0
-0.01507881584982202,-0.37230756358213796,-0.41635745007885683,-0.3138749238791198,-1.2235893424321813,0.4059587276070961,-0.024229172990591064,0.270836446722731,0.3709407372741295,-0.037309945791304665,0.36764584102858855,0.6050988704357176,0.8268532634928741,0.38238918946733996,1.3433378082141136,-0.2989246081127498,0.48304172551151886,1.0,0.0,0.0
-0.19458852834770402,-0.41144956810400535,0.566440155376451,-0.37105366893435576,1.366017731498361,-0.22490176595482486,0.7842265486368122,0.270836446722731,-0.5677812854500025,-0.8627191870505247,-0.5811830400515189,-0.42044415181774664,-0.7289890709401831,-0.9270054879109115,-0.46178333021108553,-0.4808658108145977,-0.18222645978353336,0.0,1.0,0.0
0.16443089664805996,0.5950591196011515,0.5505885810949139,-0.5529860395646523,-0.5761875739495458,-0.22490176595482486,0.07070312765505123,0.270836446722731,0.6038020142289521,1.215284779979266,0.33867396679713446,0.4968471069756302,0.1771608601032456,1.060058364601699,0.9524198546698031,0.32350582218304635,-0.3818069153720492,1.0,0.0,0.0
0.8824697466395879,1.3946743548335816,1.4963991798933012,1.0792072283757221,-0.5761875739495458,-1.1711925062977062,0.9159068366291547,1.085382151151997,0.2617870137015561,1.2804486674470998,0.48353333795440284,0.6221912541399418,0.7014740277510159,0.6925089814779789,1.6882654142826232,1.3002428051087576,1.5474708219836024,1.0,0.0,0.0
0.9183716891391641,1.1877809023608548,0.7619429048487436,0.6269753356661277,0.07121419453308983,-0.5403320127357853,1.1486440898249222,1.085382151151997,1.3897088239514817,0.7012141121774715,0.4400755266072227,1.1007779978582255,0.9750287239150697,0.35367439391079936,1.124883657704058,0.7975105344852298,-0.14896305051878095,1.0,0.0,0.0
0.3618915803957301,0.7460354227569252,-0.28954485582655914,0.3878642199805955,2.0134194999809965,1.036819221169017,0.3524376973130857,-0.5437092577065351,0.9167093551369967,0.6577715205322499,1.5482497159603255,0.17209181659536635,0.8040570388125359,-0.444596922561029,0.3602941309188619,0.5916296998489279,-0.020661329069020754,1.0,0.0,0.0
0.613205177892765,0.7348519928935344,0.7725106210364352,0.21112991708259288,-1.870991110914817,-1.8020529998596273,0.6402969315289037,1.4926550033666302,0.6620173334676587,0.8532631829357485,0.33143099823927147,0.2689486575859715,0.8325523196629582,1.1576886694939363,1.1766227986143345,1.0321189274428757,0.8346834805960464,0.0,0.0,1.0
0.8824697466395879,0.45526624630876866,0.6404141686902917,0.1435550365627686,-0.5761875739495458,-1.1711925062977062,0.6188606055766613,1.085382151151997,0.8366632911837756,1.2587273716244889,0.7877380173846666,0.6164937929052007,0.9351353307244783,0.24455817079594555,0.3832893046567629,0.6395089637178353,1.276611632256331,0.0,1.0,0.0
1.0799304303872583,1.2772483412679803,0.8676200667256584,1.2871299376674896,-1.2235893424321813,-2.117483246640588,0.814849871425729,1.4926550033666302,1.0695245681385992,0.947388798167064,0.9108684828683449,1.0039211568676203,1.3739626558209816,0.8418259183719897,0.8144488122423997,1.6641252105124533,0.08388081433448759,0.0,1.0,0.0
0.2721367241467891,1.0032543096149094,1.158232261887174,1.3079222085966662,-0.5761875739495458,-1.1711925062977062,2.1163410899546924,1.4926550033666302,0.05803339636608484,0.6577715205322499,0.3531599039128615,0.9469465445202057,0.7527655332817763,0.7843963272589085,0.21657429505698297,0.8070863872590115,0.5115532191670211,0.0,0.0,1.0
-0.39204921209537413,0.3098816580846899,-1.0504204213403459,-1.4106672153931932,-0.5761875739495458,0.4059587276070961,-1.546208315599755,-1.358254962135801,-0.4659044767822669,-1.0799321452766353,-0.4073517946627974,-0.26661269847972685,0.2854429273348506,0.09524123390193391,0.7799560516355484,0.0697457236778373,0.05061740506973485,0.0,1.0,0.0
0.8824697466395879,0.6230176942596282,0.3180988249657011,0.6685598775244814,-0.5761875739495458,-0.5403320127357853,1.1272077638726798,1.085382151151997,-0.08750490173067975,-0.3269272234261188,0.22278646987132017,-0.04441171032480967,-0.5466192734974803,-0.24933631277655297,-0.34105866808710755,0.5006590984980038,0.4260187382005142,1.0,0.0,0.0
1.2773911141349281,1.3946743548335816,1.512250754174839,1.3183183440612547,-0.5761875739495458,-1.8020529998596273,0.6249852701344453,1.085382151151997,1.7608314840982309,0.5998480650052862,-0.008988523980309426,0.4341750333934736,1.014922117105661,0.9624280597094608,0.6304874223391945,1.194908424597161,0.7919162401127928,0.0,0.0,1.0
-1.002382234588173,-0.7860944685275917,-0.5484539024250004,-0.2514981110915896,0.07121419453308983,0.09052848082613564,-0.8081862363868605,-0.950982109921168,-0.21848937001776766,-0.9858065300453205,-0.17557680081116783,-0.48311622539990245,-1.3273899687990511,-1.23712527992155,-1.3298511388168346,-0.33722801920787554,-0.980548282137596,1.0,0.0,0.0
0.5952542066429768,0.2427810789043468,0.09089292693033435,0.13315890109818007,0.7186159630157255,-0.8557622595167458,0.5423022986043694,0.270836446722731,0.8075556315644233,-0.27624419984002613,0.6211497405538082,-0.05580663279429236,0.21705425329383696,0.0033538881210042875,0.4982651733462661,0.37617301243884455,0.02210591141423254,0.0,1.0,0.0
-0.643362809592409,-0.5400590115329974,-0.9341755432757393,-1.6497783310787255,0.7186159630157255,-0.22490176595482486,-0.25390409390746693,-0.5437092577065351,-0.18938171039841434,-0.7106701162922473,-1.1316486504491392,-0.5002086091041271,-0.5580173858376494,-0.3239947812235588,-0.39854660243185913,-0.5814122649393033,-0.6146507802253174,0.0,0.0,1.0
0.5593522641434002,0.8187277168689642,-0.009500376852734652,-0.1319425532488233,0.07121419453308983,-0.22490176595482486,-0.47745435026655936,-0.13643640549190206,-0.6842119239274137,-0.913402210636617,-1.356180675742905,0.6050988704357176,-0.09069477989072366,-0.28953702655571,0.429279652132564,-0.09783169986333858,-0.4578375651200552,1.0,0.0,0.0
1.2414891716353518,1.0144377394783002,1.0102842352594936,1.5886178661405521,-1.2235893424321813,-1.8020529998596273,1.2864490423750476,1.4926550033666302,1.0331399936144081,1.3673338507375443,0.4762903693965398,1.3001891410741768,0.7071730839211,0.979656937043385,1.38357936225544,1.0943619704724559,0.7871643245035427,1.0,0.0,0.0
0.0028721553999661144,0.7907691422104876,0.5241692906256853,-0.1319425532488233,-0.5761875739495458,0.09052848082613564,-0.9796768440047944,-0.5437092577065351,0.6765711632773344,0.05681566944000972,-0.03796039821176248,-0.6654349849116296,-0.5979107790282403,-0.5824279412324243,-0.5595128185971634,-0.13613511095846437,0.25494977626750076,1.0,0.0,0.0
0.1823818678978481,-0.04239638261211481,0.4871822839687649,0.013603343255413946,0.07121419453308983,0.09052848082613564,0.05845379853948434,0.270836446722731,-0.7497041580709582,-1.0075278258679319,1.4685770618238283,-0.8591486668928394,-1.0082428232743215,0.4800194943595782,-0.42729056960423495,0.5485383623669112,0.003098248977231113,1.0,0.0,0.0
-2.079440509575465,-1.1383725092243964,-1.5312515078803082,-1.6133918569526664,0.07121419453308983,0.4059587276070961,-1.6870756004287724,-1.7655278143504343,-0.8734117114532083,-1.7243305880140967,-0.9360884993868268,-1.36622271678483,-1.3957786428400643,-1.0992942612501553,-0.7204790347624677,-1.3091770757466956,-1.1991364001631133,0.0,1.0,0.0
-0.03302978709961015,0.06943791602179152,-0.4850476052988513,-1.2755174543535444,-0.5761875739495458,-0.5403320127357853,-0.9306795275425277,-0.13643640549190206,1.7608314840982309,0.780858863527045,-0.4652955431257046,0.029655285726829655,0.3880259383963707,0.9681710188207685,0.4925163799117904,0.6299331109440539,0.6968779279277854,0.0,0.0,1.0
-0.17663755709791587,0.7292602779618387,0.6456980267841371,1.3651009536519023,-1.2235893424321813,-0.22490176595482486,0.05845379853948434,0.270836446722731,1.120462972472467,0.1871434443756769,0.09241303582977885,0.7874176299474448,0.18285991627333054,1.1060020374921637,1.0386517561869304,0.644296890104726,0.7871643245035427,1.0,0.0,0.0
1.9056751078775152,1.3946743548335816,1.0367035257287223,1.1415840411632525,-1.870991110914817,-0.8557622595167458,1.2343893936338886,1.4926550033666302,1.7608314840982309,1.418016874323637,1.743809867022638,1.898422570722031,2.069247508571286,1.5252380526176565,1.8204876632755524,2.3679503893853924,2.298273488245161,1.0,0.0,0.0
0.5593522641434002,-0.6742601698936853,-0.7967952328357499,-0.38664787213123836,-1.2235893424321813,0.09052848082613564,-1.393091701655171,-0.5437092577065351,-0.1966586253032532,-0.3703698150713405,-0.19006273792689488,-0.30079746588817574,-0.768882464130774,-0.5307413092306509,-0.8297061100174961,-0.8495361426051848,-1.0470751006671013,1.0,0.0,0.0
1.2953420853847166,0.5950591196011515,1.1740838361687111,0.5801927260754801,0.7186159630157255,0.4059587276070961,0.7444162290112201,0.678109298937364,0.6984019079918499,0.33195208319308395,-0.6391267885144271,-0.2153355473670537,0.7470664771116914,-0.7547167145716679,-0.03637261605992391,-0.23668156508316995,-0.21073795343903567,1.0,0.0,0.0
0.4695974078944592,0.7236685630301436,0.7196720400979778,1.0012362123913092,-0.5761875739495458,-0.8557622595167458,-0.4468310274776426,-0.13643640549190206,-0.2621508594467966,-0.6744679565878955,0.0706841301561888,0.9241566995812404,0.8724457128535495,1.5884106028420455,-0.3180634943492066,-0.41383484139812743,0.055369320678985284,1.0,0.0,0.0
1.5825576253813274,1.3890826399018865,1.44884445704869,1.6509946789280825,-0.5761875739495458,-0.5403320127357853,1.577370608869757,1.4926550033666302,1.7608314840982309,1.6279894006088764,0.8891395771947549,2.069346407764275,0.4507155562672994,1.2955196881653317,1.0903908970972072,1.3002428051087576,1.400161438096841,1.0,0.0,0.0
-1.1639409758362669,-0.9538459164784512,-1.1191105765603402,-0.7817010197855966,0.7186159630157255,0.4059587276070961,0.07070312765505123,-0.13643640549190206,0.2399562689870406,-0.602063637179192,-0.7912291282295584,-0.31219238835765845,-0.1419862854214837,0.30773072102033455,-0.09386055040467549,-0.11698340541090146,-0.43882990268305344,0.0,0.0,1.0
-0.14073561459833928,0.16449706986061205,0.6192787363149085,-0.03837733406752791,-1.2235893424321813,-0.5403320127357853,0.9281561657447207,1.085382151151997,0.3563869074644529,0.17266258049393599,0.3241880296814084,0.3202258086986442,-0.022306105849710413,-0.392910290559256,0.39478689152571256,-0.030800730446868298,0.5210570503855217,1.0,0.0,0.0
0.020823126649754248,0.4832248209672452,0.8412007762564297,1.0324246187850745,-1.2235893424321813,-0.8557622595167458,0.4994296466998862,0.270836446722731,1.2368936109498783,0.4477989942470092,0.9108684828683449,0.5025445682103713,-0.8714654751922946,0.9337132641529201,-0.2720731468734055,0.25168692637968526,1.238596307382328,1.0,0.0,0.0
-0.26639241334685687,0.30428994315299496,0.13316379168110012,-0.7817010197855966,1.366017731498361,0.09052848082613564,0.6433592638077952,0.270836446722731,-0.21121245511292883,-0.20383988043132256,0.5849348977644911,-0.04441171032480967,-0.5865126666880717,0.939456223264228,0.06135687232615354,0.11283706115985388,0.15515954847324318,0.0,1.0,0.0
-0.5895098958430443,-0.14863896631432533,0.2863956764026269,0.13835696883047433,1.366017731498361,0.09052848082613564,-0.7193786002990017,-0.5437092577065351,-0.5605043705451647,-1.0364895536314132,-0.12487602090612371,-0.8819385118318053,-0.14768534159156824,-0.5192553910080349,-0.7779669691072193,-0.7394138357066976,-0.4863490587755572,1.0,0.0,0.0
-0.17663755709791587,0.0973964906802681,0.8781877829133501,-0.053971537264410514,0.07121419453308983,0.09052848082613564,1.102709105641547,0.678109298937364,0.16718711993865829,-0.059031241613915514,-0.18281976936903085,-0.4147466905830051,1.0035240047654919,-0.3699384541140236,-0.22033400596312913,0.184655956963215,0.4165149069820137,0.0,0.0,1.0
-0.21253949959749213,1.3946743548335816,1.6126440579579076,1.8693135236844387,-0.5761875739495458,0.09052848082613564,0.7137929062223033,0.270836446722731,0.2763408435112317,1.7510767436036727,1.280259879319379,0.3658054985765758,1.2941758694397998,0.8418259183719897,0.9466710612353283,1.3337582898169928,0.2169344513934979,0.0,0.0,1.0
-0.6254118383426208,-0.9258873418199746,-0.596008625269612,-0.82328556164395,0.7186159630157255,1.3522494679499775,-0.18959511605074145,-0.5437092577065351,-0.8224733071193405,-1.7388114518958375,-0.7767431911138314,-0.8477537444233567,-0.8828635875324632,-2.0468825146159952,-1.2953583782099836,-0.844748216218294,-1.056578931885602,1.0,0.0,0.0
-0.5715589245932561,-0.16541411110941193,0.11731221739956306,0.3566758135868303,0.07121419453308983,-0.8557622595167458,-0.5203270021710426,-0.13643640549190206,-0.9461808605015907,1.0342739814575073,0.12862787861909594,-0.20963808613231216,0.017587287340880952,0.02058276545492849,0.6592313895115703,0.3426575277306096,0.4070110757635128,1.0,0.0,0.0
-0.6074608670928326,-1.3676328214239044,-0.532602328143463,-0.6569473942105359,0.07121419453308983,1.3522494679499775,-1.0837961414871116,-0.950982109921168,-0.05839724211132642,-0.8192765954053026,-1.030247090639051,-1.90748153408527,0.03468445585113416,-0.3469666176687912,-0.19733883222522858,-0.37553143030300135,-0.9995559445745976,1.0,0.0,0.0
2.085184820375397,1.3946743548335816,1.5756570513009873,0.5074197778233617,-1.870991110914817,-1.4866227530786669,0.5729256213932862,1.4926550033666302,1.0113092488998936,0.9980718217531556,0.6863364575745794,1.1976348388488307,1.9723635536798496,0.9968858143773092,1.5445455784207442,1.1326653815675816,0.5780800376965263,1.0,0.0,0.0
-1.9717346820767356,-1.8988457399349594,-1.9592440134818134,-1.6497783310787255,0.7186159630157255,1.3522494679499775,-1.4757746731852464,-1.7655278143504343,-1.6884261807950898,-2.0139478656489107,-1.348937707185042,-1.5029617864186255,-1.7548191815553855,-1.610417622156578,-1.7265178857956205,-1.6395439964421568,-1.6125530581678957,1.0,0.0,0.0
-1.9717346820767356,-0.5847927309865606,-0.8760531042434361,-0.47501502358023945,0.7186159630157255,0.09052848082613564,-1.288972404172854,-0.950982109921168,-1.033503839359649,-0.9930469619861909,0.8601677029633008,0.006865440787863459,-1.515458822411838,-0.3527095767800994,-1.053909053962027,-0.9548705231167809,-0.6479141894900702,0.0,1.0,0.0
0.07467604039911897,0.5167751105574168,0.5136015744379936,0.45543910050041975,-1.2235893424321813,-0.5403320127357853,-0.2600287584652499,0.270836446722731,0.13080254541446715,-0.022829081909563752,0.4328325580493597,0.4170826496892493,-0.7118919024299295,0.5431920445839681,0.28555981627068505,0.08889742922540018,-0.07768431638002536,1.0,0.0,0.0
1.8877241366277273,1.3219820607215427,0.798929911505664,1.6873811530541423,-1.2235893424321813,-0.8557622595167458,0.8577225233302126,1.4926550033666302,1.7098930797643632,0.6939736802366016,0.939840357099799,0.6563760215483911,1.9324701604892585,0.5948786765857407,1.2686034935659367,1.1757567190495979,2.1937313448416527,1.0,0.0,0.0
0.8824697466395879,0.231597649040956,0.34980197352877596,0.2579125266732408,-0.5761875739495458,-1.1711925062977062,0.6004866119033115,0.678109298937364,0.20357169446284942,-0.24004204013567434,-0.60291194572511,-1.1725090348036202,-0.17618062244199054,-0.10001937588254174,-0.438788156473185,0.093685355612291,-0.33428775927954546,1.0,0.0,0.0
-1.271646803334996,-0.5176921518062166,-0.0253519511342721,-0.82328556164395,0.07121419453308983,0.7213889743880566,-0.7132539357412186,-0.5437092577065351,-0.9534577754064284,-0.7758340037600808,-0.8346869395767386,-0.9275182017097372,-0.518123992647058,0.525963167250043,-1.1516385423481046,-0.5191692219097235,-1.056578931885602,0.0,0.0,1.0
1.8518221941281503,1.3946743548335816,0.4607629934995362,0.7621250967057767,-0.5761875739495458,0.09052848082613564,1.5375602892441649,1.4926550033666302,1.0913553128531137,1.7510767436036727,1.743809867022638,1.3343739084826254,0.8040570388125359,1.0313435690451584,1.6135310996344463,1.9466128673390073,1.6615167966056117,1.0,0.0,0.0
-1.648617199580548,-1.2781653825167794,-0.9077562528065106,-1.2235367770306025,1.366017731498361,1.036819221169017,-1.9167505213456482,-2.172800666565067,-0.9389039455967523,-1.9922265698263,-1.558983795363081,-0.9844928140571519,-1.76051823772547,-1.4553577261512585,-1.6172908105405925,-1.950759211590055,-1.1231057504151072,1.0,0.0,0.0
-2.079440509575465,-2.066597187885819,-1.372735765064936,-1.6497783310787255,2.0134194999809965,2.613970455073819,-1.582956302946455,-1.7655278143504343,-2.4015638414692364,-1.912581818476726,-1.4503392669951296,-2.106892677301221,-2.2335398998424796,-1.2084104843650094,-1.807000993878273,-1.6778474075372827,-2.17327910005944,1.0,0.0,0.0
1.7082144241298454,0.8187277168689642,0.70382046581644,1.2871299376674896,0.07121419453308983,-0.5403320127357853,1.4885629727818983,1.085382151151997,0.3636638223692907,0.46952029006962004,0.09965600438764186,0.8216023973558932,0.39942405073653975,0.8303400001493741,0.6132410420357692,0.1367766930943076,0.5115532191670211,0.0,0.0,1.0
-1.3614016595839369,-0.6071595907133414,-0.15216454538656982,-0.19951743376864775,0.7186159630157255,1.036819221169017,0.10745111500175145,-0.13643640549190206,-0.4222429873532379,-1.116134304980987,-0.3494080461998903,-1.155416651099396,-0.7346881271102677,-0.7776885510169004,-0.05361899636334963,-1.0219014925332512,-0.8997657167803398,1.0,0.0,0.0
-0.8767254358396555,-0.5847927309865606,-0.844349955680362,-0.4438266171864745,2.0134194999809965,-0.5403320127357853,-1.1266687933915953,-1.358254962135801,-0.7715349027854727,-0.5513806135930993,-0.4942674173571587,-0.5856705276252492,-1.498361653901585,-0.9270054879109115,-1.6172908105405925,-1.2660857382646789,-0.4958528899940581,0.0,1.0,0.0
0.7747639191408584,0.26514793863112757,0.9468779381333445,0.023999478720002465,-0.5761875739495458,1.036819221169017,1.378319010741798,0.678109298937364,1.0622476532337612,0.32471165125221296,0.21554350131345718,0.8785770097033079,0.1942580286134988,0.5661638810292,0.7339657041597473,1.506123639745059,0.7966681557220435,0.0,1.0,0.0
0.7029600341417059,0.2427810789043468,0.3550858316226214,0.8141057740287185,-0.5761875739495458,0.7213889743880566,-0.6489449578844931,-0.5437092577065351,-0.5823351152596792,-1.2899046715618756,-0.22627758071621198,-0.7907791320759421,0.6786778030706777,-0.20339263988608816,-0.20883641909417866,-0.03558865683375911,0.5400647128225231,1.0,0.0,0.0
-0.553607953343468,-0.9147039119565837,-1.4678452107541593,-0.043575401799822173,-0.5761875739495458,0.09052848082613564,-1.3379697206351209,-0.950982109921168,-1.6665954360805753,-0.1676377207269708,0.40386068381790563,-0.004529481681619234,-0.5010268241368048,-0.6341145732341973,-1.1803825095204803,-0.787293099575605,-0.4911009743848076,0.0,1.0,0.0
-1.092137090837114,-1.199881373473045,-0.7862275166480587,-1.6497783310787255,0.7186159630157255,-0.5403320127357853,-0.27227808758081684,-0.950982109921168,-1.506503308174134,-1.818456203245411,-0.610154914282973,-1.2180887246815522,-0.9854465985939836,-1.3864422168155612,-1.4735709746787136,-1.4192993826451827,-0.9948040289653473,1.0,0.0,0.0
0.4695974078944592,1.3331654905849335,0.9468779381333445,1.2091589216830767,0.07121419453308983,-0.5403320127357853,1.4763136436663313,0.678109298937364,1.7535545691933931,0.09301782914436149,1.1498864452778375,0.8785770097033079,0.29114198350493475,0.7729104090362929,1.19386917891776,0.6586606692653981,0.4070110757635128,0.0,1.0,0.0
0.6311561491425534,0.4720413911038544,0.7408074724733603,0.632173403398422,0.7186159630157255,-0.8557622595167458,1.4518149854351985,1.085382151151997,1.6880623350498487,0.9039462065218412,0.9543262942155251,0.10372228177846858,-0.8486692505119567,0.16989970234894014,0.32580137031201134,0.20380766251077786,0.34048425723400766,0.0,1.0,0.0
-0.37409824084558596,-1.1104139345659199,-0.9764464080265055,-1.3223000639441918,0.7186159630157255,1.036819221169017,0.2544430643885519,-0.13643640549190206,0.9239862700418345,-0.34864851924872964,0.1141419415033689,0.3942928047502831,-0.42693909392570656,-0.7604596736829757,0.5270091405186419,-0.16007474289291806,0.32622851040625633,1.0,0.0,0.0
1.8877241366277273,1.3946743548335816,2.072339712122487,2.1396130457637366,-1.870991110914817,-1.1711925062977062,0.6188606055766613,1.4926550033666302,1.4406472282853484,1.7510767436036727,1.743809867022638,1.049500846745552,1.1915928583782789,1.594153561953354,1.8492316304479284,2.056735174237494,2.2555062477619083,1.0,0.0,0.0
-1.271646803334996,-0.8587867626396306,-0.7228212195219097,-0.5893725136907118,1.366017731498361,0.4059587276070961,-1.5217096573686215,-1.7655278143504343,-2.0304411813224865,-0.29072506372176704,-0.9723033421761439,-0.693922291085337,-0.9113588683828855,-0.2780511083330936,-1.2666144110376076,-1.0266894189201419,-1.5460262396383906,0.0,1.0,0.0
-1.271646803334996,-1.3844079662189905,-1.610509379287994,-1.6497783310787255,0.07121419453308983,1.3522494679499775,-1.5707069738308883,-1.358254962135801,-2.7581326718063095,-1.7605327477184485,-1.059218964870505,-1.109836961221464,0.011888231170796413,-1.4496147670399504,-0.9676771524448997,-2.0082143282327434,-1.4462360118441326,1.0,0.0,0.0
-0.73311766584135,-0.5959761608499506,-1.7320381154464464,-0.7349184101949487,1.366017731498361,1.3522494679499775,-1.858566208046706,-2.172800666565067,-1.0189500095499728,-0.20383988043132256,-1.5082830154580367,-1.1725090348036202,-0.4098419254154534,-0.8695758967978303,-0.5307688514247876,-0.9165671120216551,-0.9140214636080909,1.0,0.0,0.0
0.4695974078944592,-0.031212952748724012,-0.22085470060656429,-0.9844256613450697,0.07121419453308983,0.7213889743880566,0.0033318175194342143,-0.13643640549190206,-0.21121245511292883,-0.5368997497113583,-0.5811830400515189,0.7646277850084785,1.111806071997097,0.22158633435071273,-0.5710104054661139,-0.37553143030300135,-0.4008145778090506,1.0,0.0,0.0
0.0926270116489071,-0.27165669481162247,-0.16801611966810687,-0.7245222747303605,0.07121419453308983,0.09052848082613564,-0.3733350527842421,-0.5437092577065351,0.9094324402321579,1.4469786020871176,-0.5522111658200658,0.22906642894278104,0.3823268822262866,0.0665264383453933,0.9811638218421789,0.13198876670741677,0.24544594504900022,0.0,1.0,0.0
-1.271646803334996,-0.3163904142651848,0.04333820408572276,-0.11115028231964645,-0.5761875739495458,-0.8557622595167458,0.1840094219740434,0.270836446722731,0.23267935408220275,-0.6672275246470256,0.46180443228081275,-0.01592440415110233,-0.6036098351983248,0.5546779628065837,-0.20308762565970342,0.15592839864187047,0.11239230798998956,0.0,1.0,0.0
0.8824697466395879,0.18686392958739362,0.9151747895702697,0.5749946583431859,0.7186159630157255,0.7213889743880566,0.6004866119033115,0.678109298937364,0.37821765217896736,0.8387823190540087,-1.2402931788170906,-0.4717213029304198,0.3823268822262866,0.23881521168463696,0.2338206753604083,0.1607163250287613,0.4165149069820137,1.0,0.0,0.0
-1.7204210845797008,-0.6239347355084276,-0.532602328143463,-1.3171019962118975,0.07121419453308983,0.09052848082613564,-1.8432545466522476,-1.358254962135801,-1.6665954360805753,-0.6599870927061546,-1.3851525499743589,-0.27231015971446837,-0.42693909392570656,-0.909776610576987,-1.6460347777129682,-1.3522684132287124,-1.4034687713608793,1.0,0.0,0.0
0.8465678041400116,1.3946743548335816,1.7975790912425085,1.942086471936557,-1.2235893424321813,-2.117483246640588,1.0261507986692548,1.4926550033666302,0.6401865887531432,1.3818147146192852,-0.5449681972622018,0.6620734827831323,2.0521503400610324,0.8992555094850709,1.7687485223652757,1.9418249409521162,1.4761920878448467,1.0,0.0,0.0
-0.4997550395941032,-0.4226329979673961,-0.3001125720142504,-0.012386995406056986,-0.5761875739495458,0.7213889743880566,-0.9276171952636362,-0.5437092577065351,0.014371906937055876,-0.5224188858296185,-0.617397882840836,0.2974359637596788,-0.4326381500957911,0.07226939745670191,0.06135687232615354,0.1367766930943076,-0.30577626562404314,0.0,1.0,0.0
1.636410539130692,1.103905178385425,0.6351303105964455,1.2247531248799592,-1.870991110914817,0.09052848082613564,1.3691320139051226,1.4926550033666302,1.3242165898079372,0.8243014551722677,0.6211497405538082,0.46835980080192285,1.0377183417859992,1.0715442828243145,1.2168643526556608,1.1661808662758169,1.1245503327603188,1.0,0.0,0.0
-0.9485293208388084,0.013520766704838356,0.20185394690109462,0.14875310429506286,0.07121419453308983,0.09052848082613564,0.3708116909864356,0.678109298937364,0.4655406310370263,-1.0075278258679319,1.0339989483520233,-0.06720155526377547,-0.43833720626587563,0.20435745701678854,-0.019126235756498598,0.9555121052526241,0.7634047464572908,0.0,1.0,0.0
1.9954299641264561,0.7851774272787918,1.168799978074866,1.022028483320486,0.7186159630157255,1.3522494679499775,0.9128445043502623,0.678109298937364,-0.2621508594467966,0.46952029006962004,0.563205992090901,0.6791658664873566,0.6957749715809317,0.1067271521245503,0.7052217369873715,0.5054470248848947,-0.44833373390155434,1.0,0.0,0.0
0.9722246028885289,1.159822327702378,1.0736905323856418,0.5438062519494211,1.366017731498361,0.09052848082613564,2.097967096281342,1.085382151151997,0.8148325464692611,0.6360502247096379,-0.052446335327489525,0.889971932172791,1.1289032405073502,0.14692786590370732,0.8431927794147756,-0.33722801920787554,0.7539009152387899,0.0,0.0,1.0
0.4157444941450948,0.5503254001475891,0.4871822839687649,1.3651009536519023,0.07121419453308983,-0.5403320127357853,-0.22940543567633317,-0.13643640549190206,0.5819712695144376,0.40435640260178746,0.939840357099799,-0.26661269847972685,0.33103537669552613,0.4570476579143462,0.0038689379814019556,0.6251451845571632,-0.253505193922289,1.0,0.0,0.0
0.43369546539488296,0.3602070924699481,0.19128623071340373,-0.022783130870645322,0.07121419453308983,-0.5403320127357853,0.5086166435365611,0.270836446722731,-0.1238894762548709,-1.2247407840940425,0.5052622436279939,0.9868287731633961,0.18285991627333054,0.7958822454815249,-0.16284607161837755,-0.11698340541090146,0.9867447800920585,1.0,0.0,0.0
1.2414891716353518,1.3946743548335816,0.7936460534118177,1.9940671492594988,-0.5761875739495458,0.09052848082613564,0.9618418208125299,1.085382151151997,0.647463503657982,0.3609138109565648,1.1136716024885205,1.5907596640459913,1.2770787009295457,1.0772872419356232,1.3893281556899157,1.3241824370432111,0.9297217927810538,1.0,0.0,0.0
0.34394060914594193,0.27073965356282337,0.06447363646110564,0.08117822377523821,0.07121419453308983,-0.5403320127357853,-0.024229172990591064,-0.13643640549190206,0.5164790353708941,-0.3196867914852478,-0.5956689771672459,-0.34637715576610734,0.27404481499468153,0.22732929346202135,-0.6399959266798155,-0.5909881177130846,-0.36755116854429787,0.0,0.0,1.0
0.8824697466395879,1.1150886082488158,0.8834716410071954,0.09157435923982674,-0.5761875739495458,-0.22490176595482486,0.012518814356109163,0.270836446722731,0.42187914160799633,0.7229354080000824,-0.02347446109603647,1.2773992961352107,0.5874929043493267,0.5489350036952758,0.6247386289047189,0.37617301243884455,0.8441873118145473,0.0,0.0,1.0
0.11057798289869523,-0.28284012467501324,-0.1574484034804156,0.44504296503583124,0.07121419453308983,-0.22490176595482486,1.0445247923426049,0.678109298937364,0.7857248868499078,0.027853941676528927,-0.6246408513987,-0.8420562831886153,-0.0963938360608082,-0.11724825321646634,-0.38704901556290866,-0.3468038719816572,-0.039668991506022176,1.0,0.0,0.0
1.2414891716353518,1.3946743548335816,1.2850448561394714,1.3702990213841966,-0.5761875739495458,-1.1711925062977062,0.9067198397924793,1.4926550033666302,1.4915856326192163,1.092197436984471,1.2150731622986086,0.9298541608159815,1.1403013528475192,1.1462027512713209,1.785994902668701,0.9603000316395146,0.8964583835163011,0.0,1.0,0.0
-0.8228725220902909,-0.6518933101669042,-0.9658786918388138,-0.5010053622417104,0.07121419453308983,1.036819221169017,-0.7132539357412186,-0.5437092577065351,-0.931627030691914,-0.27624419984002613,-0.610154914282973,-0.49451114786938555,-0.2616664649932574,-0.6972871234585867,-0.9044404246656729,-0.9022033328609829,-1.2133921469908644,0.0,1.0,0.0
1.4389498553830222,1.1318637530439015,1.7077535036471307,2.279960874535679,-1.2235893424321813,-1.1711925062977062,1.3385086911162059,1.4926550033666302,1.5061394624288929,0.9111866384627122,1.743809867022638,1.1577526102056401,1.8811786549584988,2.0995339637484687,2.067685780957984,1.999280057594805,1.5474708219836024,0.0,1.0,0.0
-0.24844144209706873,0.6957099883716671,-0.08875824826042077,0.023999478720002465,0.07121419453308983,-0.5403320127357853,-0.8418718914546688,-0.950982109921168,-0.05839724211132642,0.25954776378438044,0.12138491006123191,-0.010226942916360783,-0.5808136105179871,0.02632572456623669,-0.3755514286939582,-0.43298654694569033,-0.5861392865698151,1.0,0.0,0.0
-0.7869705795907147,-0.8923370522298026,-0.40578973389116524,-1.2911116575504267,2.0134194999809965,1.9831099615118986,-0.21409377428187476,-1.358254962135801,-1.7320876702241192,-1.0292491216905426,-2.8772040728942225,-1.292155720733191,-1.86310124878699,-1.0992942612501553,-0.9561795655759493,-1.285237443812242,-1.854900754239665,1.0,0.0,0.0
0.3259896378961538,0.03588762643161994,0.30753110877800943,0.606183064736951,-0.5761875739495458,0.7213889743880566,-1.4267773567229796,-0.950982109921168,-0.4804583065919435,0.2740286276661203,0.19381459563986608,-0.061504094029033916,-0.0963938360608082,0.23881521168463696,0.9639174415387536,-0.3707435039161109,0.07437698311598671,1.0,0.0,0.0
-2.079440509575465,-1.5186091245796782,-1.2512070289064838,-1.0416044064003058,0.7186159630157255,1.3522494679499775,-0.2477794293496835,-0.950982109921168,-0.24759702963711996,-0.754112707937469,-1.5010400469001732,-0.33498223329662463,-0.3813466445650311,-0.8293751830186733,-1.2148752701273313,-0.844748216218294,-1.104098087978106,0.0,0.0,1.0
1.0081265453881052,1.0927217485220342,0.3128149668718556,0.8400961126901895,0.7186159630157255,-0.5403320127357853,0.3432507004764103,0.270836446722731,1.1641244619014959,1.7293554477810618,0.10689897294550589,0.5652166417925272,0.7356683647715223,1.2840337699427151,0.8087000188079242,0.8070863872590115,0.8679468898607992,0.0,0.0,1.0
-0.5895098958430443,-0.6574850250985995,-1.1349621508418777,-1.6497783310787255,1.366017731498361,0.4059587276070961,1.3170723651639644,0.270836446722731,-0.2767046892564733,-0.3414080873078597,-1.1026767762176852,-0.5856705276252492,-0.9854465985939836,-0.817889264796057,0.5615019011254925,-1.1272358730448475,-0.14421113490953053,0.0,1.0,0.0
-0.5177060108438917,-0.36112413371874796,-0.8654853880557448,-0.516599565438593,1.366017731498361,0.7213889743880566,0.6709202543178204,-0.13643640549190206,0.43643297141767295,-1.0075278258679319,-0.8419299081346026,0.01826036325734656,-0.3813466445650311,-0.008132030101612118,-0.47902971051451126,-1.0506290508545957,-0.5718835397420641,1.0,0.0,0.0
-2.0076366245763118,-2.0106800385688657,-2.551036119992536,-1.6497783310787255,1.366017731498361,1.6676797147309381,-2.2627940688604076,-2.172800666565067,-2.0231642664176483,-1.5578006533740787,-2.507812676443189,-1.4573820965406936,-1.9713833160185947,-1.9722240461689895,-1.807000993878273,-1.7448783769537528,-1.835893091802663,1.0,0.0,0.0
0.0926270116489071,-0.15982239617771613,0.6087110201272168,0.7673231644380709,0.7186159630157255,-0.22490176595482486,0.6984812448278448,0.270836446722731,0.523755950275732,-0.015588649968693809,-0.34216507764202625,-0.14696601255015593,-0.10779194840097728,-0.9384914061335276,-0.15134848474942708,-0.12655925818468308,0.24544594504900022,0.0,1.0,0.0
-1.7742739983290656,-1.9100291697983502,-1.8641345677925898,-1.6497783310787255,2.660821268463632,2.298540208292859,-1.4543383472330047,-2.172800666565067,-2.6999173525676037,-2.5062972376280945,-2.9930915698200375,-2.8304702541133873,-2.1537531134612973,-2.144512819508233,-2.312894816112087,-2.419975997505347,-2.3728595556479553,0.0,0.0,1.0
-1.935832739577159,-1.5857097037600216,-1.2512070289064838,-1.3950730121963104,2.0134194999809965,1.6676797147309381,-0.5325763312866095,-1.358254962135801,-2.0304411813224865,-0.8047957315235617,-1.2402931788170906,-1.2978531819679326,-1.6864305075143717,-2.0468825146159952,-2.3416387832844627,-1.8119093463702232,-1.1421134128521089,0.0,0.0,1.0
0.7927148903906469,0.42730767165029204,-0.41635745007885683,0.3462796781222418,-1.870991110914817,-2.117483246640588,-0.01810450843280762,0.678109298937364,-0.4222429873532379,0.8243014551722677,1.743809867022638,0.19488166153433176,0.7014740277510159,0.8647977548172225,1.119134864269583,0.6682365220391797,1.0390158517938124,0.0,1.0,0.0
0.07467604039911897,1.2101477620876362,0.4554791354056908,0.096772426972121,-1.2235893424321813,-1.4866227530786669,0.19625875108960986,0.678109298937364,0.3709407372741295,-0.7323914121148581,-0.1538478951375778,0.0353527469615708,1.220088139228701,0.08949827479062611,-0.30081711404578126,0.6538727428785076,0.9819928644828076,0.0,1.0,0.0
-0.463853097094527,0.8858282960493081,1.152948403793328,1.4794584437623746,0.7186159630157255,-0.5403320127357853,1.5467472860808402,0.678109298937364,0.021648821841893692,0.48400115395136095,0.13587084717695894,0.2575537351164884,0.03468445585113416,0.16415674323763152,0.10159842636747982,0.38096093882573534,0.8014200713312937,1.0,0.0,0.0
-1.3075487458345723,0.0973964906802681,-0.1785838358557985,0.27350672987012326,0.7186159630157255,0.09052848082613564,-0.8296225623391024,-0.950982109921168,-0.5968889450693559,-1.137855600803598,-2.3701962738437836,-1.3890125617237963,-0.7973777449811963,-1.6276464994905022,-0.43303936303870977,-2.017790181006525,-0.9045176323895903,1.0,0.0,0.0
0.3080386666463657,-0.4002661382406146,-0.16801611966810687,0.008405275523119685,-0.5761875739495458,1.036819221169017,0.3983726814964609,0.270836446722731,0.04347956655640921,0.20886474019828774,-0.28422132917911913,0.22336896770803907,-0.170481566271906,1.1691745877165527,-0.3065659074802565,-0.5766243385524126,-0.3580473373257973,0.0,0.0,1.0
0.3977935228953067,0.19245564451908861,-0.009500376852734652,0.6685598775244814,-0.5761875739495458,-0.22490176595482486,-1.365530711145146,-0.950982109921168,-0.7569810729757961,0.48400115395136095,0.3024591240078174,0.2746461188207126,0.09737407372206368,-0.8466040603525975,-0.4215417761697597,-0.44735032610636244,0.32147659479700624,0.0,1.0,0.0
-0.8767254358396555,-2.0050883236371706,-1.1191105765603402,-1.4886382313776059,0.7186159630157255,0.7213889743880566,-1.09910780288157,-1.7655278143504343,-1.2954727759338254,-0.9496043703409687,-0.653612725630153,-2.0214307587800993,-1.4527692045409089,-1.14523793414062,-0.760720588803794,-1.175115136913755,-0.761960164112079,1.0,0.0,0.0
1.636410539130692,1.3946743548335816,1.2903287142333177,0.9752458737298384,-1.870991110914817,-1.1711925062977062,0.7352292321745455,1.4926550033666302,1.0404169085192458,1.7510767436036727,1.2875028478772428,0.8956693934075329,1.322671150290222,1.823871926405679,0.8891831268905767,1.391213406459681,1.756555108790619,1.0,0.0,0.0
0.9542736316387405,0.7572188526203152,0.8940393571948871,0.8452941804224837,0.7186159630157255,-0.22490176595482486,1.2772620455383723,1.085382151151997,-0.3276430935903411,0.5998480650052862,1.2078301937407447,0.041050208196312755,1.208690026888533,1.1978893832730935,0.14758877384328092,0.9603000316395146,0.7586528308480407,0.0,1.0,0.0
-0.643362809592409,0.4049408119235105,-0.04648738350965499,-0.00199085994146865,0.07121419453308983,0.09052848082613564,-0.47745435026655936,-0.950982109921168,-0.8224733071193405,0.10749869302610239,1.2150731622986086,-0.5059060703388687,-0.7232900147700986,0.1067271521245503,-0.17434365848732764,-0.23668156508316995,-0.5718835397420641,1.0,0.0,0.0
0.14647992539827182,-0.24369812015314588,1.3114641466087003,0.4034584231774779,0.07121419453308983,0.4059587276070961,1.096584441083763,1.085382151151997,-0.4804583065919435,0.4333181303652683,0.9470833256576621,0.13790704918691707,-0.677697565409423,-0.20339263988608816,-0.15709727818390232,-0.5957760440999754,0.007850164586481554,1.0,0.0,0.0
0.5054993503940358,-0.36112413371874796,-0.6541310643019151,-0.03317926633523366,0.07121419453308983,1.036819221169017,1.8468558494122242,1.085382151151997,0.9603708445660257,0.06405610138088069,-0.19006273792689488,-0.01592440415110233,-0.49532776796672023,0.7269667361458273,-0.47902971051451126,0.6299331109440539,0.46403406307451744,1.0,0.0,0.0
-1.5229604008320308,-2.273490640358546,-1.673915676414143,-1.6497783310787255,2.0134194999809965,1.6676797147309381,-0.8939315401958274,-1.7655278143504343,-1.7320876702241192,-1.38403028679319,-2.6816439218319106,-2.226539363230792,-2.4899974274962804,-1.5415021128208803,-1.6862763317542946,-1.5916647325732494,-1.641064551823398,0.0,1.0,0.0
0.3080386666463657,-0.9035204820931934,-0.6012924833634578,-0.9636333904158931,0.7186159630157255,1.6676797147309381,0.06764079537615929,-0.13643640549190206,0.10897180069995266,-0.616544501060933,-0.5159963230307487,0.2689486575859715,-0.0508013867001327,-0.21487855810870415,-0.11110693070810121,-0.8399602898314031,-0.4911009743848076,0.0,1.0,0.0
-0.3381962983460097,-0.36112413371874796,-0.3212480043896333,-0.33986526254059074,1.366017731498361,1.3522494679499775,-1.2154764294794538,-0.950982109921168,-1.5283340528886489,-0.8989213467548766,-1.2113213045856366,-1.7707424644514744,-1.361584305819558,-0.5996568185663484,-0.8929428377967225,-0.6484432343557737,-0.6194026958345679,1.0,0.0,0.0
-0.8228725220902909,-1.854112020481397,-1.8429991354172068,-1.0935850837232477,0.7186159630157255,0.7213889743880566,-1.2583490813839373,-1.358254962135801,-0.24032011473228215,-1.6881284283097449,-0.6753416313037441,-0.44323399675671243,-1.1450201713563484,-1.14523793414062,-1.15738733578258,-1.3091770757466956,-1.5412743240291402,0.0,1.0,0.0
0.21828381039742467,-0.17100582604110692,-0.1574484034804156,-0.21511163696553018,0.07121419453308983,1.3522494679499775,-0.0824134862895327,-0.13643640549190206,0.45098680122734963,-0.16039728878610088,-0.9940322478497339,-0.6027629113294733,-0.07359761138047045,-0.7604596736829757,-0.139850897880477,-0.33722801920787554,0.0173539958049821,1.0,0.0,0.0
1.4928027691323864,1.0647631738635577,1.5016830379871473,2.1448111134960306,-0.5761875739495458,-0.5403320127357853,1.9019778304322748,1.4926550033666302,0.349109992559614,1.6931532880767102,1.4540911247081012,1.5052977455248695,1.7330031945363022,2.0995339637484687,2.0849321612614093,2.004067983981696,1.3193788727395845,1.0,0.0,0.0
0.0028721553999661144,0.41612424178690127,1.512250754174839,0.4398448973035374,-0.5761875739495458,-0.8557622595167458,0.2207574093207432,-0.13643640549190206,0.08714105598543817,1.1790826202749145,0.9760551998891162,0.2461588126470053,0.3139382081852729,1.1117449966034716,0.3602941309188619,1.309818657882539,0.8156758181590447,0.0,1.0,0.0
-0.6972157233417737,-0.008846093021942432,0.13844764977494595,-0.07996187592588144,0.7186159630157255,1.3522494679499775,-0.5846359800277681,-0.5437092577065351,-0.2694277743516355,-0.09523340131826728,-0.6246408513987,0.08662989807424433,-0.5295221049872271,-1.0131498745805334,-0.3238122877836818,-0.38031935668989214,-1.0708346787133534,0.0,1.0,0.0
0.0028721553999661144,0.6230176942596282,0.11202835930571724,-0.267092314288472,0.07121419453308983,1.036819221169017,0.6341722669711197,0.270836446722731,0.8148325464692611,0.2740286276661203,-0.1176330523482607,-0.13557109008067325,0.4735117809476376,0.3709032712447244,0.6879753566839462,0.5389625095931296,0.8441873118145473,0.0,1.0,0.0
0.7927148903906469,1.031212884273386,0.5241692906256853,0.39306228771288937,-0.5761875739495458,-0.8557622595167458,0.37693635554421906,0.270836446722731,0.7711710570402321,0.476760722010491,1.743809867022638,1.1862399163793476,1.0776117349765897,1.1347168330487043,1.5905359258965461,1.0895740440855646,1.3621461132228376,0.0,1.0,0.0
0.6491071203923412,0.9249703005711747,0.4501952773118446,0.33588354265765363,-1.870991110914817,-1.4866227530786669,0.00026948524054271,0.270836446722731,0.5746943546095997,0.9980718217531556,-0.3494080461998903,0.9868287731633961,0.6501825222202554,0.7499385725910601,0.7684584647665978,0.8310260191934652,0.4877936411207693,0.0,1.0,0.0
-0.4818040683443151,-0.06476324233889559,-0.8337822394926703,-0.8908604421637746,0.7186159630157255,0.09052848082613564,0.309565045408602,-0.13643640549190206,-0.3567507532096934,0.6360502247096379,-0.20454867504262192,-0.7736867483717175,0.9750287239150697,0.0033538881210042875,-0.46178333021108553,0.4575677610159873,0.22643828261199878,1.0,0.0,0.0
-0.8587744645898674,-0.5736093011231699,-0.347667294858862,-0.8336816971085385,0.7186159630157255,1.036819221169017,-0.12834847047290787,0.270836446722731,-0.5605043705451647,-0.18211858460871172,-0.653612725630153,-1.104139499986723,-0.31865702669410195,-0.2435933536652448,-0.9101892181001482,-0.7585655412542605,-0.9330291260450924,1.0,0.0,0.0
-0.4997550395941032,-0.07594667220228639,0.5453047230010678,0.460637168232714,0.07121419453308983,0.7213889743880566,0.7413538967323285,0.678109298937364,1.2514474407595548,1.1790826202749145,0.548720054975174,0.474057262036664,1.6703135766653736,0.21584337523940494,0.6994729435528966,0.2085955888976687,0.8584430586422983,1.0,0.0,0.0
0.3618915803957301,0.6509762689181047,-0.21028698441887303,0.42425069410665456,0.07121419453308983,0.09052848082613564,-0.5448256604021764,-0.13643640549190206,-0.16027405077906204,0.15818171661219507,0.3821317781443156,-0.14126855131541438,0.03468445585113416,-0.11150529410515814,1.096139690531682,-0.36595557752922003,0.17891912651949504,1.0,0.0,0.0
0.7029600341417059,-0.13186382151923953,0.8042137695995094,0.6425695388630105,0.7186159630157255,0.4059587276070961,1.4303786594829562,1.085382151151997,1.3023858450934227,0.4477989942470092,1.0629708225834762,0.34871311487235157,0.6786778030706777,1.307005606387948,0.504013966780741,0.9315724733181704,0.10288847677148902,0.0,0.0,1.0
0.020823126649754248,0.29310651328960413,0.3339503992472381,-0.3190729916114139,0.7186159630157255,1.036819221169017,0.4871803175843193,-0.13643640549190206,0.04347956655640921,0.06405610138088069,0.46180443228081275,0.32592326993338616,-0.12488911691123049,0.29050184368641035,0.8546903662837252,0.5820538470751465,0.13615188603624143,1.0,0.0,0.0
1.1876362578859871,0.9864791648198237,0.8412007762564297,1.4222796987071384,0.07121419453308983,-0.5403320127357853,1.8315441880177659,1.4926550033666302,0.3636638223692907,0.8170610232313967,0.6356356776695352,1.1577526102056401,0.49060894945789074,0.30198776190902676,0.716719323856322,0.6347210373309444,0.7396451684110389,0.0,0.0,1.0
-0.08688270084897488,-0.22133126042636508,-0.38465430151578234,-0.9272469162898336,1.366017731498361,1.3522494679499775,0.33406370363973537,-0.5437092577065351,-0.051120327206488604,-0.5731019094157102,-0.7695002225559684,-0.7395019809632686,0.2854429273348506,-0.7949174283508246,-0.5422664382937381,-0.24146949147006078,-0.08243623198927547,0.0,1.0,0.0
0.21828381039742467,1.1710057575657689,1.776443658867126,1.4586661728331975,-0.5761875739495458,-0.8557622595167458,1.1394570929882466,1.085382151151997,1.629847015811143,1.2080443480383962,0.7225513003638965,1.5964571252807334,0.8667466566834654,0.9739139779320771,1.808990076406602,0.9794517371870778,1.5047035815003487,0.0,1.0,0.0
-0.3381962983460097,-0.4673667174209585,0.32338268305954726,0.3982603554451836,0.07121419453308983,0.4059587276070961,0.32181437452416894,0.678109298937364,0.6110789291337909,0.035094373617398866,0.563205992090901,-0.36916700070507313,0.9579315554048164,0.8131111228154491,0.43502844556703885,0.017078533422039098,0.711133674755537,1.0,0.0,0.0
1.3491949991340813,1.3946743548335816,1.3907220180163864,1.7861444399677313,-1.2235893424321813,-1.1711925062977062,0.3003780485719271,1.4926550033666302,0.9894785041853791,1.6641915603132282,1.3599325334558772,1.226122145022538,1.2314862515688703,2.0995339637484687,1.239859526393561,1.8604301923749742,2.3790560536024175,0.0,1.0,0.0
-1.2357448608354196,-0.8084613282543729,-1.0715558537157286,-0.4438266171864745,1.366017731498361,0.7213889743880566,-0.9521158534947695,-1.358254962135801,-0.931627030691914,-1.1088938730401168,-0.17557680081116783,0.15499943289114212,-1.2077097892272775,-0.18616376255216355,-0.9964211196172755,-0.9165671120216551,-0.9520367884820939,1.0,0.0,0.0
1.9056751078775152,1.3946743548335816,1.417141308485615,1.7549560335739665,-1.2235893424321813,-1.4866227530786669,1.1486440898249222,1.4926550033666302,1.7608314840982309,1.7510767436036727,1.4540911247081012,1.1862399163793476,1.3283702064603062,1.887044476630068,2.073434574392459,1.630609725804218,1.4856959190633476,1.0,0.0,0.0
-0.03302978709961015,-0.07035495727059138,0.02220277171033987,-0.3606575334697674,0.07121419453308983,0.7213889743880566,0.44124533340094413,0.678109298937364,0.13807946031930599,0.15818171661219507,-0.1973057064847579,-0.5116035315736098,0.05748068053147232,0.5317061263613516,0.14758877384328092,0.5102349512717854,-0.0586766539430236,0.0,1.0,0.0
-0.8408234933400791,-0.9426624866150604,-1.93810858110643,-0.3450633302728848,0.7186159630157255,0.09052848082613564,-1.8769402017200563,-1.358254962135801,-1.251811286504796,-0.7251509801739882,-0.27697836062125614,-1.485869402714401,-0.26736552116334195,-0.9959209972466088,-1.226372856996282,-1.1846909896875364,-0.9662925353098449,1.0,0.0,0.0
-1.6127152570809717,-0.5344672966013024,-0.2736932815450217,-0.3658556012020617,0.07121419453308983,-0.22490176595482486,-2.685395923347459,-2.172800666565067,-0.21121245511292883,-0.913402210636617,-0.9071166251553732,-0.04441171032480967,-0.33005513903427103,-0.6168856959002726,-0.9216868049690983,-0.39947106223745504,-1.2514074718648673,1.0,0.0,0.0
-0.05098075834939829,-0.48414186221604427,-0.40578973389116524,-0.5062034299740047,1.366017731498361,1.9831099615118986,-0.15897179326182465,-0.5437092577065351,-0.7569810729757961,-1.1088938730401168,0.027226318809007666,-0.5457882989820587,-0.5808136105179871,-0.8293751830186733,-0.07086537666677493,-0.36116765114232924,-0.4008145778090506,0.0,1.0,0.0
-0.39204921209537413,0.2260059341092602,0.5717240134702964,0.8816806545485432,0.07121419453308983,0.4059587276070961,1.0445247923426049,0.678109298937364,1.3533242494272906,1.070476141161859,0.42558958949149567,0.1777892778301075,0.22845236563400603,0.21010041612809632,0.7454632910286977,0.3426575277306096,-0.17747454417428293,1.0,0.0,0.0
0.3977935228953067,1.3890826399018865,1.20050312663794,0.9076709932100141,0.7186159630157255,-1.8020529998596273,1.5743082765908656,1.085382151151997,1.2951089301885839,0.7156949760592125,0.04171225592473471,0.3088308862291611,0.23415142180409018,0.7097378588119031,0.38903809809123774,0.7113278595211967,0.3927553289357618,0.0,0.0,1.0
-0.463853097094527,-1.1551476540194827,-1.3198971841264786,-0.8284836293762442,-0.5761875739495458,-0.22490176595482486,-0.6918176097889769,-0.950982109921168,-0.21121245511292883,-1.4998771978471157,-0.2624924235055291,-0.15836093501963902,-1.0367381041247437,-0.5479701865645754,0.5097627602152157,-0.6532311607426644,0.16941529530099417,0.0,0.0,1.0
0.613205177892765,-0.5903844459182556,-0.45334445673577684,0.8608883836193661,-0.5761875739495458,-1.1711925062977062,-0.7438772585301354,-0.13643640549190206,0.7129557378015255,0.3609138109565648,0.23002943842918316,-0.19824316366282907,-0.5238230488171425,0.4972483716935024,0.25681584909830923,0.041018165356492796,-0.31052818123329357,0.0,0.0,1.0
1.1158323728868347,1.3946743548335816,0.7091043239102862,1.2611395990060186,-1.870991110914817,-2.117483246640588,1.307885368327289,1.4926550033666302,1.7608314840982309,1.7510767436036727,1.743809867022638,2.069346407764275,2.069247508571286,1.3586922383897206,1.7572509354963253,2.205160892231107,2.0179104672993895,1.0,0.0,0.0
-0.17663755709791587,1.1374554679755973,1.7288889360225141,1.5314391210853164,-0.5761875739495458,-2.117483246640588,0.11357577955953446,0.270836446722731,1.7608314840982309,1.5121424895549513,1.743809867022638,1.5394825129333187,0.6444834660501713,1.7319845806247485,1.1133860708351073,1.3385462162038833,1.8943606614588795,1.0,0.0,0.0
0.3798425516455182,0.33784023274316655,-0.21028698441887303,0.10716856243670915,0.07121419453308983,-0.22490176595482486,0.5943619473455285,0.270836446722731,1.1859552066160104,1.244246507742748,0.5994208348802181,0.7874176299474448,1.0377183417859992,-0.25507927188786117,-0.14559969131495185,0.4096884971470799,0.4307706538097647,0.0,0.0,1.0
0.9004207178893764,-0.0479880975438098,-0.34238343676501654,0.28390286533471176,0.07121419453308983,-0.8557622595167458,0.18094708969515147,0.270836446722731,0.1162487156047915,0.10025826108523246,-0.6898275684194701,0.30313342499442,-0.21607401563258188,-0.0023890709903039153,0.09010083949852933,-0.1792264484404813,0.055369320678985284,1.0,0.0,0.0
0.6670580916421296,0.16449706986061205,0.02748662980418531,-0.6985319360688895,-0.5761875739495458,-0.22490176595482486,0.49024264986321126,0.270836446722731,-0.10205873154035539,-0.7758340037600808,1.4540911247081012,-0.004529481681619234,-0.3414532513744397,0.36516031213341577,-0.2145852125286539,-0.0595282887682128,-0.11569964125402822,0.0,0.0,1.0
0.5593522641434002,1.2828400561996753,1.3907220180163864,0.013603343255413946,-1.2235893424321813,-2.117483246640588,-0.04260316666394096,0.270836446722731,-0.5168428811161346,0.6867332482957307,-0.3494080461998903,0.19488166153433176,0.7983579826424518,0.38238918946733996,1.2341107329590861,0.3426575277306096,0.4022591601542624,0.0,0.0,1.0
-1.289597774584784,-0.864378477571326,-0.8390660975865162,-1.2911116575504267,1.366017731498361,1.036819221169017,-0.7989992395501856,-0.950982109921168,-0.9971192648354579,-0.8047957315235617,-0.4073517946627974,-0.8762410505970641,-0.3528513637146088,-0.7719455919055921,-0.3640538418250081,-0.9213550384085457,-1.4272283494071312,0.0,0.0,1.0
0.0926270116489071,0.14772192506552626,-0.9553109756511222,-1.436657554054664,-0.5761875739495458,-0.5403320127357853,-1.745259913727714,-1.358254962135801,0.1962947795580116,-0.6310253649426738,-0.03796039821176248,-0.0956888614374828,0.1771608601032456,-0.7604596736829757,-0.04787020292887439,-0.33722801920787554,-0.015909413459770313,1.0,0.0,0.0
-2.079440509575465,-2.4692006629678818,-1.7003349668833718,-1.6497783310787255,0.7186159630157255,2.298540208292859,-2.259731736581516,-2.172800666565067,-0.9680116052161051,-1.1740577605079499,-2.1963650284550615,-1.8789942279115626,-1.3900795866699802,-2.379974143071866,-2.174923773684683,-1.5677251006387958,-2.3395961463832027,1.0,0.0,0.0
0.5054993503940358,0.013520766704838356,0.5928594458456797,0.6633618097921872,0.07121419453308983,0.7213889743880566,0.9802158144858798,0.678109298937364,0.5819712695144376,-0.6817083885287655,0.20830053275559313,0.3430156536376104,0.7641636456219446,0.5374490854726595,-0.04212140949439915,0.25168692637968526,0.6588626030537824,0.0,0.0,1.0
0.7568129478910707,-0.37789927851383376,0.13316379168110012,-0.08515994365817552,-1.2235893424321813,0.09052848082613564,-0.5846359800277681,0.270836446722731,0.1890178646531738,1.07771657310273,0.4473184951650857,1.055198307980294,-0.29016174584367965,1.312748565499256,1.0731445167937819,-0.11698340541090146,-0.01115749785051987,1.0,0.0,0.0
0.038774097899542705,-0.7134021744155528,-0.3001125720142504,-1.135169625581601,1.366017731498361,0.7213889743880566,-0.10078747996288302,-0.5437092577065351,-1.6302108615563842,-0.9858065300453205,0.26624428121850024,0.4056877272197662,-0.7745815203008586,-0.9844350790239927,-0.8009621428451202,-0.5718364121655217,-0.1869783753927838,1.0,0.0,0.0
2.785272699117137,1.3946743548335816,2.072339712122487,1.8017386431646145,-0.5761875739495458,0.4059587276070961,1.6171809284953484,1.4926550033666302,1.0258630787095702,0.7374162718818233,0.8891395771947549,1.727498733679787,0.92373721838431,1.927245190409225,1.8664780107513537,1.4103651120072442,1.26710780103783,0.0,1.0,0.0
-1.002382234588173,-1.0768636449757483,-0.1997192682311814,-0.40224207532812095,0.07121419453308983,-0.5403320127357853,-1.4849616700219215,-1.358254962135801,-1.3027496908386638,-1.1885386243896907,-1.2837509901642707,-0.36346953947033195,-0.6549013407290849,-1.1911816070310848,-1.0079187064862256,-1.2038426952350996,-1.7265990327899046,0.0,0.0,1.0
-1.6845191420801247,-1.7366860069157954,-1.7901605544787496,-1.6497783310787255,0.7186159630157255,0.09052848082613564,-0.756126587645702,-1.358254962135801,-1.5210571379838107,-1.0799321452766353,-2.6961298589476375,-1.7194653133388011,-1.6066437211331894,-2.041139555504687,-1.4218318337684372,-1.7496663033406437,-1.2656632186926184,0.0,1.0,0.0
0.07467604039911897,0.19804735945078364,0.7619429048487436,0.8037096385641304,-1.870991110914817,-0.8557622595167458,-0.5693243186333097,-0.13643640549190206,0.4946482906563786,0.2305860360208986,1.1354005081621106,0.42847757215873244,0.4963080056279757,-0.3986532496705642,-0.2145852125286539,-0.36595557752922003,0.47353789429301796,0.0,1.0,0.0
-0.12278464334855115,0.5782839748060657,0.7672267629425891,1.2351492603445478,-1.2235893424321813,0.7213889743880566,0.30650271312971056,0.678109298937364,1.7608314840982309,0.41883726648352737,0.22278646987132017,1.471112978116421,1.1004079596569278,0.8877695912624554,0.8201976056768746,1.1183016024069095,0.7348932528017889,1.0,0.0,0.0
1.0260775166378937,1.3946743548335816,1.5967924836763705,2.035651691117853,-0.5761875739495458,-1.1711925062977062,1.5528719506386233,1.4926550033666302,1.4843087177143783,1.1139187328070819,1.5844645587496426,1.0324084630413277,1.0434173979560832,1.2782908108314075,1.5387967849862694,1.3864254800727907,1.7803146868368709,0.0,1.0,0.0
-0.73311766584135,-0.26606497987992744,-1.066271995621883,-0.26189424655617793,0.07121419453308983,0.09052848082613564,-0.4713296857087759,-0.5437092577065351,-0.5823351152596792,-1.116134304980987,-0.5232392915886117,-0.7338045197285273,-0.7802805764709431,-1.105037220361463,-0.04787020292887439,-0.49522958997526983,-1.398716855751629,0.0,0.0,1.0
0.5773032353931886,0.41612424178690127,0.43962756112415297,1.7393618303770841,-0.5761875739495458,-1.4866227530786669,0.7015435771067372,0.678109298937364,0.7347864825160411,0.7446567038226932,0.8167098916161207,1.6819190438018554,1.4765456668825017,0.12969898856978312,0.4867675864773156,0.8022984608721203,0.4307706538097647,1.0,0.0,0.0
-0.05098075834939829,0.0750296309534873,-0.34238343676501654,-0.42303434625729763,-0.5761875739495458,0.4059587276070961,-1.034798825024845,-0.13643640549190206,-0.02201266758713527,0.5274437455965827,0.36764584102858855,-0.574275605155766,-0.48392965562655116,-0.5077694727854184,-0.25482676656998016,-0.16007474289291806,0.36424383528025955,1.0,0.0,0.0
-0.6972157233417737,0.04707105629501073,0.3392342573410843,0.06038595284606155,0.7186159630157255,0.7213889743880566,0.015581146635001101,-0.13643640549190206,-0.6914888388322525,-0.21108031237219252,0.7515231745953496,-0.864846128127581,-0.19897684712232827,-0.15170600788431515,-0.23758038626655445,-0.45692617888014403,-0.3390396748887959,0.0,0.0,1.0
1.2953420853847166,0.9026034408443939,0.9257425057579612,0.6477676065953047,-1.2235893424321813,-0.5403320127357853,-1.15422978390162,-0.13643640549190206,0.7857248868499078,1.2080443480383962,0.8456817658475737,1.4084409045342652,0.3538316013758643,0.7269667361458273,1.0156565824490302,0.35223338050439085,0.041113573851233966,0.0,1.0,0.0
0.48754837914424765,0.9417454453662613,0.09089292693033435,0.3150912717284766,-0.5761875739495458,-1.1711925062977062,1.4824383082241153,1.085382151151997,0.7711710570402321,1.3528529868558032,0.8818966086368908,1.0438033855108109,0.3538316013758643,0.28475888457510257,0.0843520460640545,0.6826003011998518,0.2644536074860016,0.0,1.0,0.0
-1.5229604008320308,-0.6015678757816464,-1.024001130871117,-0.6777396651397128,1.366017731498361,0.4059587276070961,-1.488024002300813,-1.7655278143504343,-1.3100266057435022,-1.7677731796593188,-1.2475361473749536,-1.3377354106111228,-1.5553522156024293,-1.4381288488173343,-2.1576773933812574,-1.8645765366260214,-1.9404352352061713,0.0,1.0,0.0
1.0440284878876813,1.3946743548335816,1.8609853883686576,0.9856420091944269,-1.870991110914817,-2.117483246640588,0.9128445043502623,1.4926550033666302,1.4988625475240551,1.1139187328070819,1.743809867022638,1.231819606257279,0.8952419375338877,1.7492134579586736,1.5675407521586453,1.3529099953645554,1.248100138600829,1.0,0.0,0.0
1.2235382003855635,1.3946743548335816,1.3061802885148548,0.8868787222808371,-1.870991110914817,-1.4866227530786669,1.3140100328850728,1.4926550033666302,1.3969857388563194,1.7510767436036727,0.8674106715211648,0.9640389282244299,0.724270252431354,1.3644351975010292,0.46952120617389026,1.3576979217514464,1.0770311766678151,1.0,0.0,0.0
-0.23049047084728028,-0.8699701925030214,-0.7016857871465267,-0.09555607912276404,1.366017731498361,0.09052848082613564,-0.8510588882913442,-1.358254962135801,-1.6374877764612223,0.2305860360208986,0.012740381693280624,-0.5400908377473171,-0.5352211611573116,-0.7145160007925109,-0.08236296353572542,-0.9452946703429994,-0.6194026958345679,0.0,1.0,0.0
-0.21253949959749213,0.3490236626065573,0.30753110877800943,0.7621250967057767,0.07121419453308983,-0.8557622595167458,-0.5325763312866095,-0.13643640549190206,0.6547404185628198,-0.6817083885287655,0.918111451426208,0.9868287731633961,-0.11919006074114595,0.7097378588119031,0.19357912131908203,-0.20316608037493497,0.2597016918767512,0.0,1.0,0.0
-0.01507881584982202,0.5894674046694558,0.5981433039395252,0.3098932039961827,0.07121419453308983,-0.5403320127357853,0.31262737768749355,0.270836446722731,-0.014735752682297456,0.5926076330644162,0.9905411370048421,0.4626623395671809,-0.016607049679625875,-0.07130458032600114,-0.35830504839053284,1.2810910995611942,0.8964583835163011,0.0,0.0,1.0
-0.03302978709961015,0.28751479835790916,0.006351197428802421,0.4658352359650083,0.07121419453308983,-0.5403320127357853,-0.24165476479190004,-0.13643640549190206,-0.4659044767822669,0.165422148553065,-0.22627758071621198,1.129265304031933,-0.2844626896735951,0.05504052012277771,-0.08236296353572542,-0.07389206792888488,0.3167246791877558,0.0,0.0,1.0
-1.3254997170843605,-1.1886979436096545,-1.0715558537157286,-0.7245222747303605,0.7186159630157255,0.4059587276070961,-0.05485249577950785,0.270836446722731,-1.1790421374564137,-0.059031241613915514,-0.64636975707229,-1.0072826589961177,-0.6321051160487471,-0.6800582461246621,-0.43303936303870977,-0.40904691501123663,-0.43882990268305344,1.0,0.0,0.0
-1.1459900045864784,-0.7693193237325059,-1.4255743460033934,-0.41783627852500355,-0.5761875739495458,0.4059587276070961,-1.9963711605968317,-1.358254962135801,-0.39313532773388454,-1.072691713335765,-0.5087533544728847,-0.7167121360243027,-0.278763633503511,-1.2658400754780907,-0.9619283590104245,-0.02122487767308668,-0.2867686031870417,1.0,0.0,0.0
-0.39204921209537413,0.45526624630876866,0.3603696897164668,0.12796083336588618,0.07121419453308983,-0.22490176595482486,-0.6458826256056017,-0.5437092577065351,-0.21121245511292883,-0.5658614774748402,-0.8853877194817826,-0.28940254341869265,0.5646966796689885,-0.301022944778326,-0.11110693070810121,0.15592839864187047,-0.26300902514078983,0.0,1.0,0.0
1.420998884133234,1.3946743548335816,1.3960058761102325,1.7081734239833184,-0.5761875739495458,-1.1711925062977062,1.4303786594829562,1.4926550033666302,-0.014735752682297456,0.5708863372418054,1.743809867022638,0.47975472327140517,0.6444834660501713,0.043554601900161305,1.3203426344762135,0.8884811358361535,0.5448166284317736,0.0,1.0,0.0
0.5234503216438239,0.9641123050930421,0.4501952773118446,1.671786949857259,0.7186159630157255,-0.22490176595482486,-0.41927003696761733,-0.13643640549190206,0.691124993087011,0.0785369652626216,0.39661771526004264,0.3316207311681273,1.3796617119910666,1.2955196881653317,0.3085549900085852,0.37138508605195375,0.8822026366885501,0.0,1.0,0.0
-0.3381962983460097,-0.4897335771477401,-0.6541310643019151,-0.30347878841453146,0.7186159630157255,-0.22490176595482486,0.08907712132840112,-0.5437092577065351,-1.2227036268854432,0.09301782914436149,-0.22627758071621198,-0.24382285354076105,-0.8942616998726323,-0.8523470194639058,-0.8699476640588218,-0.7968689523493866,-0.3913107465905497,0.0,1.0,0.0
1.0440284878876813,1.1989643322242456,0.9891488028841103,0.8400961126901895,0.7186159630157255,-0.22490176595482486,1.4671266468296569,1.085382151151997,0.6984019079918499,-0.07351210549565643,0.26624428121850024,0.8443922422948594,1.1004079596569278,1.3529492792784128,0.47526999960836513,0.9555121052526241,0.6921260123185352,0.0,0.0,1.0
-2.079440509575465,-2.7991118439379052,-1.9750955877633505,-1.6497783310787255,2.660821268463632,2.298540208292859,-1.4206526921651963,-2.172800666565067,-2.408840756374074,-2.897280562435094,-3.311782186366028,-1.7023729296345769,-3.0257087074842195,-2.6843509759711965,-2.07144549186413,-2.419975997505347,-2.3728595556479553,1.0,0.0,0.0
1.1337833441366225,0.8746448661859173,0.7883621953179724,0.7465308935088942,-1.2235893424321813,-1.8020529998596273,0.9159068366291547,1.085382151151997,1.462477972999864,-0.09523340131826728,0.5849348977644911,1.1634500714403813,0.5532985673288203,1.2323471379409425,1.734255761758425,0.7831467553245578,0.7634047464572908,1.0,0.0,0.0
-1.7204210845797008,-1.764644581574272,-2.3978042352710096,-1.0364063386680116,1.366017731498361,1.9831099615118986,-2.2168590846770324,-2.172800666565067,-0.5386736258306491,-0.9858065300453205,-1.4503392669951296,-1.155416651099396,-2.022674821549355,-1.9033085368332923,-2.6290784550082202,-2.185367604547701,-1.4224764337978808,1.0,0.0,0.0
-0.284343384596645,-0.7637276088008105,-0.47447988911116007,-0.4074401430604152,0.7186159630157255,0.09052848082613564,-0.6244462996533598,-0.950982109921168,-1.1717652225515753,0.3609138109565648,0.005497413135417617,-0.39765430687878045,-0.4497353186060447,-0.3182518221122506,0.0671056657606292,-0.974022228664344,-0.06342856955227404,0.0,1.0,0.0
-1.4152545733333015,-1.5409759843064594,-1.314613326032633,-1.4262614185900755,0.07121419453308983,0.7213889743880566,-1.1726037775749705,-0.950982109921168,-1.0698884138838403,-1.2247407840940425,-0.9433314679446904,-0.35207461700084886,-0.8543683066820409,-0.8121463056847491,-1.013667499920701,-0.8160206578969496,-0.8569984762970865,1.0,0.0,0.0
-2.079440509575465,-1.5297925544430686,-1.0504204213403459,-1.6497783310787255,0.7186159630157255,1.6676797147309381,-0.6642566192789515,-0.5437092577065351,-1.3464111802676932,-1.3550685590297087,-0.9940322478497339,-0.18115077995860482,-0.9740484862538146,-0.9672062016900682,-0.8641988706243466,-1.3139650021335862,-1.018563607011599,1.0,0.0,0.0
0.8645187753897995,1.3052069159264568,1.855701530274812,1.9576806751334401,-1.2235893424321813,-0.5403320127357853,0.9802158144858798,1.085382151151997,1.207785951330526,1.215284779979266,0.7442802060374865,1.2033323000835718,0.5305023426484822,1.3414633610557964,0.716719323856322,1.070422338538002,1.2290924761638273,1.0,0.0,0.0
0.23623478164721282,-0.7972778983909825,-0.5008991795803888,-0.15273482417799997,1.366017731498361,1.036819221169017,0.9189691689080463,-0.13643640549190206,-0.3421969234000178,0.38987553872004654,-0.18281976936903085,-0.9730978915876688,-0.9740484862538146,-0.6800582461246621,-1.341348725685785,-0.8830516273134198,-0.4863490587755572,1.0,0.0,0.0
0.7029600341417059,0.8802365811176124,0.8993232152887326,0.32028933946077087,-1.2235893424321813,-1.1711925062977062,0.5759879536721777,0.678109298937364,0.036202651651570356,0.476760722010491,1.0919426968149304,-0.027319326620585026,-0.19897684712232827,0.014839806343620693,0.4867675864773156,-0.35159179836854765,0.16941529530099417,0.0,1.0,0.0
0.3798425516455182,0.28192308342621336,-0.5378861862373088,-0.09035801139046978,0.7186159630157255,0.7213889743880566,0.006394149798325719,-0.5437092577065351,-0.3567507532096934,-0.5006975900070066,0.3024591240078174,-0.010226942916360783,-0.1875787347821596,-0.858089978575214,-0.5767591989005887,0.20380766251077786,0.32147659479700624,1.0,0.0,0.0
0.9901755741383174,0.3713905223333389,0.7143881820041317,-0.1787251628394709,-1.2235893424321813,-0.22490176595482486,1.0384001277848218,1.4926550033666302,-0.29125851906614997,-0.5803423413565811,0.8167098916161207,0.5481242580883029,0.24554953414425926,0.5948786765857407,-0.30081711404578126,0.35223338050439085,0.22168636700274835,1.0,0.0,0.0
0.020823126649754248,-0.5344672966013024,0.07504135264879727,0.09157435923982674,-0.5761875739495458,-0.5403320127357853,-0.49276601166101774,0.270836446722731,0.5819712695144376,-0.6382657968835438,0.17208568996627605,0.2917385025249369,-0.4611334309462134,0.4857624534708868,-0.6342471332453403,0.29956619024859266,0.12189613920849043,0.0,1.0,0.0
-1.1459900045864784,-1.4179582558091621,-1.658064102132606,-1.3430923348733685,2.0134194999809965,1.036819221169017,0.7046059093856287,-0.5437092577065351,-0.9097962859773995,-1.1306151688627275,-2.051505657297793,-1.0528623488740492,-1.1450201713563484,-0.5192553910080349,-1.0021699130517507,-1.4959062048354346,-1.617304973777146,1.0,0.0,0.0
0.4516464366446711,0.7739939974154018,0.798929911505664,1.640598543463494,0.07121419453308983,-1.8020529998596273,1.5559342829175147,0.678109298937364,1.3460473345224517,0.42607769842439835,0.19381459563986608,0.8159049361211521,1.8412852617679074,0.9739139779320771,0.883434333456101,0.7400554178425408,0.6065915313520286,1.0,0.0,0.0
-0.7151666945915618,-0.5456507264646933,-0.146880687292724,-0.7609087488564197,1.366017731498361,0.7213889743880566,1.3966930044151478,0.270836446722731,-0.6696580941177381,-0.37761024701221146,-0.23352054927407498,-0.8363588219538737,-0.7745815203008586,-0.8868047741317545,-0.19159003879075334,-0.3228642400472035,-0.6526661050993202,1.0,0.0,0.0
-1.1639409758362669,-1.7366860069157954,-1.4836967850356964,-1.6497783310787255,2.0134194999809965,1.3522494679499775,-0.8847445433591525,-1.358254962135801,-1.7975799043676632,-1.7315710199549672,-1.428610361321539,-1.3320379493763816,-1.7149257883647941,-2.2938297564022445,-1.226372856996282,-1.3331167076811494,-1.8786603322859168,0.0,1.0,0.0
0.16443089664805996,-1.1048222196342248,-0.2261385587004101,-0.82328556164395,2.0134194999809965,1.9831099615118986,0.19013408653182642,-0.13643640549190206,-1.0626114989790019,-1.0437299855722837,-0.18281976936903085,0.36010803734183466,-0.2331711841428351,0.0033538881210042875,-0.6859862741556171,-0.22710571230938867,-0.19648220661128468,1.0,0.0,0.0
1.1696852866361993,1.3946743548335816,1.528102328456376,0.8348980449578952,-0.5761875739495458,-0.5403320127357853,1.0812727796893047,1.4926550033666302,1.462477972999864,0.5636459053009344,1.743809867022638,1.73889365614927,1.014922117105661,0.4685335761369618,1.2456083198280368,1.2044842773709428,0.8204277337682954,0.0,1.0,0.0
0.4157444941450948,0.6957099883716671,1.2956125723271632,1.6354004757312002,-0.5761875739495458,0.4059587276070961,-0.0640394926161828,0.678109298937364,0.07986414108060036,1.5845468089636547,1.0919426968149304,0.9241566995812404,0.9864268362552387,0.5431920445839681,0.4465260324359893,0.92678454693128,0.7539009152387899,1.0,0.0,0.0
-0.41000018334516225,-0.14863896631432533,-0.38465430151578234,0.28390286533471176,0.7186159630157255,-0.22490176595482486,0.5453646308832609,0.270836446722731,0.7129557378015255,0.15094128467132514,0.36040287247072555,0.05814259190053699,-0.7403871832803517,-0.5077694727854184,-0.5192712645558372,-0.030800730446868298,-0.3723030841535483,1.0,0.0,0.0
-0.08688270084897488,-0.5847927309865606,-0.31596414629578784,-0.2566961788238837,1.366017731498361,1.3522494679499775,0.9618418208125299,-0.13643640549190206,-1.1281037331225463,0.6432906566505089,-0.3131932034105732,-0.5856705276252492,0.4222202754168771,-0.43311100433841304,-0.8641988706243466,-0.49522958997526983,-1.1136019191966067,1.0,0.0,0.0
-1.1639409758362669,0.0973964906802681,-0.4216413081727027,0.12796083336588618,0.07121419453308983,-0.5403320127357853,-1.5492706478786469,-1.358254962135801,-0.18210479549357653,-0.022829081909563752,-0.8129580339031485,-0.6198552950336981,-0.2331711841428351,-0.3641954950027154,-0.2145852125286539,-0.62450360242132,-0.5671316241328137,1.0,0.0,0.0
0.5234503216438239,1.1262720381122067,0.6245625944087538,1.3806951568487846,-1.870991110914817,-0.8557622595167458,0.6341722669711197,1.085382151151997,1.7608314840982309,1.4976616256732103,1.7075950242333209,1.4540205944121967,1.516439060073093,1.887044476630068,2.0849321612614093,2.3679503893853924,1.9798951424253861,0.0,1.0,0.0
-0.05098075834939829,0.8187277168689642,0.9891488028841103,0.569796590610892,-0.5761875739495458,-1.4866227530786669,0.6004866119033115,0.270836446722731,0.6256327589434676,1.0415144133983782,-0.20454867504262192,0.19488166153433176,-0.016607049679625875,-0.8408611012412898,-0.12260451757705129,-0.006861098512414599,0.4355225694190151,0.0,1.0,0.0
-0.37409824084558596,0.18127221465569784,1.2057869847317855,0.5905888615400686,-1.870991110914817,-0.5403320127357853,-0.5417633281232844,0.270836446722731,0.42187914160799633,0.2957499234887322,1.2078301937407447,0.10372228177846858,0.06317973670155645,0.31921663924295096,0.883434333456101,0.5293866568193484,0.24069402943974977,0.0,0.0,1.0
0.541401292893612,1.3387572055166284,1.1899354104502484,0.9076709932100141,-0.5761875739495458,-2.117483246640588,1.7611105456032576,1.085382151151997,0.2763408435112317,0.9618696620488039,1.2875028478772428,1.397045982064782,1.4708466107124176,-0.16319192610693115,0.9006807137595272,0.8406018719672461,1.1435579951973207,1.0,0.0,0.0
0.038774097899542705,0.2427810789043468,0.6298464525026001,-0.3606575334697674,-1.2235893424321813,-0.8557622595167458,1.0414624600637132,0.678109298937364,-0.6551042643080615,0.1219795569078433,0.4400755266072227,-0.0956888614374828,-0.45543437477612886,0.4742765352482704,0.22807188192593347,-0.6005639704868663,0.09338464555298813,1.0,0.0,0.0
-0.5895098958430443,0.08062134588518231,-0.43220902436039393,-0.29308265294994296,0.07121419453308983,0.09052848082613564,-1.546208315599755,-1.358254962135801,0.16718711993865829,-1.9922265698263,0.42558958949149567,-0.6996197523200784,-0.6378041722188317,-0.5766849821211161,-1.117145781741254,0.060169870904055685,-0.33428775927954546,0.0,1.0,0.0
0.5054993503940358,-0.1877809708361927,-0.4480605986419314,-0.4126382107927093,0.7186159630157255,0.09052848082613564,-0.08547581856842464,-0.13643640549190206,0.647463503657982,0.7012141121774715,-1.406881455647949,0.6107963316704595,-0.5295221049872271,-1.2543541572554742,-1.1113969883067787,-1.3666321923893845,-0.18222645978353336,1.0,0.0,0.0
0.0028721553999661144,-0.4897335771477401,-1.4044389136280102,-0.44902468491876857,0.07121419453308983,-0.5403320127357853,-0.7806252458768352,-0.950982109921168,-0.3785814979242089,0.165422148553065,0.20830053275559313,-0.36916700070507313,-0.170481566271906,-0.524998350119343,-0.09960934383915074,-0.9500825967298903,0.19317487334724603,1.0,0.0,0.0
0.020823126649754248,0.5279585404208076,0.12259607549340887,0.013603343255413946,1.366017731498361,0.7213889743880566,0.7015435771067372,0.270836446722731,-0.7569810729757961,0.10025826108523246,-0.8564158452503295,-0.061504094029033916,-0.25596740882317287,-0.38142437233664,0.22807188192593347,0.045806091743383605,-0.3865588309812996,1.0,0.0,0.0
0.8824697466395879,0.7851774272787918,0.13316379168110012,0.2994970685315942,-1.2235893424321813,-0.8557622595167458,-0.11609914135734141,0.678109298937364,-0.8515809667386939,0.5346841775374537,0.563205992090901,0.7760227074779616,-0.11349100457106141,1.1347168330487043,0.2625646425327841,0.7783588289376666,0.4165149069820137,1.0,0.0,0.0
-0.6792647520919852,-0.03680466768041901,0.6615496010656742,-0.12674448551652903,0.7186159630157255,0.09052848082613564,0.59742427962442,-0.13643640549190206,-0.5823351152596792,0.0785369652626216,-0.20454867504262192,-0.5685781439210245,-0.2331711841428351,0.05504052012277771,0.716719323856322,-0.31807631366031264,-0.29627243440554224,0.0,0.0,1.0
1.1158323728868347,1.3778992100384957,0.8517684924441213,0.7621250967057767,0.07121419453308983,-0.5403320127357853,0.7872888809157037,0.270836446722731,0.5164790353708941,0.2305860360208986,0.9543262942155251,1.134962765266674,0.524803286478398,0.7499385725910601,0.9121783006284768,0.6347210373309444,0.47828980990226844,0.0,1.0,0.0
-0.21253949959749213,-0.5232838667379117,-0.16273226157426107,0.1539511720273571,-1.2235893424321813,1.3522494679499775,0.3677493587075441,0.678109298937364,0.8002787166595845,0.2305860360208986,-0.00174555542244539,0.12081466548269282,-0.45543437477612886,0.3881321485786486,-0.5940055792040144,-1.170327210526864,0.37374766649876007,0.0,1.0,0.0
0.3259896378961538,0.3825739521967297,0.8729039248195039,-0.13714062098111737,2.0134194999809965,1.3522494679499775,1.0690234505737386,0.678109298937364,0.4000483968934818,-0.746872275996599,0.7804950488268037,0.6848633277220985,0.29114198350493475,-0.05407570299207693,-0.013377442322023356,0.2229593680583411,0.2026787045657469,1.0,0.0,0.0
-2.079440509575465,-2.424466943514319,-2.5246168295233073,-1.6497783310787255,1.366017731498361,2.298540208292859,-1.9198128536245398,-1.7655278143504343,-1.6229339466515458,-1.6881284283097449,-2.152907217107881,-2.226539363230792,-1.498361653901585,-1.570216908377421,-0.8009621428451202,-1.9411833588162732,-2.3728595556479553,1.0,0.0,0.0
-0.12278464334855115,0.6845265585082763,0.3392342573410843,0.6841540807213639,-1.2235893424321813,-0.5403320127357853,0.34937536503419375,0.678109298937364,0.5092021204660553,1.0632357092209892,1.1426434767199745,0.7874176299474448,0.7014740277510159,1.0715442828243145,0.17058394758118187,0.7400554178425408,0.5495685440410241,1.0,0.0,0.0
0.6491071203923412,0.4832248209672452,0.5822917296579881,0.06038595284606155,-1.2235893424321813,-0.5403320127357853,0.12582510867510135,0.678109298937364,-0.09478181663551756,0.12921998884871325,0.33143099823927147,0.24046135141226413,0.325336320525442,-0.3527095767800994,0.4637724127394146,0.21817144167145028,0.37849958210801055,1.0,0.0,0.0
0.9901755741383174,0.494408250830636,0.9944326609779558,0.6633618097921872,-0.5761875739495458,-2.117483246640588,0.42899600428537765,0.678109298937364,1.629847015811143,1.0197931175757675,-0.14660492657971375,0.9355516220507226,-0.170481566271906,1.5137521343950402,0.6707289763805209,1.0225430746690947,0.5115532191670211,1.0,0.0,0.0
-2.079440509575465,-3.2520407534052262,-2.4612105323971587,-1.6497783310787255,2.0134194999809965,1.6676797147309381,-1.3042840655673125,-2.172800666565067,-2.4670560756127804,-3.1506956803655566,-3.116222035303716,-3.4002163775875345,-2.9288247525927833,-3.396477905773404,-2.4393682716705403,-2.419975997505347,-2.3728595556479553,0.0,1.0,0.0
1.2953420853847166,1.3946743548335816,1.4911153217994557,1.2195550571476652,-1.2235893424321813,-1.4866227530786669,1.4977499696185737,1.4926550033666302,0.5383097800854086,1.1935634841566554,1.664137212886141,1.8585403420788407,2.069247508571286,2.0995339637484687,2.0849321612614093,1.1613929398889258,2.3790560536024175,0.0,1.0,0.0
0.3798425516455182,0.32665680287977655,0.3392342573410843,0.1903376461534162,0.07121419453308983,-1.4866227530786669,0.8454731942146457,0.270836446722731,-0.5750582003548403,-0.0445503777321746,0.45456146372294975,-0.8705435893623226,-0.4155409815855379,-0.909776610576987,-0.40429539586633395,0.586841773462037,-0.4578375651200552,1.0,0.0,0.0
0.25418575289700096,0.9697040200247379,0.9944326609779558,0.5749946583431859,-0.5761875739495458,-1.4866227530786669,0.19013408653182642,0.678109298937364,0.40732531179832066,1.2949295313288407,1.1643723823935646,1.0779881529192592,0.5760947920091576,1.2093753014957098,1.4353185031657167,1.4007892592334628,1.3241307883488347,0.0,0.0,1.0
-0.15868658584812773,-0.8140530431860683,-0.5748731928942291,-0.3970440075958267,0.7186159630157255,-0.5403320127357853,-0.45908035659320906,-0.5437092577065351,-1.2809189461241488,-2.0501500253532625,-1.6458994180574416,-2.0157332975453572,-0.005208937339456798,-0.18042080344085576,-0.03637261605992391,-1.6108164381208123,-0.6051469490068165,0.0,1.0,0.0
-0.03302978709961015,0.3937573820601197,-0.2525578491696388,1.2195550571476652,-1.870991110914817,-0.8557622595167458,-0.5754489831910932,-0.13643640549190206,0.8075556315644233,0.773618431586175,0.3821317781443156,-0.3805619231745562,1.2941758694397998,0.38238918946733996,0.4925163799117904,0.33308167495682794,0.21218253578424745,0.0,1.0,0.0
-0.7151666945915618,-0.5288755816696075,-0.6382794900203778,-1.3326961994087803,0.7186159630157255,1.036819221169017,-0.6275086319322514,-0.950982109921168,-1.0407807542644874,-1.2899046715618756,0.1865716270820031,-0.6825273686158538,-0.8429701943418723,-1.1682097705858525,-0.7089814478935176,-1.2229944007826623,-1.4319802650163815,0.0,1.0,0.0
-0.8408234933400791,-0.8084613282543729,-1.108542860372649,-0.6881358006043011,-1.2235893424321813,0.4059587276070961,-0.5050153407765842,-0.5437092577065351,-0.6478273494032226,-0.7106701162922473,-0.5449681972622018,-0.9161232792402542,-0.14768534159156824,-0.37568141322533183,-0.9446819787069992,-0.30371253449964025,-0.7904716577675813,1.0,0.0,0.0
1.9415770503770913,1.3946743548335816,1.2586255656702428,1.2039608539507825,-1.2235893424321813,-0.8557622595167458,0.9220315011869377,1.085382151151997,1.7608314840982309,0.8315418871131377,1.4033903448030571,1.1976348388488307,0.6330853537100022,1.5252380526176565,1.671019033979198,0.883693209449263,1.3146269571303337,1.0,0.0,0.0
-0.5715589245932561,0.14772192506552626,-0.47447988911116007,0.08637629150753248,-0.5761875739495458,-0.8557622595167458,-0.603009973701118,-0.950982109921168,-0.6332735195935469,-0.7179105482331172,0.04895522448259772,0.3088308862291611,-0.6321051160487471,0.5776497992518165,-0.35830504839053284,-0.49522958997526983,-0.22499370026678667,1.0,0.0,0.0
0.0028721553999661144,-0.12068039165584875,0.968013370508727,-0.07476380819358718,0.07121419453308983,-1.1711925062977062,0.07989012449172617,-0.13643640549190206,1.2150628662353637,0.6867332482957307,0.563205992090901,0.2518562738817464,-0.11349100457106141,0.20435745701678854,0.46952120617389026,-0.5862001913261942,0.03636165824198386,0.0,1.0,0.0
0.7029600341417059,1.3946743548335816,1.0525551000102593,1.1259898379663698,0.07121419453308983,-1.8020529998596273,1.1884544094505134,0.678109298937364,0.31272541803542286,0.7156949760592125,0.42558958949149567,1.0950805366234844,0.5874929043493267,0.5719068401405086,1.2571059066969863,0.6012055526227095,0.8726988054700493,1.0,0.0,0.0
-0.19458852834770402,-0.23251469028975508,-0.7650920842726758,-0.5997686491553,-1.2235893424321813,-1.1711925062977062,-0.728565597135677,-0.13643640549190206,0.42915605651283517,0.15094128467132514,0.6573645833431253,0.2803435800554538,0.1315684107425701,0.12395602945847452,0.3085549900085852,0.1702921778025429,0.9107141303440521,1.0,0.0,0.0
0.43369546539488296,0.8746448661859173,0.5558724391887594,0.18513957842112194,0.7186159630157255,-0.8557622595167458,0.5912996150666361,0.270836446722731,-0.08750490173067975,0.006132645853918073,-0.12487602090612371,1.2603069124309865,-1.1222239466760107,-0.37568141322533183,0.7454632910286977,0.050594018130274414,0.3594919196710091,1.0,0.0,0.0
-0.05098075834939829,0.14772192506552626,0.42377598684261586,-0.15273482417799997,-0.5761875739495458,-0.5403320127357853,0.42899600428537765,0.270836446722731,0.3345561627499384,0.5419246094783235,0.6646075519009883,-0.038714249090068126,0.4108221630767088,-0.036846825658152726,0.9409222678008526,-0.0020731721255237913,0.44027448502826555,1.0,0.0,0.0
1.9236260791273034,1.3946743548335816,2.072339712122487,2.5814488030087426,-0.5761875739495458,-1.4866227530786669,2.0673437734924254,1.4926550033666302,1.7608314840982309,1.7510767436036727,1.743809867022638,2.069346407764275,2.069247508571286,1.9617029450770733,2.0849321612614093,1.8939456770832088,1.442928678580094,0.0,0.0,1.0
-0.6972157233417737,-0.9594376314101466,-0.9922979823080426,-0.9792275936127754,0.07121419453308983,0.7213889743880566,-0.30902607492751705,-0.5437092577065351,0.1453563752241438,-0.1531568568452299,0.16484272140841302,-0.17545331872386327,0.5817938481792426,-0.3584525358914072,-0.3927978089973839,0.060169870904055685,0.02210591141423254,0.0,1.0,0.0
-1.3075487458345723,-0.3331655590602714,-0.7386727938034471,-0.0695657404612931,-0.5761875739495458,-0.22490176595482486,0.06457846309726778,0.270836446722731,-0.32036617868550227,0.7518971357635642,-0.33492210908416326,-0.6654349849116296,-0.2730645773334265,-0.19764968077477996,-0.19733883222522858,0.2468989999927948,0.7539009152387899,1.0,0.0,0.0
0.7388619766412822,0.6565679838497998,1.3114641466087003,0.959651670532956,-0.5761875739495458,-0.5403320127357853,1.9785361374045667,1.4926550033666302,0.20357169446284942,1.418016874323637,0.36764584102858855,1.0836856141540012,0.4621136686074685,1.846843762850911,0.4925163799117904,1.0943619704724559,-0.239249447094538,1.0,0.0,0.0
2.1928906478741266,1.238106336746113,0.5558724391887594,0.7257386225797176,-1.2235893424321813,-0.22490176595482486,-0.036478502106157516,1.085382151151997,1.7608314840982309,1.1428804605705627,1.4396051875923743,1.055198307980294,-0.3129579705240174,0.4570476579143462,1.3548353950830643,0.8693294302885909,1.2195886449453264,1.0,0.0,0.0
1.3850969416336576,1.2884317711313702,0.9838649447902649,1.0999994993048987,-1.2235893424321813,-1.8020529998596273,0.24525606755187698,1.085382151151997,0.6984019079918499,1.0053122536940267,0.918111451426208,0.5082420294451125,0.8496494881732114,1.0772872419356232,0.43502844556703885,0.7975105344852298,0.9772409488735576,1.0,0.0,0.0
0.4516464366446711,1.025621169341691,0.751375188661052,0.27350672987012326,-0.5761875739495458,-0.5403320127357853,0.8056628745890536,0.678109298937364,0.9094324402321579,0.8749844787583604,0.6501216147852623,0.06384005313527814,0.8952419375338877,0.7786533681476007,0.7972024319389737,0.44320398185531484,0.19317487334724603,1.0,0.0,0.0
-1.271646803334996,-1.1942896585413496,-1.2195038803434093,-1.1663580319753664,0.7186159630157255,0.7213889743880566,-1.2460997522683706,-1.358254962135801,-1.9940566067982957,-0.8699596189913953,-1.2402931788170906,-1.1497191898646544,-1.4185748675204024,-0.8408611012412898,-1.6460347777129682,-1.0266894189201419,-0.876006138734088,1.0,0.0,0.0
1.367145970383869,1.3946743548335816,1.6760503550840566,2.321545416394033,-0.5761875739495458,-1.1711925062977062,1.6968015677465327,1.4926550033666302,1.207785951330526,1.7510767436036727,1.743809867022638,1.5508774354028019,2.069247508571286,1.39314999305757,1.7802461092342263,0.6107814053964907,2.108196863875146,1.0,0.0,0.0
-0.8408234933400791,-1.5968931336234125,-1.5523869402556911,-1.6497783310787255,-0.5761875739495458,1.036819221169017,-1.2583490813839373,-0.950982109921168,-1.1353806480273843,-0.5368997497113583,-1.4141244242058124,-2.266421591873982,-1.2590012947580373,-1.248611198144166,-1.1458897489136297,-1.0697807564021586,-0.8855099699525886,0.0,1.0,0.0
-0.463853097094527,-0.20455611563127848,-0.5854409090819204,0.3462796781222418,0.07121419453308983,0.7213889743880566,-0.8265602300602104,-0.950982109921168,0.480094460846703,-0.3848506789530814,0.1141419415033689,0.6620734827831323,0.24554953414425926,0.4053610259125728,0.7914536385044988,0.28520241108792055,0.055369320678985284,0.0,1.0,0.0
-0.17663755709791587,0.030295911499924146,-0.030635809228117542,0.22152605254718138,1.366017731498361,-0.22490176595482486,0.07070312765505123,-0.13643640549190206,-2.299687032801501,-1.3405876951479683,-0.2697353920633921,-1.0072826589961177,-1.4071767551802334,-0.6513434505681215,-0.26632435343893024,-0.8208085842838403,-1.1658729908983607,1.0,0.0,0.0
0.21828381039742467,-0.2884318396067082,-0.14159682919887817,-0.5529860395646523,0.07121419453308983,0.09052848082613564,0.08907712132840112,-0.13643640549190206,-0.014735752682297456,-0.5224188858296185,0.5559630235330371,-0.7622918259022348,-0.022306105849710413,-0.2608222309991694,0.504013966780741,-0.24146949147006078,-0.09669197881702679,1.0,0.0,0.0
0.5773032353931886,1.0703548887952534,0.7672267629425891,-0.20471550150094184,0.7186159630157255,0.09052848082613564,0.949592491696963,0.270836446722731,-0.44407373206775236,0.7953397274087859,-0.0814182095589436,0.633586176609425,-0.7004937900897608,-0.49628355456280243,0.8719367465871514,-0.7920810259624959,0.5543204596502744,0.0,1.0,0.0
0.4157444941450948,0.2763313684945184,0.4607629934995362,0.4658352359650083,0.07121419453308983,-0.22490176595482486,0.7872888809157037,0.270836446722731,0.4146022267031585,-0.6961892524105063,1.34544659634015,0.1891842002995906,0.513405174138229,-0.0023890709903039153,0.2625646425327841,0.017078533422039098,0.06487315189748583,1.0,0.0,0.0
0.29008769539657725,0.42730767165029204,0.7196720400979778,0.24751639120865232,-0.5761875739495458,-0.22490176595482486,0.8362861973779704,0.270836446722731,-0.29125851906614997,0.5346841775374537,0.48353333795440284,0.8443922422948594,0.615988185199749,-0.22062151722001236,-0.24332917970102969,0.9698758844132962,0.19792678895649649,0.0,0.0,1.0
1.7082144241298454,1.3946743548335816,1.2322062752010141,2.2487724681419143,-0.5761875739495458,-0.8557622595167458,0.6433592638077952,0.678109298937364,0.8512171209934523,1.555585081200173,0.7297942689217595,1.5736672803417673,1.995159778360188,1.0945161192695474,0.9006807137595272,1.4295168175548076,2.3790560536024175,0.0,1.0,0.0
0.613205177892765,1.031212884273386,1.2110708428256316,0.7777192999026594,0.07121419453308983,0.7213889743880566,1.3599450170684482,1.085382151151997,0.18174094974833493,1.0053122536940267,0.541477086417311,0.31452834746390307,-0.14768534159156824,0.34793143479949157,-0.6399959266798155,0.19423180973699658,0.7491489996295398,1.0,0.0,0.0
-0.5177060108438917,-0.37789927851383376,-0.923607827088048,-1.0260102032034233,0.07121419453308983,-0.8557622595167458,-0.67956828067341,-0.13643640549190206,-0.8806886263580461,-0.1676377207269708,-0.5015103859150217,-0.38625938440929775,-0.24456929648300418,-0.14022008966169874,-0.8239573165830207,-0.3468038719816572,0.11239230798998956,1.0,0.0,0.0
0.4516464366446711,0.768402282483706,0.8940393571948871,0.33588354265765363,-0.5761875739495458,-0.5403320127357853,0.8179122037046205,1.085382151151997,0.5092021204660553,-0.0011077860869528973,1.0195130112362962,1.0039211568676203,1.0377183417859992,1.6228683575098948,0.8201976056768746,0.9363603997050609,0.2692055230952521,0.0,1.0,0.0
1.0260775166378937,1.2325146218144172,1.4963991798933012,1.7965405754323198,-1.2235893424321813,-1.4866227530786669,1.1578310866615966,1.4926550033666302,0.28361775841607056,0.41883726648352737,0.939840357099799,0.7988125524169278,1.1915928583782789,0.7614244908136765,0.739714497594222,1.2715152467874127,0.7681566620665409,1.0,0.0,0.0
-0.37409824084558596,-0.9873962060686231,-0.923607827088048,-1.4314594863223697,0.7186159630157255,1.036819221169017,-1.3257203915195543,-1.7655278143504343,-2.197810224133766,-1.8112157713045411,-1.0881908391019586,-1.6055160886439719,-1.612342777303274,-0.8523470194639058,-1.3126047585134093,-1.3857838979369475,-1.2323998094278659,0.0,1.0,0.0
-0.23049047084728028,0.7907691422104876,0.4343437030303075,0.47623137142959643,-0.5761875739495458,-1.4866227530786669,0.3310013713608439,0.678109298937364,1.0549707383289224,0.15094128467132514,-0.07417524100107957,0.7247455563652889,-0.6435032283889162,0.606364594808357,0.6764777698149956,0.6107814053964907,0.09338464555298813,0.0,0.0,1.0
-0.26639241334685687,0.5223668254891126,0.13844764977494595,0.8089077062964243,0.7186159630157255,0.09052848082613564,0.879158849282454,0.270836446722731,-0.20393554020809102,0.4477989942470092,1.1136716024885205,0.47975472327140517,0.7014740277510159,1.1576886694939363,0.40628447839466303,1.1901204982102707,1.1815733200713234,0.0,1.0,0.0
-0.284343384596645,-0.07594667220228639,-0.16801611966810687,-0.5321937686354756,-1.870991110914817,-1.1711925062977062,-0.394771378736484,0.270836446722731,-0.4222429873532379,-0.9930469619861909,-0.9940322478497339,-0.35207461700084886,-0.43833720626587563,-0.09427641677123394,-0.8871940443622476,-0.02122487767308668,0.1599114640824933,1.0,0.0,0.0
1.1517343153864108,1.3946743548335816,1.137096829511791,1.1831685830216059,-0.5761875739495458,-1.4866227530786669,0.030892808029459495,0.270836446722731,1.5789086114772752,1.7510767436036727,0.48353333795440284,1.653431737628148,0.9009409937039718,0.7154808179232117,1.1421300380074833,2.0902506589457297,1.0105043581383104,0.0,1.0,0.0
-0.14073561459833928,-0.008846093021942432,0.39207283827954176,0.03959368191688487,0.07121419453308983,-0.8557622595167458,-0.02729150526948257,-0.13643640549190206,-0.545950540735488,-0.9568448022818392,0.012740381693280624,-0.2837050821839511,0.11447124223231689,-1.0131498745805334,-0.6514935135487661,-0.5191692219097235,0.4450264006375157,1.0,0.0,0.0
0.14647992539827182,0.26514793863112757,-0.062338957791192064,0.28390286533471176,-1.2235893424321813,-0.8557622595167458,-0.7530642553668104,-0.13643640549190206,-0.42951990225807574,0.8315418871131377,0.968812231331252,0.023957824492087703,-0.005208937339456798,0.17564266146024793,-0.11110693070810121,0.6395089637178353,0.026857827023482977,1.0,0.0,0.0
-0.37409824084558596,-0.8308281879811541,-0.1257452549173411,0.055187885113767286,0.7186159630157255,1.3522494679499775,-0.030353837548374073,-0.13643640549190206,-0.0802279868258409,0.476760722010491,-0.42183773177852446,-0.5286959152778344,-0.8543683066820409,-0.484797636340186,0.3602941309188619,-0.5909881177130846,0.730141337192538,0.0,0.0,1.0
0.7029600341417059,-0.8420116178445448,-0.3053964301080962,-0.3138749238791198,0.07121419453308983,0.4059587276070961,-0.28758974897527523,0.270836446722731,0.6038020142289521,0.476760722010491,0.3531599039128615,0.11511720424795167,-0.9626503739136459,-0.5192553910080349,-0.20883641909417866,0.026654386195820712,-0.020661329069020754,1.0,0.0,0.0
-1.9537837108269476,-1.2557985227899982,-1.4361420621910848,-1.3171019962118975,1.366017731498361,1.3522494679499775,-1.5584576447153218,-1.7655278143504343,-1.6957030956999282,-1.4129920145566717,-0.4001088261049334,-0.9332156629444788,-1.612342777303274,-1.6735901723809674,-0.29506832061130606,-0.8926274800872014,-0.9140214636080909,0.0,0.0,1.0
-1.846077883328218,-1.7031357173256234,-1.8852700001679727,-1.6497783310787255,-0.5761875739495458,1.6676797147309381,-2.838512537292043,-2.172800666565067,-1.4046264995063988,-1.1088938730401168,-0.8491728766924656,-0.9958877365266346,-0.31865702669410195,-1.334755584813788,-0.7664693822382692,-1.6969991130848454,-0.9282772104358421,0.0,0.0,1.0
1.2773911141349281,1.3946743548335816,1.7024696455532853,0.9024729254777198,-0.5761875739495458,-0.8557622595167458,1.283386710096156,1.4926550033666302,0.32727924784509954,0.5853672011235463,1.1354005081621106,1.0950805366234844,1.6874107451756268,2.076562127303236,1.1018884839661578,1.4390926703285885,1.9086164082866304,1.0,0.0,0.0
-1.7563230270792771,-1.0544967852489666,-0.9764464080265055,-0.8700681712345977,0.07121419453308983,0.09052848082613564,-1.3440943851929041,-1.358254962135801,-1.0262269244548108,-0.26900376789915614,-1.4358533298794025,-1.0756521938130155,-0.7802805764709431,-1.0476076292483818,-1.3873390731615862,-0.5862001913261942,-0.7049371768010744,1.0,0.0,0.0
-1.092137090837114,-1.127189079361006,0.12259607549340887,0.36187388131912457,1.366017731498361,1.3522494679499775,0.15338609918512663,-0.5437092577065351,-0.9025193710725612,-0.9640852342227096,-2.2108509655707884,-0.6369476787379222,-1.0823305534854193,-0.720258959903819,-1.0366626736586013,-1.342692560454931,-1.0898423411503546,1.0,0.0,0.0
-1.1459900045864784,-1.6472185680086702,-2.1283274724848766,-1.6497783310787255,2.0134194999809965,1.036819221169017,-1.595205632062022,-2.172800666565067,-2.4379484159934277,-2.1659969364071885,-2.0877205000871104,-1.9416663014937183,-2.1708502819715507,-2.110055064840384,-1.548305289326891,-1.543785468704342,-1.945187150815422,1.0,0.0,0.0
-0.661313780842197,-0.66866845496199,-0.9922979823080426,-1.2495271156920733,0.07121419453308983,0.09052848082613564,-2.0514931416168816,-2.172800666565067,-0.8806886263580461,-1.3261068312662272,0.06344116159832476,-1.0927445775172397,-0.14768534159156824,-1.2600971163667825,-0.9101892181001482,-1.2660857382646789,-1.0090597757930984,1.0,0.0,0.0
-1.1639409758362669,-1.691952287462233,-1.7003349668833718,-1.6497783310787255,1.366017731498361,0.4059587276070961,-0.7959369072712936,-1.358254962135801,-2.0304411813224865,-2.6438654445046317,-1.8704314433512077,-0.70531721355482,-1.5268569347520071,-0.9614632425787599,-0.8986916312311977,-0.6436553079688828,-1.2894227967388703,0.0,1.0,0.0
0.6850090628919174,1.3946743548335816,0.8570523505379668,1.5418352565499045,-1.2235893424321813,-0.5403320127357853,0.6617332574811451,1.085382151151997,1.418816483570834,0.7663779996453052,1.743809867022638,0.6278887153746838,1.6646145204952896,0.9222273459303038,1.9642074991374314,1.8364905604405204,1.0485196830123131,1.0,0.0,0.0
0.4695974078944592,0.8802365811176124,0.613994878221063,0.9648497382652499,-1.870991110914817,-1.4866227530786669,-0.5662619863544178,0.270836446722731,1.4406472282853484,1.4614594659688587,0.25900131266063725,1.1805424551446064,0.6672796907305094,0.8533118365946061,0.47526999960836513,0.8118743136459019,0.18842295773799558,1.0,0.0,0.0
-0.9305783495890201,-0.6015678757816464,-0.7967952328357499,-0.8960585098960686,1.366017731498361,1.036819221169017,-0.8908692079169359,-1.358254962135801,-1.2954727759338254,-0.8916809148140061,-0.60291194572511,-1.2978531819679326,0.16006369159299239,-0.8695758967978303,-1.0424114670930766,-0.9357188175692179,-0.7286967548473263,0.0,1.0,0.0
1.7441163666294215,1.3946743548335816,2.072339712122487,1.692579220786436,-1.870991110914817,-2.117483246640588,1.1945790740082973,1.4926550033666302,1.5425240369530842,1.7510767436036727,1.743809867022638,2.069346407764275,2.069247508571286,2.0995339637484687,2.0849321612614093,1.8412784868274108,2.3790560536024175,1.0,0.0,0.0
1.4748517978825986,0.9361537304345655,1.0472712419164132,0.9960381446590151,-1.2235893424321813,-0.5403320127357853,1.7427365519299078,1.4926550033666302,1.0913553128531137,1.1718421883340444,0.40386068381790563,0.09802482054372744,1.3682635996508976,0.33070255746556737,0.8719367465871514,0.7639950497769945,1.1910771512898244,0.0,1.0,0.0
-0.10483367209876301,-0.26606497987992744,-0.6699826385834523,-1.3015077930150152,0.07121419453308983,-0.22490176595482486,0.318752042245277,-0.13643640549190206,0.3636638223692907,0.7012141121774715,-0.24800648638980202,0.1322095879521759,-0.6606003968991694,-0.20339263988608816,-0.7147302413279929,-0.45213825249325323,-0.43407798707380335,1.0,0.0,0.0
-2.079440509575465,-2.608993536260265,-2.197017627704872,-1.6497783310787255,2.0134194999809965,1.9831099615118986,-1.880002533998948,-2.172800666565067,-3.1074245872385444,-1.463675038142764,-2.4788408022117348,-2.4088581227425188,-1.8915965296374124,-2.7647524035295103,-2.560092933794518,-2.0321539601671974,-1.8026296825379107,1.0,0.0,0.0
2.085184820375397,1.3946743548335816,0.5083177163441482,1.7809463722354375,-1.870991110914817,-0.8557622595167458,0.9465301594180715,1.4926550033666302,1.7608314840982309,1.3673338507375443,1.743809867022638,1.824355574670392,1.8526833741080764,1.7894141717378298,1.9757050860063812,2.3679503893853924,1.8706010834126277,0.0,1.0,0.0
-1.092137090837114,-1.5409759843064594,-1.5840900888187655,-1.6497783310787255,1.366017731498361,1.6676797147309381,-1.2185387617583456,-1.7655278143504343,-1.1062729884080313,-2.3904503265741694,-1.1388916190070022,-1.2750633370289668,-1.315991856458882,-3.0289285226496836,-2.1001894590365056,-1.376208045163166,-2.1400156907946872,0.0,1.0,0.0
-0.9664802920885965,-2.340591219538889,-1.9962310201387332,-1.6497783310787255,0.7186159630157255,1.3522494679499775,-1.3195957269617709,-1.7655278143504343,-1.5574417125080018,-0.12419512908174911,-1.464825204110856,-1.3092481044374153,-0.8486692505119567,-0.6341145732341973,-1.260865617603133,-2.022578107393416,-2.3728595556479553,0.0,0.0,1.0
1.6723124816302684,1.103905178385425,1.2374901332948602,1.8069367108969083,-1.2235893424321813,-2.117483246640588,0.655608592923362,0.678109298937364,-0.6041658599741936,1.7510767436036727,1.722080961349048,0.4227801109239905,0.35953065754594843,1.1117449966034716,0.6189898354702441,0.6490848164916165,0.4307706538097647,0.0,1.0,0.0
1.546655682881751,1.3946743548335816,1.7975790912425085,1.7965405754323198,-1.870991110914817,0.4059587276070961,0.9587794885336375,1.4926550033666302,1.7608314840982309,1.7510767436036727,1.743809867022638,1.7559860398534943,2.069247508571286,1.8066430490717549,0.8661879531526757,2.1429178492015275,2.3790560536024175,0.0,1.0,0.0
0.7029600341417059,1.221331191951027,0.9151747895702697,1.630202407998906,0.07121419453308983,0.4059587276070961,0.7995382100312706,1.085382151151997,1.7608314840982309,0.40435640260178746,0.7370372374796225,1.4597180556469378,1.3682635996508976,0.6752801041440547,1.165125211745384,0.8070863872590115,0.9819928644828076,1.0,0.0,0.0
-0.284343384596645,0.30428994315299496,0.22827323737032332,0.26311059440553475,-0.5761875739495458,0.09052848082613564,-0.27227808758081684,0.270836446722731,0.5019252055612174,0.9908313898122857,0.37488880958645154,-0.35777207823559043,0.6558815783903403,0.21010041612809632,0.07860325262957885,-0.03558865683375911,0.6208472781797796,1.0,0.0,0.0
0.3080386666463657,0.9641123050930421,0.503033858250302,0.4086564909097722,0.07121419453308983,-0.8557622595167458,0.9005951752346963,0.678109298937364,-0.13844330606454652,0.39711597066091653,0.40386068381790563,0.1777892778301075,0.2398504779741751,0.7958822454815249,1.2226131460901357,1.2523635412398502,1.100790754714067,0.0,1.0,0.0
0.9183716891391641,0.6677514137131905,0.1807185145257121,0.6685598775244814,-0.5761875739495458,-0.5403320127357853,0.680107251154495,0.678109298937364,0.38549456708380514,0.6143289288870271,0.7225513003638965,2.069346407764275,1.6304201834747822,-0.16893488521823935,0.4177820652636135,0.8118743136459019,0.3024689323600045,0.0,1.0,0.0
1.1158323728868347,0.3098816580846899,0.42377598684261586,0.11756469790129767,-0.5761875739495458,-0.8557622595167458,-0.30902607492751705,0.270836446722731,1.6371239307159808,1.1211591647479517,1.743809867022638,0.15499943289114212,0.006189175000711874,0.5489350036952758,0.09584963293300498,0.28520241108792055,0.8109239025497945,0.0,0.0,1.0
0.11057798289869523,0.2036390743824794,-0.146880687292724,0.0655840205783558,-0.5761875739495458,0.4059587276070961,0.5698632891143947,0.678109298937364,0.7202326527063644,0.3753946748383057,0.3893747467021786,0.6848633277220985,0.8268532634928741,0.9911428552660013,0.39478689152571256,0.4623556874028781,0.37849958210801055,1.0,0.0,0.0
-0.17663755709791587,-0.14304725138263033,-0.45334445673577684,-0.41783627852500355,0.07121419453308983,0.09052848082613564,-0.3457740622742173,-0.5437092577065351,0.40732531179832066,-0.6527466607652846,-1.1533775561227293,-0.26661269847972685,0.5532985673288203,-0.5077694727854184,-0.3065659074802565,-0.47128995804081614,-0.32003201245179413,1.0,0.0,0.0
-0.08688270084897488,-0.45059157262587274,-0.5590216186126916,-0.9948217968096583,0.7186159630157255,0.09052848082613564,0.16257309602180156,0.270836446722731,0.09441797089027598,-0.29796549566263697,-0.4363236688942505,0.08093243683950238,0.7128721400911849,-0.10576233499384995,-0.5135224711213623,-0.6005639704868663,0.36424383528025955,0.0,1.0,0.0
-1.2357448608354196,-1.0097630657954044,-0.8549176718680532,-0.7245222747303605,1.366017731498361,0.7213889743880566,-0.5999476414222265,-1.358254962135801,-1.098996073503193,-0.3341676553669887,-1.8414595691197542,-0.48311622539990245,-1.5097597662417535,0.23881521168463696,-0.5595128185971634,-1.1511755049793013,-0.9187733792173411,1.0,0.0,0.0
0.7747639191408584,0.15331363999722125,0.6509818848779826,-0.017585063138351245,0.7186159630157255,1.036819221169017,-0.4713296857087759,-0.5437092577065351,-0.4222429873532379,-0.008348218027822839,-0.5015103859150217,0.16069689412588326,-0.7460862394504363,-0.048332743880768726,-0.8354549034519708,0.24211107360590398,-0.5053567212125589,0.0,0.0,1.0
-2.079440509575465,-1.9435794593885223,-2.4823459647725414,-1.6497783310787255,2.0134194999809965,2.613970455073819,-1.2185387617583456,-2.172800666565067,-1.5792724572225163,-1.3767898548523199,-2.6888868903897745,-1.7308602358082843,-0.9626503739136459,-1.5817028266000372,-2.3243924029810374,-1.8406369046915676,-0.8997657167803398,0.0,0.0,1.0
-0.08688270084897488,0.01911248163653415,-0.9711625499326596,-1.1663580319753664,-0.5761875739495458,0.7213889743880566,-1.0194871636303866,-0.5437092577065351,0.17446403484349712,0.39711597066091653,-0.660855694188017,0.719048095130547,-1.0424371602948281,0.0607834792340855,0.6017434551668187,-1.1511755049793013,0.012602080195731995,1.0,0.0,0.0
0.0926270116489071,-0.09831353192906796,-0.146880687292724,0.08637629150753248,0.7186159630157255,0.7213889743880566,-0.250841761628575,-0.13643640549190206,-0.04384341230164975,-1.1306151688627275,-1.805244726330437,-1.2636684145594839,-1.7320229568750476,-1.1739527296971606,-0.7434742085003686,-0.605351896873757,-0.6811775987548225,0.0,1.0,0.0
-1.092137090837114,-1.3340825318337324,-1.108542860372649,-0.7765029520533023,0.7186159630157255,0.7213889743880566,-0.9613028503314445,-0.950982109921168,-0.3713045830193701,-0.913402210636617,-0.8057150653452855,-0.9958877365266346,-1.3273899687990511,-0.5020265136741102,-1.237870443865232,-1.2948132965860235,-0.6241546114438182,0.0,1.0,0.0
-0.05098075834939829,0.2483727938360418,0.5083177163441482,0.7257386225797176,0.07121419453308983,-2.117483246640588,0.7658525549634623,0.678109298937364,-0.7278734133564437,-1.8546583629497628,0.09241303582977885,0.1777892778301075,0.15436463542290826,-0.10001937588254174,0.0671056657606292,-0.6580190871295553,-0.1679707129557824,1.0,0.0,0.0
0.9542736316387405,1.2045560471559404,1.0895421066671798,1.0480188219819568,-1.2235893424321813,-0.8557622595167458,1.084335111968197,1.4926550033666302,1.2878320152837461,0.8894653426401004,1.3164747221086959,0.6620734827831323,1.898275823468752,0.29624480279771814,1.4123233294278157,1.0895740440855646,1.7042840370888646,0.0,0.0,1.0
0.6311561491425534,0.5950591196011515,0.37093740590415847,-0.22030970469782443,0.07121419453308983,-0.22490176595482486,0.26056772894633534,0.270836446722731,1.1714013768063347,1.1790826202749145,0.6718505204588523,0.6107963316704595,0.6558815783903403,0.5833927583631242,1.19386917891776,0.9555121052526241,0.5923357845242773,1.0,0.0,0.0
-0.7690196083409262,-1.7366860069157954,-1.5048322174110795,-0.7141261392657721,0.7186159630157255,1.036819221169017,-1.5890809675042386,-1.7655278143504343,-1.0698884138838403,-1.6519262686053933,-2.239822839802242,-1.451684635305952,-1.8061106870861454,-1.9722240461689895,-1.8932328953954003,-1.4719665729009808,-1.7931258513194102,0.0,1.0,0.0
-2.079440509575465,-1.535384269374764,-1.1032590022788031,-1.1559618965107779,0.7186159630157255,1.036819221169017,-1.7758832365166308,-1.7655278143504343,-1.2881958610289872,-1.1885386243896907,-0.631883819956563,-1.195298879742586,-0.8543683066820409,-1.1222660976953875,-0.8412036968864461,-0.38031935668989214,-1.1373614972428585,1.0,0.0,0.0
1.5646066541315395,1.3219820607215427,0.518885432531839,0.3254874071930651,0.07121419453308983,-1.4866227530786669,1.6937392354676404,1.4926550033666302,1.7608314840982309,0.15818171661219507,1.743809867022638,1.8756327257830647,0.9750287239150697,0.6637941859214382,0.5327579339531167,0.45277983462909643,0.5638242908687751,0.0,0.0,1.0
-1.7563230270792771,-0.3443489889236614,-1.024001130871117,-0.8908604421637746,-0.5761875739495458,0.4059587276070961,-2.8293255404553683,-1.7655278143504343,-1.6593185211757369,-0.3341676553669887,-0.6825845998616071,-1.3719201780195716,-0.7916786888111121,-0.43311100433841304,-1.088401814568878,-1.045841124467705,-0.7144410080195753,1.0,0.0,0.0
-0.4459021258447388,-0.5792010160548648,-0.12046139682349528,0.2994970685315942,1.366017731498361,1.036819221169017,0.9740911499280959,0.270836446722731,-0.8879655412628845,0.06405610138088069,-0.5087533544728847,0.2347638901775222,-0.3813466445650311,0.032068683677544896,-0.23183159283207921,-0.605351896873757,-0.20598603782978522,1.0,0.0,0.0
0.16443089664805996,0.33784023274316655,0.23884095355801493,0.32028933946077087,-0.5761875739495458,0.09052848082613564,0.9802158144858798,1.085382151151997,0.560140524799923,0.8967057745809712,-0.41459476322066047,0.7988125524169278,-0.48392965562655116,0.5431920445839681,0.4005356849601882,-0.18401437482737176,0.24544594504900022,0.0,0.0,1.0
-0.661313780842197,-0.9985796359320135,0.1278799335872547,0.08637629150753248,-0.5761875739495458,0.7213889743880566,0.22688207387852666,-0.13643640549190206,0.32727924784509954,-1.898100954594985,-1.4358533298794025,-0.9844928140571519,-1.3957786428400643,-0.9729491608013764,-0.6514935135487661,-0.7106862773853531,-0.7572082485028285,1.0,0.0,0.0
-0.8767254358396555,0.024704196568229145,-0.45334445673577684,0.268308662137829,0.07121419453308983,0.4059587276070961,-0.9245548629847442,-0.5437092577065351,-0.45135064697259125,-0.059031241613915514,0.28797318689209134,-0.3919568456440393,0.6444834660501713,-0.4733117181175696,0.22232308849145782,0.15592839864187047,-0.09669197881702679,1.0,0.0,0.0
-1.0562351483375374,-1.2781653825167794,-1.0979751441849575,-1.6497783310787255,1.366017731498361,0.7213889743880566,-1.2124140972005621,-0.950982109921168,-1.3755188398870462,-1.3767898548523199,-0.60291194572511,-1.6624907009913865,-1.2248069577375307,-2.3110586337361685,-2.0197063509538538,-1.2900253701991327,-1.4842513367181358,0.0,0.0,1.0
0.4516464366446711,0.10857992054365889,0.5717240134702964,-0.41783627852500355,0.7186159630157255,0.09052848082613564,1.2711373809805893,0.678109298937364,0.04347956655640921,-0.746872275996599,-0.4363236688942505,-0.8819385118318053,-0.7916786888111121,-0.5824279412324243,-1.2781119979065583,-0.5335330010703959,-0.6431622738808197,0.0,0.0,1.0
-0.553607953343468,-0.8196447581177636,-0.7545243680849842,0.1747434429565338,0.7186159630157255,0.7213889743880566,0.2544430643885519,-0.13643640549190206,0.2108486093676883,-0.13867599296348898,0.6718505204588523,-0.6198552950336981,0.7071730839211,0.5776497992518165,0.026864111719302915,-0.07867999431577569,0.3880034133265114,0.0,1.0,0.0
-1.4332055445830898,-2.6257686810553507,-3.100557361752493,-1.6497783310787255,2.0134194999809965,1.9831099615118986,-2.0514931416168816,-2.172800666565067,-1.6447646913660603,-1.6446858366645227,-1.0447330277547782,-2.0043383750758745,-2.062568214739946,-1.5989317039339614,-0.7262278281969429,-2.0321539601671974,-1.4557398430626334,0.0,1.0,0.0
-0.06893172959918674,0.15890535492891705,-0.28954485582655914,-0.053971537264410514,0.07121419453308983,0.4059587276070961,-1.1419804547860537,-0.5437092577065351,0.6547404185628198,0.8170610232313967,0.6066638034380811,-0.36916700070507313,0.19995708478358376,0.0780123565680097,-0.08811175697020025,0.3139299694092651,0.18842295773799558,1.0,0.0,0.0
0.11057798289869523,0.43849110151368287,0.8042137695995094,-0.35545946573747333,0.07121419453308983,0.09052848082613564,0.9036575075135879,0.270836446722731,0.07986414108060036,-1.1812981924488202,-0.4652955431257046,0.5025445682103713,-0.0508013867001327,0.11247011123585893,-0.2145852125286539,0.30435411663548345,0.21218253578424745,1.0,0.0,0.0
0.3977935228953067,-0.0479880975438098,-0.3688027272342453,-0.18912129830405924,-0.5761875739495458,1.036819221169017,-0.3029014103697336,-0.5437092577065351,1.0258630787095702,1.4469786020871176,0.5125052121858569,0.6905607889568396,0.20565614095366788,0.3881321485786486,0.1590863607122314,1.0225430746690947,0.34998808845250823,1.0,0.0,0.0
-0.24844144209706873,-1.0489050703172718,-0.9922979823080426,-0.5841744459584175,1.366017731498361,2.298540208292859,-0.5417633281232844,-0.13643640549190206,0.8876016955176435,0.41883726648352737,-0.3638939833156163,0.46835980080192285,0.15436463542290826,0.8992555094850709,-0.14559969131495185,0.39532471798640745,-0.1299553880817792,0.0,1.0,0.0
1.3850969416336576,1.3946743548335816,1.776443658867126,1.3443086827227257,-1.870991110914817,-1.4866227530786669,0.814849871425729,1.4926550033666302,1.3096627599982604,1.099437868925341,1.1281575396042476,1.4141383657690063,1.0605145664663365,1.7377275397360572,1.239859526393561,1.194908424597161,0.6446068562260315,0.0,1.0,0.0
0.9722246028885289,0.44408281644537784,0.2335570954641695,-0.1475367564457059,0.07121419453308983,-2.117483246640588,0.9526548239758545,0.270836446722731,0.2181255242725261,0.5781267691826754,0.23002943842918316,0.09232735930898547,-0.6207070037085785,0.4742765352482704,0.6592313895115703,0.10326120838607261,0.4022591601542624,0.0,1.0,0.0
-0.5895098958430443,-0.93147905675167,-0.7809436585542129,-1.1923483706368372,0.7186159630157255,1.3522494679499775,-0.0487278312217244,-0.13643640549190206,-0.30581234887582665,-1.2754238076801345,0.534234117859447,0.1777892778301075,-0.40414286924536885,-0.12873417143908233,-0.283570733742356,-0.5287450746835052,-0.4958528899940581,0.0,1.0,0.0
0.3977935228953067,-0.1821892559044977,0.08032521074264272,1.105197567037193,0.7186159630157255,0.09052848082613564,0.4044973460542439,0.270836446722731,0.3345561627499384,-0.3414080873078597,-0.7187994426509242,-0.2609152372449853,-0.5922117228581562,-0.5651990638984996,-0.35830504839053284,-0.39947106223745504,0.10288847677148902,1.0,0.0,0.0
-0.3202453270962213,-0.003254378090247433,0.7619429048487436,1.4586661728331975,-0.5761875739495458,-0.8557622595167458,0.9097821720713708,1.085382151151997,0.45098680122734963,0.34643294707482386,0.6863364575745794,0.44556995586295667,0.4735117809476376,0.7212237770345195,1.665270240544723,0.4096884971470799,0.8204277337682954,1.0,0.0,0.0
-0.5715589245932561,-0.059171527407200594,0.7777944791302807,-0.20471550150094184,-1.2235893424321813,-0.8557622595167458,-1.4818993377430298,-0.5437092577065351,-0.014735752682297456,0.773618431586175,0.8311958287318477,0.2917385025249369,0.5760947920091576,0.1354419476810909,-0.019126235756498598,-0.5862001913261942,-0.22499370026678667,1.0,0.0,0.0
0.1823818678978481,-0.16541411110941193,0.21770552118263242,0.7985115708318361,0.07121419453308983,-0.22490176595482486,-0.7469395908090269,-0.13643640549190206,0.6765711632773344,-0.05179080967304557,0.4111036523757686,-0.6597375236768881,-0.1875787347821596,0.23307225257332914,-0.3295610812181571,-0.1313471845715739,-0.5766354553513146,1.0,0.0,0.0
0.056725069149330835,-0.3834909934455288,-0.08347439016657494,-0.6621454619428302,0.7186159630157255,0.7213889743880566,-0.40702070785205086,-0.950982109921168,0.2108486093676883,-0.40657197477569224,-0.1973057064847579,0.6734684052526154,-1.2703994070982065,-0.5020265136741102,-0.09386055040467549,-0.16965059566669968,-0.7334486704565767,1.0,0.0,0.0
-0.4997550395941032,-1.798194871164444,-1.2723424612818666,-0.9792275936127754,1.366017731498361,0.4059587276070961,-0.30596374264862514,-0.13643640549190206,-1.5137802230789723,-0.9785660981044505,-0.30595023485270917,-0.6882248298505954,-0.7574843517906054,-0.484797636340186,-0.9274355984035735,-0.442562399719472,-0.6051469490068165,0.0,0.0,1.0
-1.5409113720818188,-1.8932540250032641,-1.8641345677925898,-1.6497783310787255,0.07121419453308983,0.09052848082613564,-0.9459911889369861,-0.950982109921168,-1.2809189461241488,-0.9930469619861909,-0.5304822601464758,-1.3092481044374153,-1.7548191815553855,-0.12873417143908233,-0.6227495463763902,-1.816697272757114,-1.527018577201389,1.0,0.0,0.0
1.45690082663281,1.3890826399018865,1.4065735922979241,1.2247531248799592,-0.5761875739495458,-0.5403320127357853,1.7978585329499575,1.4926550033666302,1.0695245681385992,1.7510767436036727,0.8239528601739837,2.069346407764275,1.7671975315568096,1.4907802979498082,1.1076372774006324,1.5252753452926224,2.1319564419213983,1.0,0.0,0.0
-1.899930797077583,-1.6192599933501937,-1.2300715965311009,-0.8596720357700094,2.660821268463632,1.9831099615118986,-0.5907606445855516,-0.950982109921168,-1.3245804355531783,-0.5658614774748402,-1.9501040974877053,-0.8135689770149078,-1.2988946879486287,-0.7949174283508246,-0.5882567857695392,-1.634756070055266,-2.2207982561519435,1.0,0.0,0.0
-0.41000018334516225,-0.8923370522298026,-1.478412926941851,-1.098783151455542,0.07121419453308983,0.7213889743880566,-1.8371298820944646,-1.358254962135801,-0.42951990225807574,-0.7106701162922473,-0.6753416313037441,-0.7110146747895612,0.05178162436138737,-0.9384914061335276,-0.6457447201142907,-0.8112327315100587,-0.32478392806104456,0.0,1.0,0.0
-0.26639241334685687,-0.35553241878705216,-0.1574484034804156,-0.7453145456595373,0.07121419453308983,-0.22490176595482486,0.7872888809157037,0.270836446722731,-0.2985354339709878,-0.29072506372176704,-1.9428611289298419,-0.693922291085337,-0.22177307180266642,-0.38142437233664,-0.1685948650528528,-0.40904691501123663,-0.4720933119478062,0.0,1.0,0.0
0.4516464366446711,0.13653849520213546,0.8412007762564297,0.20073378161800473,-0.5761875739495458,-0.8557622595167458,1.6692405772365073,1.4926550033666302,0.6547404185628198,1.0559952772801193,1.4251192504766472,0.0353527469615708,0.6501825222202554,1.1691745877165527,1.596284719331021,0.9842396635739683,0.934473708390304,1.0,0.0,0.0
-0.6254118383426208,-0.3834909934455288,-0.10460982254195822,-0.6933338683365955,0.07121419453308983,-0.22490176595482486,-0.3457740622742173,-0.13643640549190206,-1.4264572442209134,-0.022829081909563752,0.3821317781443156,-0.6198552950336981,-0.03940327435996362,-0.18616376255216355,-0.8929428377967225,0.5485383623669112,-1.641064551823398,1.0,0.0,0.0
1.1517343153864108,1.3946743548335816,1.5967924836763705,0.595786929272363,-0.5761875739495458,-0.8557622595167458,1.9142271595478417,1.4926550033666302,0.47281754594186415,1.6714319922540992,0.7660091117110766,1.2773992961352107,0.8610476005133805,1.8296148855169867,1.6365262733723474,1.5300632716795128,1.5807342312483552,0.0,1.0,0.0
-0.9485293208388084,-0.07594667220228639,-0.596008625269612,-0.7089280715334778,0.07121419453308983,1.036819221169017,-1.5125226605319466,-1.7655278143504343,-0.1238894762548709,-0.0011077860869528973,-0.8636588138081926,-0.5059060703388687,-0.6947947339196763,-1.1107801794727712,-1.3643438994236856,-0.6867466454508994,-1.1231057504151072,1.0,0.0,0.0
0.11057798289869523,0.0750296309534873,-0.21028698441887303,-0.5893725136907118,0.7186159630157255,-1.1711925062977062,0.22381974159963514,-0.13643640549190206,-1.4119034144112372,0.10749869302610239,0.13587084717695894,0.7133506338958058,-0.005208937339456798,-0.048332743880768726,-0.3238122877836818,0.40490057076018904,-0.020661329069020754,0.0,1.0,0.0
0.2721367241467891,-0.5065087219428259,-0.860201529961899,-1.0520005418648941,0.07121419453308983,0.09052848082613564,-1.3685930434240376,-0.950982109921168,-0.09478181663551756,-0.4138124067165632,-0.7622572539981043,-0.9104258180055126,-0.5067258803068893,-0.7547167145716679,-1.237870443865232,-0.9979618605987977,-0.9520367884820939,0.0,1.0,0.0
1.6902634528800569,1.3946743548335816,0.8781877829133501,2.1188207748345596,-1.870991110914817,-2.117483246640588,0.8301615328201873,1.4926550033666302,1.7608314840982309,1.5845468089636547,1.743809867022638,1.226122145022538,2.069247508571286,2.0995339637484687,2.0849321612614093,1.5013357133581686,2.103444948265896,1.0,0.0,0.0
-1.3614016595839369,-2.273490640358546,-1.208936164155718,-0.7193242069980663,2.0134194999809965,0.7213889743880566,-1.11748179655492,-1.7655278143504343,-0.3276430935903411,-1.6229645408419118,-0.7767431911138314,-0.693922291085337,-0.81447491349145,-1.093551302138847,-1.1746337160860054,-0.7585655412542605,-0.9757963665283458,1.0,0.0,0.0
-0.17663755709791587,0.5447336852158934,0.5928594458456797,0.36707194905141843,-1.870991110914817,-0.5403320127357853,-0.005855179317240734,0.678109298937364,0.09441797089027598,0.05681566944000972,0.09965600438764186,0.8386947810601183,0.6045900728595799,0.7901392863702171,0.10734721980195465,0.5629021415275833,0.5400647128225231,0.0,0.0,1.0
0.8645187753897995,0.7460354227569252,0.9204586476641158,0.6737579452567757,-0.5761875739495458,-0.22490176595482486,1.8192948589021998,1.4926550033666302,-0.7060426686419292,0.4477989942470092,1.0339989483520233,0.889971932172791,0.9009409937039718,0.19287153879417213,0.5500043142565421,0.390536791599517,0.8204277337682954,1.0,0.0,0.0
0.16443089664805996,0.8522780064591358,0.365653547810313,1.2039608539507825,2.0134194999809965,0.7213889743880566,0.9710288176492043,0.678109298937364,0.5528636098950853,-0.6599870927061546,0.548720054975174,0.20627658400381485,0.5305023426484822,-0.22636447633132056,0.5557531076910177,0.38096093882573534,0.39750724454501196,1.0,0.0,0.0
-0.6254118383426208,-0.8476033327762402,0.7196720400979778,0.4294487618389488,0.07121419453308983,1.036819221169017,-0.6673189515578435,-0.13643640549190206,0.523755950275732,0.2812690596069913,-0.5811830400515189,0.21197404523855679,-0.7859796326410277,-0.11150529410515814,0.0383616985882534,0.1750801041894337,-0.11094772564477777,0.0,1.0,0.0
0.48754837914424765,0.2148225042458702,-0.5273184700496175,-0.5477879718323582,-0.5761875739495458,-0.5403320127357853,-0.756126587645702,-0.5437092577065351,0.3636638223692907,-1.7750136116001893,0.5921778663223541,1.3514662921868503,0.5589976234989044,-0.23785039455393697,0.28555981627068505,0.07932157645161891,-0.6289065270530684,0.0,0.0,1.0
0.7029600341417059,0.9417454453662613,0.3128149668718556,-0.5581841072969466,0.07121419453308983,-0.8557622595167458,-0.2998390780908421,-0.13643640549190206,-0.4076891575435612,1.548344649259303,-0.8129580339031485,-0.004529481681619234,0.7641636456219446,0.20435745701678854,0.7799560516355484,-0.638867381581992,-0.33428775927954546,0.0,0.0,1.0
-0.553607953343468,-0.09831353192906796,0.23884095355801493,0.1539511720273571,0.07121419453308983,1.3522494679499775,0.11051344728064295,0.270836446722731,-0.13844330606454652,0.6867332482957307,-0.24800648638980202,-0.8249638994843905,-0.33575419520435557,-0.23210743544262877,-0.24332917970102969,-0.16965059566669968,0.10764039238073946,0.0,1.0,0.0
-0.24844144209706873,0.8578697213908315,1.1740838361687111,1.3962893600456676,-0.5761875739495458,-0.8557622595167458,0.3646870264286522,1.085382151151997,0.47281754594186415,0.628809792768768,1.330960659224423,0.5139394906798544,0.615988185199749,0.646565308587514,0.5500043142565421,0.7352674914556504,1.1435579951973207,1.0,0.0,0.0
2.426253274121373,1.3946743548335816,1.792295233148663,1.6665888821249653,-1.2235893424321813,-0.5403320127357853,1.2343893936338886,1.4926550033666302,1.3969857388563194,1.7510767436036727,1.4323622190345113,2.069346407764275,2.069247508571286,1.9157592721866086,2.0849321612614093,2.3679503893853924,2.28401774141741,1.0,0.0,0.0
-0.9664802920885965,-1.322899101970342,-0.34238343676501654,-0.3918459398635326,0.07121419453308983,0.7213889743880566,-1.0562351509770862,-0.950982109921168,0.014371906937055876,-0.3703698150713405,-0.37113695187348034,-1.3377354106111228,-0.3528513637146088,-0.5824279412324243,-1.1401409554791544,-0.26062119701762365,-0.8189831514230833,0.0,1.0,0.0
-0.9126273783392319,-0.8476033327762402,-1.0979751441849575,-1.4938362991099001,2.0134194999809965,0.09052848082613564,-1.442089018117438,-2.172800666565067,-1.9503951173692662,-1.5940028130784305,-0.9433314679446904,-1.2693658757942252,-1.4356720360306556,-1.484072521707799,-1.6690299514508689,-0.9261429647954366,-1.0470751006671013,0.0,1.0,0.0
-1.2536958320852079,-0.6239347355084276,-1.1560975832172606,-0.7713048843210082,0.07121419453308983,-1.1711925062977062,-1.0133624990726031,-0.950982109921168,-0.6551042643080615,-0.022829081909563752,-0.6391267885144271,-0.004529481681619234,-0.7460862394504363,-0.25507927188786117,0.2798110228362094,-0.6340794551951016,-0.6194026958345679,1.0,0.0,0.0
2.6955178428681963,1.3946743548335816,1.2744771399517807,0.7361347580443057,-1.2235893424321813,-1.4866227530786669,1.179267412613839,1.4926550033666302,1.5498009518579219,1.7510767436036727,1.743809867022638,2.069346407764275,2.069247508571286,2.0995339637484687,2.0849321612614093,2.0471593214637127,2.3790560536024175,0.0,0.0,1.0
-1.4870584583324542,-1.658401997872061,-1.4836967850356964,-1.3223000639441918,0.07121419453308983,1.3522494679499775,-1.5247719896475131,-1.7655278143504343,-1.6302108615563842,-0.8120361634644326,-0.8564158452503295,-0.23242793107127796,-0.5751145543479026,-0.4273680452271048,-1.3930878665960613,-0.4665020316539257,-0.9567887040913442,1.0,0.0,0.0
1.7620673378792093,1.3555323503117143,2.072339712122487,2.253970535874208,-0.5761875739495458,-0.22490176595482486,0.9924651436014467,1.4926550033666302,1.4552010580950252,1.4686998979097285,1.0412419169098863,1.7901708072619429,1.7273041383662182,1.5137521343950402,0.7224681172907967,1.2188480565316149,2.108196863875146,1.0,0.0,0.0
1.4030479128834454,1.3946743548335816,0.7936460534118177,0.8972748577454256,-1.2235893424321813,-0.5403320127357853,1.4242539949251731,1.4926550033666302,1.7608314840982309,0.6360502247096379,1.743809867022638,0.44556995586295667,1.5905267902841909,2.0995339637484687,1.4640624703380924,0.9028449149968263,0.9249698771718038,1.0,0.0,0.0
-1.110088062086902,-0.8755619074347168,-0.5008991795803888,-0.5789763782261232,0.7186159630157255,0.09052848082613564,-1.8677532048833814,-1.358254962135801,-0.6478273494032226,-0.5151784538887475,-0.9867892792918709,-0.18115077995860482,-0.7232900147700986,-0.5192553910080349,-0.08236296353572542,-0.44735032610636244,0.05061740506973485,1.0,0.0,0.0
0.1823818678978481,1.0927217485220342,0.9732972286025733,0.35147774585453606,-1.2235893424321813,0.09052848082613564,0.00026948524054271,0.678109298937364,-0.4367968171629146,0.5274437455965827,1.0122700426784332,0.7418379400695132,0.8781447690236337,0.18712857968286434,0.9409222678008526,0.21338351528455948,0.31197276357850534,1.0,0.0,0.0
1.726165395379633,1.3946743548335816,1.7394566522102057,1.8017386431646145,-1.870991110914817,-2.117483246640588,0.5361776340465865,1.4926550033666302,1.7608314840982309,1.4324977382053767,1.1209145710463844,1.5052977455248695,1.4195551051816573,2.0995339637484687,1.4468160900346672,2.123766143653965,1.3098750415210838,1.0,0.0,0.0
-0.39204921209537413,-1.1383725092243964,-0.8866208204311278,-0.8024932907147733,0.7186159630157255,1.036819221169017,-0.045665498942832464,-0.5437092577065351,0.5892481844192764,-0.5151784538887475,-1.023004122081188,-1.2294836471510349,-0.6549013407290849,-0.2435933536652448,0.47526999960836513,-0.3707435039161109,-0.3770549997627987,1.0,0.0,0.0
0.020823126649754248,0.18686392958739362,0.18600237261955754,-0.5217976331708872,0.07121419453308983,-0.22490176595482486,1.2343893936338886,1.085382151151997,-0.6114427748790314,0.42607769842439835,-0.18281976936903085,-0.6369476787379222,-0.36424947605477787,0.18712857968286434,-0.3353098746526323,-0.25583327063073286,-0.5481239616958122,0.0,1.0,0.0
0.43369546539488296,-0.6127513056450372,-0.5431700443311546,-0.017585063138351245,0.07121419453308983,0.09052848082613564,-1.5033356636952717,-1.358254962135801,-0.844304051833855,-0.7685935718192098,-0.1973057064847579,-1.155416651099396,-1.4242739236904867,-0.3469666176687912,-0.6974838610245672,-0.8208085842838403,-0.671673767536322,0.0,1.0,0.0
-1.8640288545780066,-1.0433133553855762,-0.6699826385834523,-0.49060922677712204,0.7186159630157255,1.6676797147309381,-1.2001647680849952,-0.950982109921168,-0.6478273494032226,-0.8120361634644326,-0.41459476322066047,-1.9416663014937183,-1.1051267781657574,-0.7317448781264351,-2.215165327726009,-0.4856537372014885,-1.336941952831374,0.0,1.0,0.0
0.1823818678978481,-0.4897335771477401,-0.062338957791192064,-0.7193242069980663,0.7186159630157255,0.09052848082613564,-0.4437686951987507,-0.5437092577065351,0.3200023329402617,0.12921998884871325,0.2734872497763643,-0.6882248298505954,-0.37564758839494655,-0.43311100433841304,-0.9044404246656729,-0.605351896873757,-0.9757963665283458,0.0,0.0,1.0
-1.1459900045864784,-1.9156208847300458,-1.4467097783787763,-1.187150302904543,0.7186159630157255,0.4059587276070961,-1.0746091446504367,-0.950982109921168,-1.4264572442209134,-1.1668173285670793,0.577691929206628,-1.5770287824702645,-1.0595343288050814,-1.7137908861601239,-0.8354549034519708,-1.4480269409665272,-1.0708346787133534,1.0,0.0,0.0
-0.553607953343468,-0.04239638261211481,-0.1574484034804156,0.12276276563359192,0.07121419453308983,0.09052848082613564,0.48105565302653586,0.270836446722731,-0.8079194773096638,0.09301782914436149,0.10689897294550589,1.129265304031933,0.627386297539918,0.11821307034716672,0.6534825960770947,-0.3946831358505646,-0.4008145778090506,1.0,0.0,0.0
-1.5050094295822427,-0.15982239617771613,-1.2670586031880213,-0.7920971552501849,0.7186159630157255,0.09052848082613564,-1.6166419580142635,-1.358254962135801,-0.36402766811453224,-0.7830744357009508,-1.1171627133334123,-0.8762410505970641,-0.91705792455297,-1.3979281350381774,-1.191880096389431,-0.8878395537003105,-1.1136019191966067,0.0,0.0,1.0
0.0028721553999661144,0.3881656671284247,0.6879688915349029,-0.40224207532812095,-1.2235893424321813,1.3522494679499775,0.34018836819751885,0.270836446722731,0.6110789291337909,0.8605036148766195,0.39661771526004264,0.7076531726610639,0.3367344328656102,0.0492975610114691,0.32580137031201134,-0.27019704979140524,-0.3913107465905497,1.0,0.0,0.0
-1.002382234588173,-1.5745262738966312,-1.5471030821618454,-1.1663580319753664,0.07121419453308983,1.036819221169017,-3.0314394708622188,-2.172800666565067,-1.4119034144112372,-1.5578006533740787,-1.5734697324788074,-2.226539363230792,-1.1564182836965173,-1.845878945720211,-1.048160260527552,-1.2182064743957715,-1.7598624420546574,0.0,0.0,1.0
0.1285289541484837,0.7292602779618387,0.28111181830878074,-0.027981198602939582,0.07121419453308983,-0.5403320127357853,0.5024919789787777,0.678109298937364,-0.09478181663551756,0.9691100939896748,0.7587661431532136,-0.03301678785532657,1.2713796447594616,0.3881321485786486,0.21082550162250815,-0.49522958997526983,0.7206375059740372,1.0,0.0,0.0
1.45690082663281,1.1430471829072923,0.8570523505379668,0.6165792002015396,-1.2235893424321813,-1.8020529998596273,1.384443675299581,1.085382151151997,1.2514474407595548,0.6070884969461572,-0.09590414667467065,0.7076531726610639,0.7299693086014382,0.8360829592606819,-0.3813002221284334,0.6251451845571632,0.37849958210801055,0.0,0.0,1.0
-2.079440509575465,-2.1057391924076865,-2.064921175358728,-0.8856623744314803,2.0134194999809965,0.4059587276070961,-1.3808423725396044,-1.7655278143504343,-1.4919494783644578,-2.289084279401984,-0.4290807003363875,-2.329093665456138,-2.3931134726048446,-1.6965620088261997,-1.818498580747223,-1.797545567209551,-2.263565496635197,1.0,0.0,0.0
0.21828381039742467,-0.059171527407200594,-0.38465430151578234,0.07598015604294432,0.7186159630157255,-0.22490176595482486,0.5606762922777193,0.678109298937364,-0.18210479549357653,0.6577715205322499,0.7515231745953496,0.052445130665795044,0.6330853537100022,0.39387510768995637,0.5959946617323432,0.3665971596650633,0.33573234162475724,0.0,0.0,1.0
0.3259896378961538,1.2045560471559404,0.7725106210364352,0.7673231644380709,-0.5761875739495458,-0.8557622595167458,1.0935221088048714,1.085382151151997,1.0404169085192458,0.8315418871131377,0.027226318809007666,0.9241566995812404,1.8754795987884139,0.7671674499249843,0.5959946617323432,0.7783588289376666,0.934473708390304,1.0,0.0,0.0
-1.002382234588173,-0.8587867626396306,-1.4836967850356964,-1.6497783310787255,2.0134194999809965,1.9831099615118986,-0.9368041921003111,-1.358254962135801,-1.8994567130353983,-0.754112707937469,-1.5300119211316272,-1.3035506432026742,-1.3444871373093044,-1.3117837483685555,-1.3298511388168346,-1.0266894189201419,-0.3960626621998002,0.0,0.0,1.0
1.8697731653779388,1.3946743548335816,1.2110708428256316,2.0460478265824404,-1.2235893424321813,-0.5403320127357853,0.9220315011869377,1.4926550033666302,1.7608314840982309,-0.18935901654958165,1.743809867022638,2.069346407764275,1.812789980917485,1.8755585584074517,0.906429507194002,1.1422412343413633,1.438176762970844,1.0,0.0,0.0
0.038774097899542705,0.9193785856394797,0.17015079833802046,-0.3970440075958267,0.07121419453308983,-0.22490176595482486,-0.5233893344499345,-0.13643640549190206,0.15263329012898266,0.31023078737047205,0.9760551998891162,0.45696487833243976,0.8439504320031272,0.7901392863702171,-0.8986916312311977,0.2708386319272485,0.4355225694190151,0.0,1.0,0.0
-2.079440509575465,-1.143964224156092,-1.5365353659741539,-1.6497783310787255,0.07121419453308983,0.4059587276070961,0.4381830011220526,-0.5437092577065351,-0.9243501157870756,-0.9351235064592284,-1.4141244242058124,-0.5173009928083514,-0.2730645773334265,-1.2600971163667825,-0.2778219403078807,-0.547896780231068,-0.40556649341830103,0.0,0.0,1.0
-0.05098075834939829,-0.4058578531723103,0.9046070733825787,0.1903376461534162,2.0134194999809965,1.036819221169017,1.442627988598523,0.678109298937364,-0.1238894762548709,-0.7251509801739882,0.29521615544995433,0.09802482054372744,-0.09069477989072366,-0.8351181421299816,-0.15134848474942708,0.002714754261367016,0.20743062017499703,1.0,0.0,0.0
0.6311561491425534,1.0144377394783002,1.2216385590133232,1.4846565114946684,0.7186159630157255,-0.5403320127357853,-0.12222380591512443,0.270836446722731,0.45098680122734963,0.10749869302610239,-0.7115564740930612,0.6905607889568396,0.09167501755197874,0.09524123390193391,1.1478788314419588,0.15592839864187047,0.5258089659947721,0.0,1.0,0.0
0.1823818678978481,-0.003254378090247433,-0.21028698441887303,0.22672412027947564,0.07121419453308983,1.036819221169017,0.8883458461191295,0.270836446722731,0.5310328651805698,-0.3269272234261188,-0.052446335327489525,-0.061504094029033916,-0.06219949904030137,0.4685335761369618,0.3660429243533368,0.4096884971470799,-0.08243623198927547,0.0,1.0,0.0
1.0440284878876813,1.0088460245466044,0.8042137695995094,0.5334101164848326,0.07121419453308983,-0.5403320127357853,0.5637386245566117,0.270836446722731,0.7566172272305555,0.3826351067791756,1.0484848854677502,0.2518562738817464,0.6045900728595799,0.9681710188207685,0.2338206753604083,0.42884020269464274,1.1910771512898244,1.0,0.0,0.0
-1.5050094295822427,-1.2613902377216935,-0.7386727938034471,-0.7661068165887139,1.366017731498361,1.036819221169017,-0.37027272050535065,-0.5437092577065351,-0.9534577754064284,-1.6519262686053933,-1.1895923989120465,-0.8591486668928394,-0.5238230488171425,-1.3519844621477124,-0.984923532748325,-0.7202621301591348,-1.004307860183848,0.0,1.0,0.0
0.4157444941450948,0.2204142191775652,0.9046070733825787,0.17994151068882805,0.07121419453308983,-1.4866227530786669,0.4565569947954025,0.678109298937364,0.5310328651805698,0.2740286276661203,-0.7912291282295584,0.5880064867314934,0.21135519712375284,0.21584337523940494,0.3143037834430608,0.6251451845571632,-0.09669197881702679,0.0,1.0,0.0
-0.73311766584135,-1.1775145137462637,-1.208936164155718,-1.3326961994087803,0.7186159630157255,0.7213889743880566,-0.08547581856842464,-0.5437092577065351,-1.0626114989790019,-0.4934571580661367,-1.2113213045856366,-0.8705435893623226,-1.561051271772514,-0.5364842683419591,-0.9561795655759493,-1.045841124467705,-1.6790798766974009,0.0,0.0,1.0
-1.1639409758362669,-0.27165669481162247,-0.04648738350965499,-0.1163483500519407,0.7186159630157255,1.036819221169017,-0.8847445433591525,-0.950982109921168,-0.40041224263872344,0.006132645853918073,-0.5159963230307487,-0.30649492712291726,0.05748068053147232,0.0033538881210042875,-0.05361899636334963,0.1990197361238874,-0.852246560687836,1.0,0.0,0.0
-0.7510686370911381,-1.7255025770524046,-1.5682385145372282,-0.8596720357700094,0.7186159630157255,0.4059587276070961,-1.5002733314163799,-0.950982109921168,-0.9170732008822373,-0.37761024701221146,-0.48702444879929463,-0.5685781439210245,-0.5295221049872271,-0.2608222309991694,-0.4215417761697597,-0.9117791856347642,-0.6384103582715692,1.0,0.0,0.0
-1.0382841770877493,-1.3117156721069514,-1.6633479602264516,-0.8180874939116558,0.7186159630157255,0.4059587276070961,-0.13753546730958283,-0.950982109921168,-0.7860887325951493,-0.06627167355478546,-1.2185642731435,-0.8534512056580978,-0.5922117228581562,-0.301022944778326,-0.9101892181001482,-0.5239571482966143,-1.6838317923066513,0.0,0.0,1.0
0.9542736316387405,1.3946743548335816,1.6919019293655937,1.6354004757312002,-1.2235893424321813,-0.5403320127357853,1.0690234505737386,1.4926550033666302,1.3169396749030993,1.7293554477810618,0.563205992090901,1.0438033855108109,0.6501825222202554,0.6350793903648977,0.5787482814289178,1.1422412343413633,1.081783092277066,0.0,0.0,1.0
1.0619794591374698,1.1262720381122067,1.6179279160517537,1.1259898379663698,-1.870991110914817,-2.117483246640588,1.0720857828526302,1.085382151151997,0.6838480781821732,1.7510767436036727,-0.2914642977369821,0.6848633277220985,0.8154551511527051,0.8303400001493741,0.8719367465871514,0.4623556874028781,0.8679468898607992,1.0,0.0,0.0
0.1823818678978481,0.3546153775382531,1.4118574503917696,1.2871299376674896,0.07121419453308983,0.4059587276070961,0.8087252068679459,0.270836446722731,0.24723318389187943,0.17990301243480591,0.563205992090901,0.3772004210460589,0.8895428813638028,0.4915054125821946,0.5557531076910177,0.5772659206882558,1.3383865351765858,0.0,1.0,0.0
-1.4511565158328779,-1.8093783010278344,-1.8905538582618184,-1.6133918569526664,1.366017731498361,1.036819221169017,-0.9153678661480693,-0.950982109921168,0.13080254541446715,-1.427472878438412,-1.1099197447755487,-0.4774187641651613,-1.7206248445348786,-1.036121711025766,-1.6575323645819187,-1.0697807564021586,-1.8263892605841625,1.0,0.0,0.0
-0.37409824084558596,-0.7805027535958963,-0.18386769394964433,-0.8336816971085385,0.07121419453308983,0.09052848082613564,0.26056772894633534,-0.13643640549190206,0.2108486093676883,0.1219795569078433,-1.030247090639051,-0.34067969453136576,-1.3387880811392199,0.0492975610114691,-1.0079187064862256,-0.20316608037493497,-0.7334486704565767,1.0,0.0,0.0
0.3977935228953067,0.32665680287977655,0.2916795344964724,0.5178159132879502,0.07121419453308983,-0.8557622595167458,0.5606762922777193,0.678109298937364,0.560140524799923,1.403536010441896,1.0991856653727934,1.072290691684518,1.698808857515796,1.2208612197183262,1.2226131460901357,0.9890275899608594,1.0105043581383104,1.0,0.0,0.0
-0.553607953343468,-0.059171527407200594,0.5770078715641427,0.3254874071930651,-0.5761875739495458,0.09052848082613564,-0.1314108027517998,0.678109298937364,0.4000483968934818,0.5129628817148427,0.6501216147852623,-0.6255527562684392,0.2683457588245974,-1.3002978301459394,-0.15709727818390232,-0.27977290256518655,-0.030165160287521635,1.0,0.0,0.0
2.3364984178724324,1.3946743548335816,0.7619429048487436,1.936888404204263,-1.870991110914817,0.09052848082613564,0.8270992005412958,1.4926550033666302,1.7608314840982309,1.7510767436036727,1.743809867022638,1.8756327257830647,2.069247508571286,1.4448366250593425,1.9584587057029559,2.348798683837829,1.9038644926773804,0.0,1.0,0.0
-0.37409824084558596,-0.14304725138263033,-0.49561532148654297,-0.1943193660363535,-0.5761875739495458,0.4059587276070961,0.24219373527298504,0.270836446722731,0.5164790353708941,0.2885094915478612,0.4328325580493597,0.15499943289114212,-0.22747212797275057,-0.7260019190151273,0.09584963293300498,-0.24625741785695157,0.25019786065825067,1.0,0.0,0.0
0.43369546539488296,0.2427810789043468,-0.07290667397888369,-0.5737783104938291,0.07121419453308983,-0.5403320127357853,0.16869776057958502,0.270836446722731,0.1890178646531738,0.3536733790156948,0.25900131266063725,-0.30079746588817574,0.416521219246793,0.17564266146024793,0.7742072582010735,0.6203572581702723,-0.3865588309812996,0.0,0.0,1.0
-0.14073561459833928,-0.14863896631432533,-0.08875824826042077,-0.24630004335929537,0.7186159630157255,1.036819221169017,0.012518814356109163,-0.13643640549190206,0.3636638223692907,-0.8989213467548766,-1.030247090639051,-0.36916700070507313,-0.2502683526530887,-0.25507927188786117,0.19357912131908203,-0.5048054427490515,-0.24875327831303853,0.0,0.0,1.0
-0.9126273783392319,0.7068934182350579,-0.06762281588503788,0.018801410987708204,-0.5761875739495458,-0.8557622595167458,-0.4039583755731589,-0.5437092577065351,0.2617870137015561,1.2949295313288407,1.2440450365300617,-0.16975585748912173,-0.6947947339196763,0.16989970234894014,-0.548015231728213,0.0984732819991818,-0.8474946450785856,0.0,1.0,0.0
-0.6074608670928326,-0.8699701925030214,-0.2525578491696388,-0.18912129830405924,1.366017731498361,1.6676797147309381,0.41062201061202735,-0.13643640549190206,-0.2257662849226055,-0.3848506789530814,-0.4725385116835676,-0.19824316366282907,0.416521219246793,-0.6628293687907378,-0.4847785039489865,-0.054740362381321996,-0.24875327831303853,1.0,0.0,0.0
1.1696852866361993,1.3387572055166284,1.152948403793328,1.2975260731320781,0.7186159630157255,0.09052848082613564,-0.183470451492958,-0.13643640549190206,1.1641244619014959,0.3753946748383057,0.925354419984072,0.6050988704357176,0.6216872413698331,0.8762836730398389,0.9409222678008526,0.7831467553245578,0.35474000406175865,1.0,0.0,0.0
0.21828381039742467,1.238106336746113,1.3907220180163864,1.5886178661405521,-0.5761875739495458,-2.117483246640588,1.2711373809805893,1.085382151151997,0.9094324402321579,0.5708863372418054,1.2078301937407447,0.3430156536376104,0.5931919605194108,1.123230914826088,1.0558981364903557,0.25647485276657606,1.2053328981175753,0.0,1.0,0.0
-1.0562351483375374,-1.2278399481315216,-0.6858342128649897,-1.0935850837232477,1.366017731498361,0.4059587276070961,-1.393091701655171,-1.7655278143504343,-0.676935009022576,-1.116134304980987,-0.8274439710188755,-0.9958877365266346,-0.9854465985939836,-1.3806992577042532,-0.8412036968864461,-0.5574726330048496,-0.17272262856503282,0.0,1.0,0.0
-1.0562351483375374,-1.300532242243561,-0.75980822617883,-1.4262614185900755,0.7186159630157255,1.3522494679499775,-1.261411413662829,-0.5437092577065351,-1.0407807542644874,-1.6374454047236522,-0.8709017823660561,-1.2750633370289668,-2.227840843672395,-1.9779670052802976,-1.8472425479195989,-1.2804495174253512,-1.4842513367181358,1.0,0.0,0.0
-1.3254997170843605,-2.049822043090733,-2.50876525524177,-1.6497783310787255,2.0134194999809965,1.6676797147309381,-1.5247719896475131,-2.172800666565067,-1.7175338404144425,-1.9560244101219482,-1.5227689525737638,-1.2294836471510349,-1.498361653901585,-1.7712204772732052,-2.1001894590365056,-2.123124561518121,-1.308430459175872,0.0,0.0,1.0
0.21828381039742467,0.5559171150792842,1.0102842352594936,1.0168304155881918,0.07121419453308983,-0.8557622595167458,0.4841179853054278,0.270836446722731,0.39277148198864403,-0.40657197477569224,-0.44356663745211455,0.4854521845061471,0.48490989328780665,1.2093753014957098,0.1303423935398556,0.07932157645161891,0.2692055230952521,0.0,1.0,0.0
-1.4152545733333015,-0.6854435997570761,-1.1613814413111063,-0.5373918363677699,1.366017731498361,0.4059587276070961,-1.0011131699570361,-1.358254962135801,-1.3609650100773694,-1.4709154700836344,-1.2185642731435,-1.400407484193279,-1.1906126207170242,-0.3182518221122506,-0.984923532748325,-1.304389149359805,-1.5080109147643876,0.0,0.0,1.0
-1.271646803334996,-1.887662310071569,-1.515399933598771,-1.6497783310787255,2.0134194999809965,0.4059587276070961,-1.3532813820295793,-2.172800666565067,-2.3724561818498833,-0.7975552995826917,-2.2905236197072862,-1.8789942279115626,-1.475565429221247,-1.7999352728297457,-1.2953583782099836,-2.419975997505347,-1.474747505499635,0.0,1.0,0.0
1.1876362578859871,0.8187277168689642,1.5650893351132964,0.7881154353672476,-1.870991110914817,-1.1711925062977062,0.2758793903407938,1.085382151151997,-0.2985354339709878,0.7012141121774715,0.005497413135417617,1.0381059242760697,-0.37564758839494655,-0.05981866210338513,-0.05936778979782446,0.9076328413837167,0.47353789429301796,0.0,1.0,0.0
2.6596159003686193,1.3946743548335816,1.5809409093948334,2.69060822538692,-1.870991110914817,0.09052848082613564,1.1057714379204384,1.4926550033666302,1.3096627599982604,1.7510767436036727,1.34544659634015,2.069346407764275,1.903974879638836,2.0995339637484687,1.7227581748894747,2.3679503893853924,2.27926582580816,1.0,0.0,0.0
-0.06893172959918674,-0.6015678757816464,-0.696401929052681,-0.1787251628394709,-0.5761875739495458,0.4059587276070961,-0.021166840711699126,0.678109298937364,-0.5750582003548403,0.6143289288870271,0.577691929206628,0.14930197165640016,-0.4896287117966357,-0.2952799856670182,-0.15709727818390232,0.045806091743383605,0.16466337969174374,0.0,0.0,1.0
0.21828381039742467,0.6789348435765813,0.2758279602149353,0.7049463516505405,-1.2235893424321813,0.7213889743880566,0.4596193270742945,0.678109298937364,0.5746943546095997,1.7293554477810618,1.5917075273075068,0.9982236956328793,0.5419004549886512,0.33644551657687516,1.1478788314419588,0.5964176262358186,0.8109239025497945,0.0,0.0,1.0
-0.4818040683443151,0.42171595671859624,0.5981433039395252,-0.28788458521764887,0.07121419453308983,0.4059587276070961,0.13807443779066825,-0.5437092577065351,0.07258722617576151,-1.0147682578088022,0.570448960648764,0.633586176609425,0.006189175000711874,-0.9901780381353006,-0.6917350675900918,-0.11698340541090146,-0.039668991506022176,1.0,0.0,0.0
0.0926270116489071,-0.6574850250985995,-0.6435633481142236,-0.12154641778423497,0.07121419453308983,1.036819221169017,-0.9429288566580946,-0.5437092577065351,-0.30581234887582665,-0.8554787551096543,0.5849348977644911,0.30313342499442,0.011888231170796413,-0.12873417143908233,0.47526999960836513,0.0745336500647281,-0.6906814299733234,1.0,0.0,0.0
0.9542736316387405,0.5950591196011515,0.968013370508727,0.4502410327681255,-1.2235893424321813,0.4059587276070961,0.949592491696963,1.4926550033666302,-0.6259966046887081,0.2740286276661203,0.534234117859447,0.9982236956328793,0.5817938481792426,0.4742765352482704,0.6649801829460452,1.4295168175548076,0.6778702654907842,1.0,0.0,0.0
0.3977935228953067,-0.09272181699737217,0.06975749455495146,-0.7193242069980663,-0.5761875739495458,0.09052848082613564,-1.0837961414871116,-0.5437092577065351,0.6038020142289521,-0.5803423413565811,-0.6898275684194701,0.12651212671743478,-0.7631834079606898,-0.3067659038896342,-0.7032326544590424,-0.6197156760344291,-0.1299553880817792,0.0,1.0,0.0
0.48754837914424765,-0.03680466768041901,0.2335570954641695,0.023999478720002465,-0.5761875739495458,-0.22490176595482486,-0.3151507394853005,-0.13643640549190206,0.8075556315644233,-0.0011077860869528973,-0.28422132917911913,-0.34637715576610734,0.9180381622142251,-0.8925477332430628,-0.5882567857695392,-0.29413668172585894,0.11714422359924,0.0,0.0,1.0
-0.6254118383426208,-0.1933726857678885,0.2863956764026269,-0.03837733406752791,0.7186159630157255,1.036819221169017,0.6525462606444696,0.678109298937364,0.480094460846703,-0.037309945791304665,0.5849348977644911,-0.48881368663464403,1.2941758694397998,0.29050184368641035,0.5212603470841662,0.7783588289376666,0.5590723752595249,1.0,0.0,0.0
-0.14073561459833928,-0.7581358938691151,-0.7175373614280639,-0.8752662389668918,0.07121419453308983,1.3522494679499775,-0.42233236924650924,-0.5437092577065351,0.4655406310370263,-0.5151784538887475,-0.5159963230307487,-0.6312502175031808,-0.6378041722188317,-1.811421191052362,-0.795213349410645,-1.4480269409665272,-0.5813873709605646,0.0,1.0,0.0
0.25418575289700096,0.3602070924699481,0.19128623071340373,-0.1319425532488233,-1.2235893424321813,-0.8557622595167458,0.16257309602180156,0.270836446722731,0.2399562689870406,0.8243014551722677,0.7515231745953496,0.8386947810601183,0.4621136686074685,1.32997744283318,0.8891831268905767,0.44320398185531484,0.5163051347762713,1.0,0.0,0.0
-0.463853097094527,-0.6407098803035134,-0.04120352541580917,0.268308662137829,0.07121419453308983,-0.22490176595482486,0.07682779221283467,-0.13643640549190206,0.8876016955176435,-0.6310253649426738,0.534234117859447,-0.5059060703388687,0.416521219246793,-0.0023890709903039153,-0.6744886872866666,-0.38510728307678294,-0.761960164112079,0.0,0.0,1.0
-0.643362809592409,-0.5176921518062166,-0.5748731928942291,-0.22030970469782443,0.7186159630157255,0.7213889743880566,-1.9014388599511898,-1.358254962135801,-1.2809189461241488,-1.9777457059445591,-0.48702444879929463,-0.40904922934826354,-1.4470701483708248,-0.9040336514656787,-0.9389331852725239,-1.4432390145796363,-0.8712542231248375,0.0,1.0,0.0
1.45690082663281,0.30428994315299496,0.49775000015645654,-0.4594208203833571,0.07121419453308983,0.4059587276070961,1.6233055930531322,1.085382151151997,0.5455866949902464,-0.1676377207269708,-0.08866117811680661,-0.45462891922619514,0.2398504779741751,0.6695371450327461,0.17058394758118187,0.8166622400327924,0.2169344513934979,0.0,1.0,0.0
0.7568129478910707,-1.1886979436096545,-0.2578417072634846,-0.20471550150094184,-1.2235893424321813,0.4059587276070961,-0.2661534230230334,-0.13643640549190206,-1.5865493721273547,-1.1595768966262094,-1.2402931788170906,-1.1611141123341375,-1.2305060139076152,-1.3577274212590207,-0.973425945879375,-0.6532311607426644,-0.8189831514230833,1.0,0.0,0.0
0.25418575289700096,-0.15982239617771613,-0.0253519511342721,-0.44902468491876857,0.7186159630157255,-0.5403320127357853,0.8914081783980209,0.270836446722731,-0.02201266758713527,-0.17487815266784074,0.3531599039128615,-0.28940254341869265,-0.5979107790282403,-0.02536090743553632,-0.3813002221284334,-0.31328838727342184,-0.3390396748887959,1.0,0.0,0.0
-0.21253949959749213,0.2260059341092602,-0.11517753872964948,0.268308662137829,0.7186159630157255,1.3522494679499775,0.7229799030589786,0.270836446722731,0.15991020503382047,-0.7179105482331172,0.526991149301584,-0.8477537444233567,-0.2331711841428351,0.27327296635248616,-0.8124597297140703,0.3618092332781725,-0.33428775927954546,1.0,0.0,0.0
1.1517343153864108,1.1206803231805107,0.9098909314764242,0.9076709932100141,-1.2235893424321813,-1.4866227530786669,1.307885368327289,1.4926550033666302,0.8002787166595845,0.5998480650052862,1.1933442566250188,1.5736672803417673,0.5020070617980599,-0.5077694727854184,2.0849321612614093,1.4726081550368237,1.3383865351765858,1.0,0.0,0.0
0.7927148903906469,0.41612424178690127,0.10146064311802598,0.24231832347635807,-1.2235893424321813,-0.8557622595167458,0.6892942479911703,0.678109298937364,0.7711710570402321,-0.3052059276035079,1.4468481561502382,-0.2837050821839511,0.3424334890356952,0.14692786590370732,-0.2893195271768308,0.2899903374748114,0.4165149069820137,0.0,0.0,1.0
-0.3022943558464331,-0.07594667220228639,-0.35823501104655364,-0.3450633302728848,0.07121419453308983,-0.5403320127357853,0.12888744095399285,-0.5437092577065351,-0.02201266758713527,-0.1531568568452299,0.8601677029633008,-0.38625938440929775,-0.10779194840097728,-0.11724825321646634,-0.03637261605992391,-0.31807631366031264,-0.3818069153720492,0.0,1.0,0.0
1.6005085966311159,0.3993490969918155,1.184651552356403,1.5054487824238456,-1.2235893424321813,1.036819221169017,0.4198090074487023,1.085382151151997,0.349109992559614,0.027853941676528927,0.8963825457526179,1.0608957692150351,0.3652297137160325,0.5776497992518165,-0.16284607161837755,1.5252753452926224,0.6921260123185352,0.0,0.0,1.0
1.2594401428851403,1.3946743548335816,1.0472712419164132,0.5853907938077744,-0.5761875739495458,-0.8557622595167458,1.8682921753644666,1.4926550033666302,0.8221094613740989,0.6577715205322499,0.6573645833431253,1.4654155168816798,1.0035240047654919,1.864072640184836,0.2625646425327841,1.4869719341974958,1.7518031931813682,0.0,0.0,1.0
0.6670580916421296,0.7851774272787918,0.6456980267841371,0.8193038417610128,-1.870991110914817,-1.8020529998596273,-0.42539470152540076,0.270836446722731,0.9021555253273201,-0.3341676553669887,-0.34216507764202625,-0.08999140020274125,0.308239152015188,-0.08853345765992574,0.4580236193049398,0.5102349512717854,0.5495685440410241,0.0,1.0,0.0
0.25418575289700096,-0.08713010206567717,-0.3688027272342453,0.268308662137829,-0.5761875739495458,0.4059587276070961,-0.41314537240983384,-0.13643640549190206,-0.42951990225807574,-0.13867599296348898,-0.28422132917911913,0.22336896770803907,0.2797438711647657,-0.3584525358914072,-0.007628648887548117,0.4096884971470799,0.1456557172547423,0.0,1.0,0.0
-1.0562351483375374,-0.970621061273537,-1.0187172727772713,-0.9168507808252455,2.0134194999809965,1.6676797147309381,-0.8663705496858026,-0.950982109921168,-0.6696580941177381,-1.702609292191486,-0.7695002225559684,-1.1611141123341375,-1.361584305819558,-2.1674846559534653,-0.7262278281969429,-1.2612978118777882,-1.626808804995647,0.0,0.0,1.0
-0.6074608670928326,-1.4850588349895062,-1.8377152773233612,-0.4386285494541802,0.07121419453308983,0.4059587276070961,-1.1419804547860537,-0.950982109921168,-0.2767046892564733,-0.4572549983617849,0.06344116159832476,-0.004529481681619234,-0.6890956777495917,-0.3699384541140236,-0.8929428377967225,-1.3331167076811494,-0.7144410080195753,0.0,1.0,0.0
-0.7151666945915618,0.007929051773143358,-0.4427767405480856,-0.6933338683365955,1.366017731498361,1.036819221169017,-0.9153678661480693,-0.950982109921168,-1.2954727759338254,-0.08799296937739734,-0.08866117811680661,-0.1925457024280879,-0.10779194840097728,-0.47905467722887785,-0.4502857433421355,-0.38510728307678294,0.49729747233926985,1.0,0.0,0.0
-0.9485293208388084,-0.6854435997570761,-0.51146689576808,-0.18912129830405924,0.7186159630157255,0.09052848082613564,-0.045665498942832464,-0.13643640549190206,0.06531031127092368,-0.6310253649426738,0.0779270987140518,-0.7167121360243027,-0.39274475690520017,-0.8466040603525975,-1.094150608003353,-0.30850046088653105,-0.9710444509190954,1.0,0.0,0.0
-0.8587744645898674,-0.5009170070111308,0.22298937927647788,-0.10595221458735238,-1.2235893424321813,-0.5403320127357853,-0.09466281540509958,0.678109298937364,0.9749246743757024,-0.6817083885287655,-0.37113695187348034,-0.6540400624421465,0.3652297137160325,-0.2780511083330936,0.4177820652636135,-1.064992830015268,-0.7191929236288257,1.0,0.0,0.0
0.1823818678978481,0.08621306081687731,0.2599763859333982,0.6633618097921872,0.7186159630157255,-1.1711925062977062,0.4198090074487023,0.270836446722731,0.13807946031930599,0.20886474019828774,0.3459169353549985,-0.3805619231745562,-0.5523183296675648,0.26178704812986975,0.37754051122228727,-0.1792264484404813,0.026857827023482977,0.0,0.0,1.0
0.7927148903906469,0.6006508345328465,-0.04648738350965499,0.17994151068882805,-0.5761875739495458,-1.4866227530786669,-0.05485249577950785,0.270836446722731,0.7493403123257166,0.8025801593496569,0.8674106715211648,0.012562902022605009,0.17146180393316146,0.5661638810292,-0.1858412453562781,0.9172086941574983,0.744397084020289,0.0,1.0,0.0
0.07467604039911897,0.43849110151368287,0.34980197352877596,-0.1163483500519407,0.07121419453308983,1.036819221169017,-1.0011131699570361,-0.950982109921168,0.48737137575154077,-0.037309945791304665,-1.2765080216064078,0.4626623395671809,0.6444834660501713,1.0715442828243145,-0.14559969131495185,-0.38510728307678294,-0.19173029100203426,1.0,0.0,0.0
1.2414891716353518,0.29869822822129993,0.5347370068133769,1.0584149574465453,0.07121419453308983,1.036819221169017,0.2054457479262848,0.678109298937364,0.20357169446284942,1.2949295313288407,0.1141419415033689,0.3544105761070935,0.22845236563400603,0.5719068401405086,0.4120332718291387,0.9363603997050609,-0.030165160287521635,0.0,1.0,0.0
-0.05098075834939829,-0.2548815500165367,0.21770552118263242,-0.15793289191029422,0.07121419453308983,0.09052848082613564,0.2697547257830103,0.678109298937364,0.10169488579511483,0.26678819572525037,0.541477086417311,0.22336896770803907,-1.3216909126289667,-0.23785039455393697,-0.19733883222522858,0.481507392950441,-0.07293240077077492,0.0,1.0,0.0
-1.5229604008320308,-1.6304434232135845,-1.5999416631003027,-1.6497783310787255,2.0134194999809965,2.613970455073819,-1.089920806044895,-1.7655278143504343,-2.547102139566001,-1.2464620799166533,-1.6241705123838515,-1.206693802212069,-1.988480484528848,-2.1559987377308496,-1.559802876195841,-2.036941886554088,-1.7408547796176557,1.0,0.0,0.0
-1.5409113720818188,-1.4067748259457717,-1.372735765064936,-1.4730440281807233,1.366017731498361,1.036819221169017,-0.8418718914546688,-0.950982109921168,-0.800642562404826,-0.7975552995826917,-1.5734697324788074,-2.0271282200148404,-0.8885626437025477,-1.1280090568066958,-0.582507992335064,-1.2373581799433346,-1.1373614972428585,1.0,0.0,0.0
-0.4459021258447388,0.11976335040704968,-0.035919667321963354,0.12796083336588618,0.7186159630157255,0.09052848082613564,0.06151613081837628,-0.5437092577065351,0.10897180069995266,0.20886474019828774,-1.6024416067102616,0.3544105761070935,-1.4185748675204024,-0.9040336514656787,-0.3180634943492066,-0.3707435039161109,0.003098248977231113,0.0,1.0,0.0
-0.8228725220902909,-0.5512424413963882,-0.7862275166480587,-0.43343048172188614,0.07121419453308983,0.4059587276070961,-1.8738778694411644,-1.7655278143504343,-0.8151963922145027,-1.572281517255819,-1.3272088015114514,-1.1725090348036202,-0.5922117228581562,-1.1739527296971606,-1.341348725685785,-0.26062119701762365,-0.7999754889860818,1.0,0.0,0.0
0.8824697466395879,0.5671005449426749,0.016918913616494054,0.2994970685315942,-0.5761875739495458,-0.5403320127357853,1.2374517259127809,1.085382151151997,1.0840783979482758,0.19438387631654683,0.4111036523757686,0.6506785603136492,0.12586935457248596,0.8303400001493741,1.1421300380074833,1.1709687926627075,0.5685762064780254,0.0,1.0,0.0
1.1158323728868347,1.3946743548335816,1.158232261887174,1.910898065542792,0.7186159630157255,-0.5403320127357853,2.1163410899546924,1.4926550033666302,0.8293863762789377,1.4759403298505995,0.7515231745953496,0.9241566995812404,1.4480503860320795,1.042829487267774,1.7400045551929,1.391213406459681,1.3526422820043373,1.0,0.0,0.0
0.9542736316387405,0.8075442870055733,0.47133070968722784,0.159149239759651,-0.5761875739495458,0.09052848082613564,-0.01810450843280762,0.270836446722731,0.6984019079918499,1.2008039160975263,1.0774567596992033,0.6734684052526154,0.9123391060441409,0.6637941859214382,1.0558981364903557,0.8118743136459019,1.3811537756598393,0.0,0.0,1.0
-1.110088062086902,-0.15982239617771613,0.13844764977494595,-0.3190729916114139,2.0134194999809965,1.036819221169017,0.8638471878879956,0.270836446722731,0.8584940358982901,0.04957523749913978,0.04171225592473471,-0.06720155526377547,-0.877164531362379,0.4168469441351892,-1.0424114670930766,-0.27977290256518655,-0.6194026958345679,0.0,1.0,0.0
1.0440284878876813,1.3946743548335816,1.8874046788378862,1.5002507146915511,0.07121419453308983,-0.22490176595482486,2.0397827829824005,1.4926550033666302,1.1568475469966581,1.7510767436036727,1.6206794015389596,2.069346407764275,0.7755617579621137,0.6293364312535898,1.4295697097312412,1.4007892592334628,0.9629852020458066,0.0,1.0,0.0
0.5054993503940358,0.43849110151368287,0.3603696897164668,0.13315890109818007,0.07121419453308983,0.4059587276070961,1.4456903208774146,1.085382151151997,0.1890178646531738,-0.754112707937469,-1.3054798958378613,0.4968471069756302,-0.3870457007351156,-0.898290692354371,0.3602941309188619,-0.45692617888014403,-0.0539247383337735,0.0,0.0,1.0
-0.10483367209876301,-0.562425871259779,-0.8866208204311278,-0.6413531910136536,0.7186159630157255,0.7213889743880566,-0.8602458851280191,-0.950982109921168,-0.39313532773388454,-0.913402210636617,-1.1244056818912758,0.17209181659536635,0.09167501755197874,-0.9212625287996034,-1.6747787448853442,-0.41383484139812743,-0.6003950333975664,1.0,0.0,0.0
-0.39204921209537413,-1.2613902377216935,-1.4467097783787763,-0.7765029520533023,0.7186159630157255,0.09052848082613564,-0.7408149262512436,-1.358254962135801,-1.0698884138838403,-0.4572549983617849,-0.7767431911138314,-0.74519944219801,-0.7232900147700986,-1.3519844621477124,-0.548015231728213,-0.20316608037493497,-0.980548282137596,1.0,0.0,0.0
-0.35614726959579784,-0.14304725138263033,-0.6171440576449949,-0.740116477927243,-0.5761875739495458,-1.1711925062977062,-0.9000562047536109,-0.5437092577065351,0.6256327589434676,-0.7396318440557291,-0.00174555542244539,-0.6426451399726638,-0.6093088913684094,-0.18042080344085576,-0.5710104054661139,-1.098508314723503,0.3167246791877558,1.0,0.0,0.0
-0.4459021258447388,-1.2446150929266078,-0.8919046785249736,-0.6465512587459477,0.07121419453308983,0.7213889743880566,-0.10691214452066602,-0.13643640549190206,-0.7060426686419292,1.562825513141044,-0.1176330523482607,-0.8078715157801664,-0.877164531362379,-0.6053997776776566,-0.5595128185971634,-0.1792264484404813,0.36424383528025955,0.0,1.0,0.0
-0.3022943558464331,-0.0535798124755056,0.7302397562856687,0.3566758135868303,0.7186159630157255,0.09052848082613564,1.513061631013032,1.085382151151997,-0.5677812854500025,0.38987553872004654,0.3531599039128615,-0.1640583962543806,0.6045900728595799,-0.02536090743553632,-0.35830504839053284,0.5676900679144742,-0.06342856955227404,0.0,1.0,0.0
0.4157444941450948,0.6062425494645424,0.1754346564318659,-0.3346671948082965,-0.5761875739495458,-0.5403320127357853,0.21157041248406824,0.678109298937364,-0.18210479549357653,0.035094373617398866,-0.14660492657971375,-0.8876359730665467,0.7185711962612691,0.5948786765857407,-0.019126235756498598,-0.18401437482737176,0.09338464555298813,0.0,1.0,0.0
0.1285289541484837,0.10857992054365889,0.20185394690109462,-0.022783130870645322,0.07121419453308983,0.09052848082613564,-0.09160048312620764,-0.13643640549190206,-1.2227036268854432,-0.35588895118959957,-0.25524945494766504,-0.42614161305248777,0.4450165000972153,-0.3986532496705642,0.5442555208220672,0.5293866568193484,-0.15846688173728152,1.0,0.0,0.0
0.5593522641434002,1.2716566263362845,-0.035919667321963354,0.07078208831065007,0.07121419453308983,1.036819221169017,0.39531034921756897,-0.13643640549190206,-0.05839724211132642,0.042334805558269836,-0.11039008379039666,0.0467476694310539,0.524803286478398,0.6752801041440547,0.09584963293300498,0.03144231258271152,0.744397084020289,1.0,0.0,0.0
0.6850090628919174,1.3946743548335816,1.1476645456994825,1.0376226865173688,-1.2235893424321813,-2.117483246640588,1.390568339857365,1.4926550033666302,0.4146022267031585,0.9908313898122857,1.4106333133609212,0.9070643158770153,1.123204184337266,1.703269785068208,1.4410672966001916,1.1853325718233794,1.5379669907651015,1.0,0.0,0.0
-0.41000018334516225,0.43849110151368287,0.22827323737032332,0.5490043196817149,-1.2235893424321813,-2.117483246640588,-0.13753546730958283,0.270836446722731,1.1277398873773048,0.8315418871131377,0.22278646987132017,0.8272998585906352,0.21705425329383696,0.5776497992518165,0.4005356849601882,0.6682365220391797,0.13615188603624143,1.0,0.0,0.0
-0.8408234933400791,-1.4459168304676389,-0.31068028820194205,-0.9584353226835988,0.7186159630157255,1.036819221169017,-0.39170904645759247,-0.5437092577065351,-1.7466415000337958,-1.6157241089010415,-0.8636588138081926,-1.2864582594984495,-1.561051271772514,-1.1107801794727712,-1.117145781741254,-1.6634836283766106,-1.3226862060036229,0.0,1.0,0.0
-2.079440509575465,-2.676094115440608,-2.4664943904910044,-1.6497783310787255,1.366017731498361,1.3522494679499775,-1.803444227026656,-2.172800666565067,-1.7684722447483103,-2.433892918219391,-2.167393154223608,-2.4316479676814846,-2.7350568428099122,-2.5407769981884933,-2.4451170651050154,-2.419975997505347,-2.3728595556479553,1.0,0.0,0.0
0.2721367241467891,0.231597649040956,-0.2050031263250272,0.9076709932100141,-1.2235893424321813,-0.5403320127357853,1.5038746341763567,1.4926550033666302,1.5716316965724375,1.533863785377562,0.7225513003638965,0.49114964574088826,-0.07929666755055499,1.1978893832730935,0.9236758874974274,1.0416947802166572,1.466688256626346,1.0,0.0,0.0
-0.9664802920885965,-1.7534611517108811,-2.197017627704872,-1.6497783310787255,0.7186159630157255,1.3522494679499775,-0.5693243186333097,-0.950982109921168,-0.800642562404826,-0.442774134480044,-1.6386564494995786,-2.237934285700275,-0.8600673628521254,-2.0583684328386114,-1.3528463125547352,-1.103296241110394,-1.2228959782093651,0.0,0.0,1.0
-0.5177060108438917,-0.5344672966013024,-0.4850476052988513,-0.7609087488564197,1.366017731498361,1.6676797147309381,-0.21103144200298327,-0.5437092577065351,-0.3785814979242089,-0.1097142652000082,-1.0447330277547782,-0.5628806826862833,-0.6207070037085785,-1.0476076292483818,-0.013377442322023356,-0.36116765114232924,-0.6194026958345679,1.0,0.0,0.0
-0.5895098958430443,-1.9268043145934362,-1.3463164745957072,-0.03837733406752791,0.07121419453308983,-0.22490176595482486,-1.3777800402607125,-1.358254962135801,-0.9971192648354579,-1.8546583629497628,-1.457582235552993,-1.6055160886439719,-0.6207070037085785,-1.340498543925096,-2.358885163587888,-1.7640300825013158,-1.2941747123481209,1.0,0.0,0.0
-1.3973036020835132,-1.8429285906180064,-1.7161865411649089,-1.6497783310787255,1.366017731498361,1.036819221169017,-1.748322246006606,-2.172800666565067,-2.5179944799466476,-1.3116259673844863,-1.826973632004027,-1.5257516313575914,-1.3387880811392199,-2.144512819508233,-2.410624304498165,-1.6922111866979548,-1.9166756571599195,0.0,1.0,0.0
0.7568129478910707,0.5447336852158934,0.6562657429718288,-0.10075414685505811,-0.5761875739495458,-0.22490176595482486,0.1840094219740434,0.678109298937364,0.3345561627499384,1.3094103952105816,-0.9723033421761439,0.810207474886411,0.6501825222202554,0.17564266146024793,0.5902458682978683,0.5581142151406928,0.6208472781797796,1.0,0.0,0.0
-0.15868658584812773,-0.059171527407200594,0.7355236143795149,1.0324246187850745,0.07121419453308983,0.4059587276070961,0.8607848556091041,0.678109298937364,0.10169488579511483,1.396295578501025,0.4762903693965398,1.0267110018065866,0.8724457128535495,0.5144772490274274,-0.34105866808710755,0.5198108040455668,1.0247601049660613,0.0,1.0,0.0
0.038774097899542705,-0.3163904142651848,-0.7650920842726758,-1.6497783310787255,1.366017731498361,1.9831099615118986,-1.3410320529140127,-0.950982109921168,-0.16027405077906204,-0.13143556102261905,-0.030717429653899477,-0.27800762094920994,-0.8999607560427167,-0.2837940674444018,-0.8756964574932972,0.041018165356492796,-1.0755865943226035,0.0,0.0,1.0
-2.079440509575465,-2.4132835136509287,-1.8218637030418237,-1.6497783310787255,2.660821268463632,2.613970455073819,-1.2583490813839373,-2.172800666565067,-0.8224733071193405,-1.4853963339653753,-1.993561908834886,-2.517109886202607,-1.612342777303274,-2.649893221303348,-2.508353792884242,-2.419975997505347,-1.854900754239665,0.0,0.0,1.0
-0.7869705795907147,-0.562425871259779,-1.208936164155718,0.055187885113767286,0.7186159630157255,0.4059587276070961,-0.09160048312620764,-0.5437092577065351,-0.24759702963711996,-0.5006975900070066,-0.8274439710188755,-0.8306613607191321,-0.5751145543479026,-0.9614632425787599,-0.984923532748325,-1.4959062048354346,-0.0016536666320193275,1.0,0.0,0.0
0.3259896378961538,0.28192308342621336,-0.4216413081727027,-0.7972952229824791,-0.5761875739495458,-0.8557622595167458,-0.5478879926810679,-0.5437092577065351,-0.8734117114532083,0.6432906566505089,0.3024591240078174,-0.07859647773325856,0.39942405073653975,0.11821307034716672,-0.05936778979782446,-0.02601280405997749,-0.0539247383337735,0.0,0.0,1.0
-2.079440509575465,-1.5242008395113735,-2.144179046766414,-1.6497783310787255,0.7186159630157255,0.7213889743880566,-1.3961540339340628,-1.358254962135801,-1.5574417125080018,-1.7388114518958375,-1.6748712922888958,-2.1296825222401865,-1.7434210692152163,-1.7941923137184377,-1.33559993225131,-1.2660857382646789,-1.4699955898903845,1.0,0.0,0.0
0.2721367241467891,0.4888165358989402,0.12259607549340887,-0.6153628523521827,1.366017731498361,-0.22490176595482486,0.4841179853054278,-0.13643640549190206,0.17446403484349712,0.26678819572525037,0.17932865852414007,0.5253344131493375,-0.3528513637146088,-0.341223658557483,0.5327579339531167,-0.35159179836854765,0.7348932528017889,1.0,0.0,0.0
-0.6792647520919852,-0.059171527407200594,-0.41107359198501103,0.13835696883047433,-0.5761875739495458,0.09052848082613564,-0.7591889199245938,-0.950982109921168,-0.02201266758713527,0.7012141121774715,0.8094669230582566,-0.18684824119334636,0.10877218606223195,-0.8351181421299816,-0.5537640251626882,-0.5143812955228331,0.36424383528025955,1.0,0.0,0.0
-0.3202453270962213,0.08621306081687731,-0.0993259644481124,0.7101444193828348,0.07121419453308983,0.09052848082613564,-0.05791482805839935,-0.5437092577065351,0.021648821841893692,0.10025826108523246,0.9977841055627061,-0.13557109008067325,0.5305023426484822,0.4800194943595782,0.17058394758118187,0.7975105344852298,0.3309804260155068,0.0,0.0,1.0
-0.8228725220902909,0.002337336841447565,-0.3265318624834791,-0.4074401430604152,0.7186159630157255,-0.5403320127357853,-0.8051239041079691,-0.950982109921168,0.1890178646531738,-0.4572549983617849,0.33867396679713446,-0.36346953947033195,-0.34715230754452425,-0.23210743544262877,-0.3238122877836818,0.1702921778025429,0.3309804260155068,1.0,0.0,0.0
-0.37409824084558596,-0.4394081427624819,-1.314613326032633,-0.9012565776283628,0.7186159630157255,0.09052848082613564,-1.659514609918747,-1.7655278143504343,-1.6302108615563842,-0.8482383231687844,-1.19683536746991,-1.3776176392543131,-1.6408380581536963,-0.5307413092306509,-2.105938252470981,-0.9069912592478735,0.12189613920849043,1.0,0.0,0.0
0.6311561491425534,0.9305620155028705,0.7249558981918233,1.5574294597467873,0.07121419453308983,0.09052848082613564,1.206828403123864,0.678109298937364,0.43643297141767295,0.8460227509948786,1.4106333133609212,1.0153160793371034,0.416521219246793,0.35367439391079936,1.0673957233593063,1.3241824370432111,1.086535007886316,0.0,1.0,0.0
0.5773032353931886,0.829911146732355,0.2758279602149353,0.8193038417610128,0.7186159630157255,0.09052848082613564,0.9526548239758545,1.085382151151997,0.18174094974833493,0.17990301243480591,-1.1823494303541828,0.2461588126470053,0.30254009584510383,-0.47905467722887785,0.18208153445013237,-0.4377744733325811,-0.4815971431663071,1.0,0.0,0.0
-0.41000018334516225,-0.3275738441285756,0.19128623071340373,-0.10595221458735238,1.366017731498361,1.036819221169017,-0.20796910972409177,-0.5437092577065351,-0.676935009022576,-0.34864851924872964,-0.23352054927407498,-0.27800762094920994,-0.39844381307528426,0.7269667361458273,0.34304775061543663,-0.29413668172585894,-0.0539247383337735,1.0,0.0,0.0
-1.8640288545780066,-1.233431663063217,-1.1825168736864893,-1.6497783310787255,0.7186159630157255,1.036819221169017,-0.3029014103697336,-0.950982109921168,-0.5605043705451647,0.1219795569078433,-0.5377252287043388,-1.9758510689021673,-1.0994277219956727,-1.3692133394816366,-1.3585951059892103,-0.7058983509984627,-0.8855099699525886,1.0,0.0,0.0
-1.110088062086902,-0.9091121970248888,-0.9183239689942022,-1.135169625581601,-0.5761875739495458,1.036819221169017,-0.4652050211509925,-0.5437092577065351,-1.2445343715999577,-1.1885386243896907,-0.02347446109603647,-0.5856705276252492,0.16006369159299239,-0.5996568185663484,-1.082653021134403,-1.0602049036283774,-0.7144410080195753,1.0,0.0,0.0
-0.23049047084728028,-0.7134021744155528,0.06975749455495146,-0.6933338683365955,0.7186159630157255,0.7213889743880566,-0.19878211288741637,-0.5437092577065351,0.1962947795580116,-0.10247383325913723,-0.45080960600997755,-0.9730978915876688,-1.412875811350318,-1.4553577261512585,-0.9044404246656729,-1.7879697144357696,-0.7667120797213295,1.0,0.0,0.0
-0.3381962983460097,-0.9091121970248888,-1.0821235699034202,-0.8128894261793616,0.07121419453308983,0.09052848082613564,-0.6734436161156265,-0.13643640549190206,-0.6623811792128993,-0.6527466607652846,-0.04520336676962652,-0.35777207823559043,-0.5865126666880717,-0.8638329376865221,0.12459360010538077,-0.45213825249325323,-0.7334486704565767,1.0,0.0,0.0
1.1337833441366225,1.3946743548335816,0.751375188661052,1.0999994993048987,-1.2235893424321813,-1.8020529998596273,0.7505408935690039,1.085382151151997,1.3096627599982604,0.38987553872004654,1.3092317535508329,1.1805424551446064,1.111806071997097,2.0995339637484687,1.5445455784207442,1.8747939715356463,1.2813635478655818,0.0,1.0,0.0
-1.2536958320852079,-1.887662310071569,-1.7320381154464464,-1.1091792869201302,0.7186159630157255,1.3522494679499775,-0.5509503249599594,-0.5437092577065351,-1.0626114989790019,-1.116134304980987,-0.9505744365025538,-1.2465760308552596,-0.6093088913684094,-1.2658400754780907,-1.226372856996282,-1.33790463406804,-1.108850003587356,1.0,0.0,0.0
-1.289597774584784,-1.6192599933501937,-1.3040456098449411,-0.9532372549513045,0.07121419453308983,-0.8557622595167458,-0.9153678661480693,-0.950982109921168,-1.7975799043676632,-1.608483676960171,-2.0225337830663395,-1.537146553827074,-0.6606003968991694,-1.5013013990417237,-1.0596578473965024,-1.33790463406804,-2.292076990290699,1.0,0.0,0.0
1.8159202516285742,1.3946743548335816,1.2533417075763973,1.2299511926122535,-0.5761875739495458,-0.8557622595167458,0.25750539666744343,0.678109298937364,1.3096627599982604,0.5781267691826754,0.7225513003638965,1.231819606257279,1.5905267902841909,0.4915054125821946,0.9121783006284768,0.5150228776586759,1.64726104977786,0.0,0.0,1.0
0.48754837914424765,0.19804735945078364,0.22827323737032332,0.44504296503583124,1.366017731498361,0.4059587276070961,-0.4652050211509925,-0.5437092577065351,0.09441797089027598,-1.217500352153172,-0.21179164360048494,-0.0956888614374828,0.06887879287164139,-0.11150529410515814,-0.3927978089973839,-0.20316608037493497,-1.056578931885602,1.0,0.0,0.0
-0.8946764070894438,-1.7143191471890142,-0.2419901329819472,-0.37105366893435576,0.7186159630157255,0.09052848082613564,-1.5523329801575383,-0.950982109921168,-0.0802279868258409,-0.6455062288244137,-0.5449681972622018,-0.8990308955360299,-0.9683494300837301,-0.16319192610693115,0.0383616985882534,-0.5143812955228331,-1.3844611089238779,0.0,1.0,0.0
0.11057798289869523,1.3946743548335816,-0.04120352541580917,0.4814294391618907,-0.5761875739495458,-1.4866227530786669,0.5453646308832609,0.270836446722731,1.3096627599982604,1.410776442382766,-0.21903461215834794,0.6278887153746838,1.7387022507063874,1.3988929521688775,0.7684584647665978,0.35702130689128164,0.7063817591462862,1.0,0.0,0.0
-0.8767254358396555,-0.6127513056450372,-0.28954485582655914,-0.10075414685505811,0.7186159630157255,1.036819221169017,-0.4805166825454509,-0.5437092577065351,-0.6842119239274137,-0.24728247207654427,-0.3276791405262992,-0.01592440415110233,-0.5238230488171425,-0.3297377403348666,-1.237870443865232,-0.3707435039161109,-0.5576277929143127,1.0,0.0,0.0
1.6723124816302684,1.3946743548335816,1.1476645456994825,1.4794584437623746,-1.2235893424321813,-0.8557622595167458,1.2864490423750476,1.4926550033666302,1.4479241431901873,1.562825513141044,1.743809867022638,1.824355574670392,1.9552663851695966,1.0772872419356232,1.2743522870004125,1.5827304619353106,2.146212188749149,1.0,0.0,0.0
-0.01507881584982202,0.6286094091913231,0.70382046581644,1.5886178661405521,0.07121419453308983,-0.22490176595482486,1.718237893698774,1.4926550033666302,1.7608314840982309,0.8098205912905269,0.4762903693965398,0.9013668546422741,0.4735117809476376,0.6867660223666711,0.09010083949852933,1.7024286216075792,0.5733281220872759,1.0,0.0,0.0
-1.0562351483375374,-0.6015678757816464,-0.6435633481142236,-1.3119039284796035,0.7186159630157255,0.7213889743880566,-0.2661534230230334,-0.13643640549190206,0.06531031127092368,-0.5006975900070066,0.8818966086368908,0.01826036325734656,-0.666299453069254,-0.22636447633132056,-0.3813002221284334,-1.4240873090320734,-0.6479141894900702,1.0,0.0,0.0
2.0133809353762446,1.3946743548335816,0.9997165190718019,1.302724140864372,-1.870991110914817,-1.4866227530786669,0.520865972652128,1.4926550033666302,1.2878320152837461,0.9835909578714157,1.4106333133609212,2.069346407764275,2.069247508571286,1.0772872419356232,1.4698112637725673,2.3679503893853924,2.179475598013902,1.0,0.0,0.0
-0.6792647520919852,-0.6015678757816464,0.3339503992472381,-0.27748844975306053,0.07121419453308983,1.036819221169017,-0.48970367938212583,-0.13643640549190206,-0.5313967109258113,-1.4057515826158014,-0.8057150653452855,-0.2267304698365364,-0.40414286924536885,-1.1567238523632364,-0.5307688514247876,-0.8543240689920752,-0.9995559445745976,1.0,0.0,0.0
0.5773032353931886,0.5279585404208076,1.0895421066671798,1.0584149574465453,-0.5761875739495458,-0.5403320127357853,0.7474785612901124,1.085382151151997,0.39277148198864403,0.46952029006962004,0.3459169353549985,-0.14126855131541438,1.2428843639090392,1.0083717325999255,0.24531826222935876,-0.030800730446868298,0.6683664342722834,1.0,0.0,0.0
-0.24844144209706873,0.030295911499924146,-0.014784234946580467,0.6737579452567757,0.07121419453308983,-0.8557622595167458,0.015581146635001101,-0.13643640549190206,0.12352563050962932,0.10749869302610239,0.15035678429268598,0.2689486575859715,0.29114198350493475,0.5948786765857407,-0.8009621428451202,-0.03558865683375911,-0.26300902514078983,1.0,0.0,0.0
0.9363226603889526,1.0591714589318626,1.44884445704869,1.3079222085966662,-1.2235893424321813,0.09052848082613564,0.018643478913892605,0.678109298937364,0.3636638223692907,1.562825513141044,0.8746536400790278,1.0096186181023623,0.7014740277510159,0.399618066801265,1.239859526393561,1.2332118356922868,1.1768214044620735,1.0,0.0,0.0
0.7927148903906469,0.9473371602979563,0.49246614206261036,0.32028933946077087,-1.2235893424321813,-0.8557622595167458,1.871354507643358,1.4926550033666302,1.0622476532337612,1.7365958797219319,0.4762903693965398,2.069346407764275,1.0605145664663365,1.7147557032908243,1.406574535993341,1.7694595910240498,1.3431384507858364,1.0,0.0,0.0
0.3977935228953067,0.18127221465569784,-0.18386769394964433,0.2527144589409466,0.07121419453308983,-0.5403320127357853,1.1762050803349473,0.678109298937364,1.0258630787095702,0.31747121931134303,-0.3566510147577533,0.3544105761070935,-0.022306105849710413,-0.008132030101612118,0.17058394758118187,0.5676900679144742,-0.36755116854429787,1.0,0.0,0.0
-0.23049047084728028,-0.4617750024892635,-1.3780196231587816,-0.7868990875178906,1.366017731498361,-0.22490176595482486,0.20850808020517675,-0.5437092577065351,-0.3785814979242089,-0.8772000509322652,-0.7767431911138314,-1.069954732578274,-1.0709324411452505,-0.4158821270044884,-1.0998994014378283,-0.2989246081127498,-0.7429525016750776,0.0,1.0,0.0
-0.6792647520919852,0.41612424178690127,-0.2578417072634846,-0.8648701035023036,0.7186159630157255,0.4059587276070961,-0.3763973850631341,-0.5437092577065351,-1.1062729884080313,-0.4572549983617849,1.0412419169098863,0.49114964574088826,-0.18187967861207507,0.0492975610114691,-0.03637261605992391,-0.04995243599443119,0.4070110757635128,1.0,0.0,0.0
-1.2177938895856313,-0.5512424413963882,-0.75980822617883,-0.7972952229824791,0.7186159630157255,0.4059587276070961,-0.6948799420678684,-1.358254962135801,0.05803339636608484,-0.40657197477569224,0.6211497405538082,-0.6369476787379222,-0.16478251010182185,-0.4101391678931806,-0.5365176448592629,-0.33722801920787554,-0.29152051879629215,0.0,1.0,0.0
0.9004207178893764,1.3946743548335816,1.4277090246733066,0.933661331871485,-1.870991110914817,-0.5403320127357853,0.9036575075135879,1.4926550033666302,1.7608314840982309,1.7510767436036727,1.743809867022638,1.9440022605999625,1.4936428353927558,2.0995339637484687,2.0849321612614093,1.956188720112789,1.210084813726826,0.0,1.0,0.0
-0.3381962983460097,-0.17659754097280192,-0.07819053207272951,-0.3502613980051791,-0.5761875739495458,-0.5403320127357853,-0.3763973850631341,-0.13643640549190206,-0.1457202209693854,-1.3261068312662272,-0.4001088261049334,-0.4375365355219709,0.09167501755197874,-0.11724825321646634,0.032612905153777745,-0.24146949147006078,0.007850164586481554,1.0,0.0,0.0
-0.4818040683443151,-0.09831353192906796,-0.3740865853280907,-0.8648701035023036,0.07121419453308983,-0.5403320127357853,0.8607848556091041,0.678109298937364,0.04347956655640921,-0.8627191870505247,-0.7912291282295584,-0.26661269847972685,-0.2958608020137642,-0.4101391678931806,-0.23758038626655445,-0.5526847066179589,-0.7286967548473263,0.0,0.0,1.0
-0.7151666945915618,-0.5568341563280841,-0.1732999777619527,0.32028933946077087,-1.2235893424321813,0.4059587276070961,-0.811248568665752,-0.5437092577065351,-0.40041224263872344,-0.29796549566263697,-0.00174555542244539,-0.03301678785532657,-0.19897684712232827,-0.20913559899739637,-0.07661417010125018,-0.21752985953560708,0.4165149069820137,0.0,0.0,1.0
-1.8101759408286417,-1.9323960295251315,-1.510116075504925,-1.4574498249838408,2.0134194999809965,2.298540208292859,-0.529513999007718,-1.358254962135801,-1.506503308174134,-1.1595768966262094,-0.20454867504262192,-1.195298879742586,-0.6606003968991694,-0.5594561047871914,-2.0484503181262292,-1.395359750710729,-1.0850904255411042,1.0,0.0,0.0
-1.5229604008320308,-1.568934558964936,-0.7756598004603671,-1.5562131118974303,0.7186159630157255,1.036819221169017,-0.5080776730554761,-0.5437092577065351,-0.03656649739681194,-1.3695494229114495,-1.008518184965461,-1.3092481044374153,-1.4926625977315002,-1.0303787519144576,-0.548015231728213,-1.3331167076811494,-0.8237350670323338,1.0,0.0,0.0
1.0799304303872583,1.3946743548335816,0.5875755877518343,1.2559415312737243,-0.5761875739495458,-0.5403320127357853,1.2772620455383723,1.4926550033666302,0.8293863762789377,0.9618696620488039,0.20830053275559313,0.73044301760003,1.117505128167181,0.5948786765857407,1.4238209162967663,0.6347210373309444,0.7824124088942925,0.0,1.0,0.0
-0.661313780842197,-0.3443489889236614,-0.4216413081727027,-1.2911116575504267,1.366017731498361,0.7213889743880566,-0.31208840720640857,-0.950982109921168,-1.7175338404144425,-0.754112707937469,-0.9288455308289633,-0.15836093501963902,-0.5808136105179871,-1.0131498745805334,-0.3755514286939582,-0.5670484857786309,-0.3818069153720492,0.0,1.0,0.0
-1.4332055445830898,-1.0433133553855762,-1.4519936364726223,-1.1715560997076606,0.7186159630157255,0.7213889743880566,-0.529513999007718,-0.950982109921168,-1.0116730946451347,-1.058210849454024,-0.5377252287043388,-1.531449092592333,-1.076631497315335,-0.9844350790239927,-1.1458897489136297,-0.8830516273134198,-1.6695760454789,1.0,0.0,0.0
0.4695974078944592,0.9864791648198237,0.6668334591595204,0.1539511720273571,0.07121419453308983,0.4059587276070961,0.655608592923362,0.678109298937364,0.3636638223692907,-0.008348218027822839,0.8022239545003936,-0.05010917155955122,-0.19897684712232827,0.7556815317023678,0.6707289763805209,0.3187178957961559,-0.239249447094538,1.0,0.0,0.0
0.6670580916421296,0.8187277168689642,1.1265291133240993,0.9284632641391908,-1.2235893424321813,-0.5403320127357853,0.1870717542529349,1.085382151151997,1.673508505240172,0.5998480650052862,0.8456817658475737,0.9640389282244299,1.3796617119910666,0.39387510768995637,1.4008257425588653,1.5396391244532945,0.5495685440410241,1.0,0.0,0.0
0.3977935228953067,0.8410945765957449,0.7936460534118177,0.9284632641391908,-0.5761875739495458,-0.8557622595167458,0.47799332074764433,0.678109298937364,0.5746943546095997,-0.059031241613915514,0.9543262942155251,0.20627658400381485,0.9009409937039718,1.4276077477254183,1.308845047607263,0.46714361378976854,0.5780800376965263,1.0,0.0,0.0
1.6902634528800569,1.2101477620876362,0.9204586476641158,1.1467821088955463,-1.2235893424321813,-0.22490176595482486,1.4579396499929813,1.4926550033666302,0.5674174397047609,1.0270335495166374,-0.5159963230307487,0.41138518845450817,0.5020070617980599,0.9739139779320771,1.2686034935659367,0.7161157859080871,1.110294585932568,0.0,1.0,0.0
-0.06893172959918674,-0.32198212919688063,-0.8549176718680532,-0.2566961788238837,2.0134194999809965,-0.5403320127357853,-0.5570749895177428,-1.7655278143504343,-0.10933564644519424,-0.3848506789530814,-0.6680986627458801,-0.7395019809632686,-0.4611334309462134,-0.5651990638984996,-0.7664693822382692,-0.5957760440999754,-1.9404352352061713,1.0,0.0,0.0
-2.079440509575465,-1.7534611517108811,-2.1547467629541055,-1.6497783310787255,0.7186159630157255,2.298540208292859,-1.6932002649865556,-1.358254962135801,-1.2299805417902814,-1.7388114518958375,-0.8057150653452855,-2.078405371127514,-1.2191079015674464,-1.4323858897060262,-2.0082087640849036,-1.5342096159305605,-0.9425329572635931,1.0,0.0,0.0
1.6902634528800569,1.3946743548335816,1.8715531045563492,1.7757483045031435,-0.5761875739495458,-2.117483246640588,1.3170723651639644,1.4926550033666302,0.8148325464692611,1.7510767436036727,0.7587661431532136,0.8159049361211521,0.6900759154108468,1.307005606387948,1.3548353950830643,1.348122068977665,1.3859056912690895,0.0,1.0,0.0
0.038774097899542705,-0.0479880975438098,-0.31068028820194205,-0.5945705814230058,-0.5761875739495458,-0.5403320127357853,-0.9674275148892278,-0.5437092577065351,0.3345561627499384,-0.5224188858296185,-0.8346869395767386,0.5481242580883029,-0.7802805764709431,-0.444596922561029,-0.2778219403078807,-1.395359750710729,-0.9948040289653473,1.0,0.0,0.0
-0.9485293208388084,-0.10390524686076297,0.6932527496287492,0.22672412027947564,0.7186159630157255,0.4059587276070961,1.5436849538019488,0.678109298937364,-0.16755096568389985,0.6070884969461572,-1.3634236443007683,-0.11278124514170705,0.1942580286134988,0.1526708250150151,-0.0018798554530728762,-0.35637972475543844,-0.29152051879629215,1.0,0.0,0.0
1.5287047116319632,1.2325146218144172,0.9098909314764242,1.271535734470607,-0.5761875739495458,-0.8557622595167458,1.0016521404381211,1.085382151151997,1.1059091426627903,0.7229354080000824,1.743809867022638,0.7760227074779616,1.2542824762492084,1.1347168330487043,1.7457533486273749,0.44799190824220564,1.5854861468576051,0.0,1.0,0.0
1.2235382003855635,0.7460354227569252,0.4818984258749195,0.4086564909097722,-0.5761875739495458,0.09052848082613564,0.2207574093207432,0.678109298937364,0.5310328651805698,-0.746872275996599,-0.00174555542244539,0.5994014092009765,0.15436463542290826,0.7786533681476007,0.3660429243533368,-0.054740362381321996,0.6636145186630329,0.0,0.0,1.0
-0.3022943558464331,-0.10949696179245876,0.048622062179568576,-0.6517493264782419,-0.5761875739495458,-0.8557622595167458,1.2190777322394302,1.085382151151997,-0.28398160416131113,0.5708863372418054,0.4690474008386768,0.5766115642620102,-0.07359761138047045,0.1354419476810909,1.2858498738693622,-0.19837815398804418,0.7586528308480407,1.0,0.0,0.0
1.3491949991340813,1.176597472497464,1.633779490333291,2.014859420188676,-1.2235893424321813,-0.8557622595167458,1.078210447410413,1.4926550033666302,1.5279702071434074,1.7510767436036727,1.743809867022638,2.069346407764275,1.6418182958149514,1.9961606997449226,1.0846421036627316,1.5540029036139664,1.4476805941893447,1.0,0.0,0.0
-0.14073561459833928,-0.4953252920794351,-0.9394594013695852,-0.6985319360688895,2.0134194999809965,0.7213889743880566,-0.7530642553668104,-0.950982109921168,-0.6187196897838703,-0.594823205238322,0.25175834410277426,-0.7395019809632686,-0.8885626437025477,-1.041864670137074,-0.4962760908179366,-0.9500825967298903,-0.8617503919063367,1.0,0.0,0.0
0.8824697466395879,1.238106336746113,1.2533417075763973,0.7101444193828348,-1.870991110914817,-1.1711925062977062,-0.2630910907441419,0.678109298937364,0.6401865887531432,0.3753946748383057,0.6501216147852623,1.1976348388488307,0.3652297137160325,1.32997744283318,0.38903809809123774,0.5820538470751465,0.44027448502826555,1.0,0.0,0.0
0.23623478164721282,0.2092307893141744,0.2335570954641695,-0.5269957009031814,0.7186159630157255,0.09052848082613564,1.6814899063520743,0.678109298937364,0.7347864825160411,-0.03006951385043369,-0.3276791405262992,-0.9730978915876688,-0.8372711381717877,-0.4158821270044884,-0.9216868049690983,0.18944388335010579,0.6160953625705292,1.0,0.0,0.0
0.3259896378961538,-0.4561832875575677,-0.9764464080265055,0.2787047976024175,-0.5761875739495458,0.09052848082613564,0.23606907071520158,0.270836446722731,0.3054485031305851,-0.12419512908174911,0.26624428121850024,-0.33498223329662463,0.6672796907305094,0.014839806343620693,0.05560807889167871,0.2229593680583411,0.4070110757635128,1.0,0.0,0.0
1.4748517978825986,1.3946743548335816,0.9838649447902649,1.4378739019040208,-1.2235893424321813,-1.4866227530786669,0.8087252068679459,1.085382151151997,1.7608314840982309,1.092197436984471,1.743809867022638,1.3742561371258157,1.7387022507063874,1.1749175468278614,0.6362362157736694,0.6155693317833816,2.3790560536024175,1.0,0.0,0.0
-0.35614726959579784,-0.5288755816696075,-0.8390660975865162,-0.32427105934370815,-0.5761875739495458,-0.22490176595482486,-0.45601802431431754,-0.13643640549190206,0.39277148198864403,0.8677440468174894,0.2734872497763643,0.5196369519145956,-0.21607401563258188,0.22158633435071273,0.29130860970515987,0.39532471798640745,0.21218253578424745,1.0,0.0,0.0
0.9363226603889526,1.221331191951027,0.8253492019748926,0.08117822377523821,-0.5761875739495458,-0.5403320127357853,0.20238341564739332,0.270836446722731,1.0258630787095702,0.5129628817148427,-0.1538478951375778,-0.02162186538584388,0.45641461243738435,0.7441956134797523,0.4120332718291387,0.5150228776586759,0.1456557172547423,1.0,0.0,0.0
1.4928027691323864,0.8466862915274408,0.41320827065492427,0.30469513626388844,-0.5761875739495458,0.09052848082613564,1.1180207670360054,1.085382151151997,1.113186057567628,1.222525211920137,-0.030717429653899477,0.9982236956328793,0.4678127247775534,0.7556815317023678,1.4008257425588653,0.7783588289376666,0.8726988054700493,1.0,0.0,0.0
-0.553607953343468,0.04707105629501073,0.37622126399800465,0.5334101164848326,-0.5761875739495458,-0.5403320127357853,-0.25696642618635845,-0.13643640549190206,-0.3713045830193701,-0.5079380219478776,-1.0881908391019586,-0.7110146747895612,-0.5466192734974803,0.22158633435071273,-1.128643368610204,-0.49522958997526983,0.08388081433448759,1.0,0.0,0.0
-0.8767254358396555,-0.5512424413963882,-0.5484539024250004,-0.7141261392657721,1.366017731498361,0.09052848082613564,-0.045665498942832464,-0.5437092577065351,-0.800642562404826,-0.9858065300453205,-0.2987072662948462,-0.9844928140571519,-1.0196409356144904,-1.231382320810242,-0.4560345367766107,-0.8543240689920752,-1.0280674382300998,1.0,0.0,0.0
-1.8640288545780066,-1.691952287462233,-1.8641345677925898,-1.6497783310787255,-0.5761875739495458,1.036819221169017,-2.3424147081115914,-2.172800666565067,-1.5283340528886489,-1.6374454047236522,-1.160620524680593,-0.5799730663905076,-1.2419041262477843,-0.9672062016900682,-1.013667499920701,-0.8303844370576215,-1.0375712694486006,1.0,0.0,0.0
-1.5947642858311837,-2.491567522694663,-1.6527802440387602,-1.6497783310787255,2.0134194999809965,1.9831099615118986,-0.7530642553668104,-1.358254962135801,-1.4773956485547812,-1.9849861378854294,-2.131178311434291,-1.4744744802449183,-0.9740484862538146,-2.2478860835117795,-1.4333294206373877,-2.419975997505347,-1.9261794883784205,0.0,0.0,1.0
2.0492828778758208,1.3946743548335816,1.792295233148663,1.5002507146915511,-1.870991110914817,-0.8557622595167458,0.6249852701344453,1.4926550033666302,1.717169994669202,-0.19659944849045263,1.3019887849929699,1.3229789860131431,1.5791286779440226,2.0019036588562305,1.5905359258965461,1.7550958118633777,1.8753529990218785,0.0,1.0,0.0
-1.1280390333366903,-1.535384269374764,-1.0768397118095745,-0.4698169558479454,0.07121419453308983,0.09052848082613564,-0.8020615718290771,-0.5437092577065351,-1.3173035206483399,-1.362308990970579,-0.9795463107340074,-1.582726243705006,-1.4698663730511625,-1.105037220361463,-1.7265178857956205,-0.6005639704868663,-1.3892130245331282,0.0,1.0,0.0
0.3080386666463657,-0.07035495727059138,-0.24727399107579298,0.3254874071930651,0.07121419453308983,-1.1711925062977062,-0.38558438189980904,0.270836446722731,0.39277148198864403,-0.29796549566263697,-0.4001088261049334,-0.48311622539990245,-0.6435032283889162,-0.3584525358914072,-0.8641988706243466,0.2085955888976687,-0.3532954217165469,0.0,1.0,0.0
-0.5356569820936798,-0.5568341563280841,-0.944743259463431,-0.8960585098960686,-0.5761875739495458,-0.22490176595482486,0.8393485296568628,0.270836446722731,-1.0262269244548108,0.027853941676528927,-0.4652955431257046,-0.35777207823559043,0.12586935457248596,0.21010041612809632,-0.950430772141474,-0.0595282887682128,-0.42457415585530245,1.0,0.0,0.0
0.4695974078944592,-0.32198212919688063,-0.1944354101373356,-0.2982807206822372,0.07121419453308983,-0.22490176595482486,1.1180207670360054,0.678109298937364,-0.03656649739681194,0.04957523749913978,0.9832981684469791,-0.11278124514170705,-0.569415498177818,-0.10001937588254174,0.4005356849601882,0.37617301243884455,0.19792678895649649,1.0,0.0,0.0
0.07467604039911897,-0.17100582604110692,0.23884095355801493,-0.7557106811241256,-1.2235893424321813,-0.5403320127357853,0.9220315011869377,1.4926550033666302,1.2514474407595548,0.8532631829357485,1.5337637788445986,1.1235678427971918,0.30254009584510383,0.9337132641529201,1.331840221345164,1.2954548787218663,1.043767767403063,1.0,0.0,0.0
0.6491071203923412,0.9752957349564328,1.0367035257287223,0.19553571388571045,-0.5761875739495458,-1.1711925062977062,0.9097821720713708,1.085382151151997,0.8730478657079668,-0.5731019094157102,-0.25524945494766504,0.8443922422948594,1.3454673749705595,0.35367439391079936,0.429279652132564,1.4390926703285885,1.3954095224875902,0.0,1.0,0.0
-0.7151666945915618,-0.8867453372981072,-0.844349955680362,-1.4158652831254872,0.07121419453308983,0.7213889743880566,-0.811248568665752,-0.5437092577065351,-0.5968889450693559,-0.602063637179192,-0.3856228889892074,-0.44323399675671243,-0.518123992647058,-0.5651990638984996,-0.34680746152158237,-0.7298379829329164,-0.9662925353098449,0.0,1.0,0.0
-0.14073561459833928,-0.38908270837722453,0.5083177163441482,0.1539511720273571,0.07121419453308983,0.09052848082613564,1.8254195234599828,1.085382151151997,-0.05839724211132642,-1.1740577605079499,-0.660855694188017,-0.8249638994843905,-0.1590834539317373,-0.7834315101282086,-0.9561795655759493,-0.6532311607426644,-0.4008145778090506,1.0,0.0,0.0
-0.05098075834939829,0.494408250830636,0.29696339259031856,0.07078208831065007,0.07121419453308983,-0.22490176595482486,0.27894172261968525,0.678109298937364,0.2908946733209084,-0.5151784538887475,0.0344692873668717,0.6962582501915816,1.1346022966774343,-0.12873417143908233,0.24531826222935876,0.045806091743383605,-0.13470730369102965,1.0,0.0,0.0
-0.39204921209537413,0.15331363999722125,0.02220277171033987,-0.8180874939116558,0.07121419453308983,0.09052848082613564,-0.07628882173174925,-0.13643640549190206,-1.1572113927418992,-0.3848506789530814,-0.10314711523253366,-1.6055160886439719,-0.21037495946249735,-0.3469666176687912,-0.019126235756498598,0.826238092806574,-0.2582571095315394,1.0,0.0,0.0
1.7800183091289978,1.3946743548335816,1.7288889360225141,1.4846565114946684,-1.2235893424321813,-1.1711925062977062,0.7291045676167617,1.085382151151997,1.1422937171869814,1.7510767436036727,1.2078301937407447,1.7502885786187532,1.0491164541261675,2.0995339637484687,0.7109705304218463,0.8166622400327924,1.2290924761638273,1.0,0.0,0.0
0.0926270116489071,0.30428994315299496,0.2758279602149353,0.5594004551463034,-1.2235893424321813,-0.5403320127357853,-0.30596374264862514,-0.13643640549190206,1.3096627599982604,0.5853672011235463,0.49077630651226684,0.7760227074779616,0.2227533094639211,0.4168469441351892,0.25681584909830923,0.1702921778025429,0.46403406307451744,0.0,1.0,0.0
-0.3022943558464331,0.7348519928935344,0.6668334591595204,0.8868787222808371,0.07121419453308983,0.09052848082613564,0.7627902226845708,0.678109298937364,0.1962947795580116,0.5926076330644162,0.961569262773389,0.3772004210460589,0.05748068053147232,1.3529492792784128,0.906429507194002,0.041018165356492796,1.0247601049660613,0.0,1.0,0.0
1.4389498553830222,0.3825739521967297,0.39735669637338716,-0.41783627852500355,0.7186159630157255,-0.5403320127357853,0.8577225233302126,1.085382151151997,0.3345561627499384,0.5057224497739718,0.6790934890167153,1.0893830753887424,1.0833107911466746,0.6293364312535898,-0.8412036968864461,0.5629021415275833,-0.419822240246052,1.0,0.0,0.0
1.6902634528800569,1.3946743548335816,0.9574456543210361,0.9492555350683675,0.7186159630157255,0.4059587276070961,1.4120046658096062,1.085382151151997,0.647463503657982,0.5491650414191945,0.577691929206628,0.9469465445202057,1.2371853077389552,0.8188540819267577,1.596284719331021,0.5389625095931296,1.210084813726826,0.0,0.0,1.0
-0.643362809592409,0.2092307893141744,-0.2789771396388675,-0.7609087488564197,0.07121419453308983,-0.22490176595482486,-0.47745435026655936,-0.13643640549190206,0.050756481461247026,-0.21832074431306348,-0.27697836062125614,0.09802482054372744,0.5817938481792426,0.7901392863702171,0.22807188192593347,0.01229060703514829,-0.09669197881702679,0.0,1.0,0.0
-0.8946764070894438,-1.0433133553855762,-1.0187172727772713,-0.82328556164395,1.366017731498361,0.09052848082613564,-0.05791482805839935,-0.5437092577065351,-1.5283340528886489,-0.9351235064592284,-2.029776751624203,-1.121231883690947,-0.7232900147700986,-1.0763224248049224,-0.9619283590104245,-2.1087607823574492,-1.1516172440706096,1.0,0.0,0.0
-0.01507881584982202,-0.42822471289909114,0.3550858316226214,0.6789560129890696,-1.2235893424321813,-0.22490176595482486,0.8362861973779704,0.678109298937364,0.5746943546095997,-0.5151784538887475,-0.21179164360048494,1.7218012724450458,0.08027690521180966,-0.008132030101612118,0.07860325262957885,0.49587117211111303,-0.0539247383337735,1.0,0.0,0.0
-0.553607953343468,-0.9818044911369277,-1.1666652994049518,-1.4002710799286047,1.366017731498361,0.4059587276070961,-1.6472652808031805,-1.358254962135801,-0.5095659662112969,-0.28348463178089606,0.5052622436279939,-0.07859647773325856,-1.1222239466760107,-0.4675687590062618,-1.4908173549821393,-0.2749849761782961,-0.2582571095315394,1.0,0.0,0.0
-0.4279511545949507,-0.8923370522298026,-1.2723424612818666,-1.327498131676486,0.7186159630157255,1.036819221169017,-0.6275086319322514,-0.5437092577065351,-0.07295107192100309,-0.746872275996599,-0.9867892792918709,-0.25521777601024376,-0.6036098351983248,-0.7030300825698945,-0.34105866808710755,-0.7729293204149329,-0.24875327831303853,1.0,0.0,0.0
0.29008769539657725,0.6062425494645424,1.2110708428256316,0.6165792002015396,-0.5761875739495458,0.7213889743880566,-0.10691214452066602,0.270836446722731,-0.16027405077906204,0.925667502344452,-0.24800648638980202,0.023957824492087703,0.040383512021219106,-0.4560828407836454,0.4005356849601882,0.3857488652126262,0.6826221811000344,1.0,0.0,0.0
0.5773032353931886,1.3723074951068,1.3484511532656205,0.18513957842112194,0.07121419453308983,-1.1711925062977062,1.1180207670360054,1.085382151151997,0.8221094613740989,1.5700659450819139,1.1933442566250188,1.1007779978582255,1.106107015827012,1.4850373388384994,1.0558981364903557,1.0033913691215315,1.3859056912690895,1.0,0.0,0.0
-0.463853097094527,0.4888165358989402,-0.35823501104655364,-0.07996187592588144,0.07121419453308983,0.09052848082613564,0.15338609918512663,-0.13643640549190206,-0.1748278805887377,-1.0075278258679319,-0.11039008379039666,-0.448931457991454,0.4393174439271311,0.4398187805804212,0.4177820652636135,-0.030800730446868298,-0.3532954217165469,1.0,0.0,0.0
-0.3202453270962213,-0.014437807953638224,-0.23670627488810173,-0.15273482417799997,-0.5761875739495458,-1.4866227530786669,-0.42845703380429223,-0.13643640549190206,0.480094460846703,-0.12419512908174911,0.08517006727191481,0.559519180557786,0.10877218606223195,1.042829487267774,0.5327579339531167,0.1607163250287613,-0.03491707589677174,1.0,0.0,0.0
0.9722246028885289,1.3946743548335816,1.2744771399517807,1.8953038623459098,-1.2235893424321813,-0.8557622595167458,0.9220315011869377,1.085382151151997,0.9676477594708636,0.925667502344452,1.743809867022638,1.5223901292290944,1.522138116243178,1.6745549895116674,2.0849321612614093,1.802975075732285,1.813578096101623,0.0,0.0,1.0
0.07467604039911897,0.6733431286448854,1.2216385590133232,0.1435550365627686,-0.5761875739495458,-1.1711925062977062,-0.1344731350306913,0.270836446722731,0.6838480781821732,-0.8989213467548766,0.46180443228081275,-0.38625938440929775,0.08027690521180966,0.02632572456623669,0.19357912131908203,0.5820538470751465,-0.15371496612803107,1.0,0.0,0.0
1.8518221941281503,1.3946743548335816,0.9151747895702697,1.4430719696363152,-1.2235893424321813,-1.4866227530786669,1.3140100328850728,1.4926550033666302,1.7608314840982309,1.6062681047862657,1.743809867022638,2.069346407764275,2.069247508571286,2.0995339637484687,1.9757050860063812,2.056735174237494,2.3790560536024175,1.0,0.0,0.0
0.7747639191408584,1.165414042634074,0.7143881820041317,-0.1319425532488233,-1.2235893424321813,-1.8020529998596273,-1.243037419989479,-0.950982109921168,-0.13844330606454652,1.7510767436036727,0.17932865852414007,0.0353527469615708,0.11447124223231689,0.8245970410380655,0.33155016374648616,0.29956619024859266,0.32147659479700624,1.0,0.0,0.0
-0.8767254358396555,-1.5801179888283268,-0.5008991795803888,-1.6497783310787255,0.7186159630157255,1.3522494679499775,-0.603009973701118,-0.5437092577065351,-1.8849028832257222,-1.239221647975783,-1.8849173804669348,-1.634003394817679,-2.700862505789405,-0.949977324356144,-1.5253101155889899,-1.4623907201271993,-1.5745377332938926,0.0,0.0,1.0
0.25418575289700096,0.2427810789043468,0.30753110877800943,-0.07996187592588144,-1.2235893424321813,0.09052848082613564,1.0567741214581716,1.085382151151997,0.2908946733209084,1.707634151958451,1.0919426968149304,0.2005791227690737,0.8040570388125359,0.5891357174744328,1.0616469299248315,0.055381944517165216,1.4239210161430929,1.0,0.0,0.0
0.3618915803957301,-0.10949696179245876,-0.062338957791192064,0.5645985228785978,0.07121419453308983,0.09052848082613564,0.3585623618708687,0.270836446722731,1.7608314840982309,0.7518971357635642,0.08517006727191481,0.2632511963512295,0.7014740277510159,0.19287153879417213,-0.4215417761697597,-0.5095933691359422,0.003098248977231113,1.0,0.0,0.0
1.3132930566345045,0.8019525720738784,0.6087110201272168,0.5749946583431859,-1.2235893424321813,-1.4866227530786669,1.6110562639375654,1.4926550033666302,0.8148325464692611,0.628809792768768,0.012740381693280624,1.4198358270037474,1.2827777570996306,0.7729104090362929,1.0903908970972072,1.1996963509840515,1.1578137420250716,0.0,0.0,1.0
0.7568129478910707,1.0144377394783002,0.6087110201272168,0.6373714711307162,-1.2235893424321813,0.09052848082613564,-0.22328077111855016,0.270836446722731,1.5061394624288929,0.3029903554296021,0.49077630651226684,0.49114964574088826,0.2227533094639211,0.7843963272589085,1.2571059066969863,0.7113278595211967,0.9487294552180556,0.0,0.0,1.0
-0.19458852834770402,0.29869822822129993,0.4290598449364621,-0.11115028231964645,0.07121419453308983,-0.5403320127357853,0.9404054948602876,0.678109298937364,-0.9170732008822373,0.15818171661219507,-1.0809478705440951,-0.39765430687878045,-0.7403871832803517,-0.9212625287996034,-0.3353098746526323,-0.5287450746835052,0.13615188603624143,0.0,1.0,0.0
-0.8049215508405028,-0.5009170070111308,-0.04648738350965499,-1.3223000639441918,0.7186159630157255,-0.8557622595167458,0.11051344728064295,-0.13643640549190206,-1.7029800106047663,-0.8699596189913953,0.13587084717695894,-1.121231883690947,-0.9854465985939836,-0.8523470194639058,-0.795213349410645,-1.5150579103829975,-1.3797091933146275,1.0,0.0,0.0
-0.03302978709961015,0.14772192506552626,0.503033858250302,-0.012386995406056986,-0.5761875739495458,0.09052848082613564,-0.4008960432942674,-0.13643640549190206,-0.6405504344983848,-0.5731019094157102,-0.8057150653452855,0.029655285726829655,-0.22177307180266642,-0.0023890709903039153,-0.0651165832322997,-0.6149277496475383,-0.4863490587755572,1.0,0.0,0.0
-1.5409113720818188,-0.6407098803035134,-0.8760531042434361,-0.6621454619428302,0.07121419453308983,-0.5403320127357853,-0.4835790148243428,-0.5437092577065351,-1.2954727759338254,-1.673647564428004,-0.8998736565975097,-1.3776176392543131,-0.928456036893139,-0.5939138594550403,-0.44453694990766024,-1.2660857382646789,-0.9900521133560968,0.0,1.0,0.0
-0.15868658584812773,-0.7525441789374196,-1.4572774945664675,-1.6497783310787255,2.0134194999809965,1.6676797147309381,0.3524376973130857,-0.5437092577065351,-0.7205964984516049,1.3383721229740624,-0.42183773177852446,-0.5059060703388687,0.20565614095366788,-0.5537131456758837,-1.0079187064862256,-0.41383484139812743,-0.09194006320777635,0.0,0.0,1.0
0.9004207178893764,0.26514793863112757,0.10146064311802598,0.6633618097921872,-1.2235893424321813,-0.8557622595167458,-1.0684844800926532,-0.13643640549190206,0.04347956655640921,0.3681542428974357,0.2807302183342273,1.0438033855108109,0.006189175000711874,1.163431628605245,0.07285445919510403,-0.011649024899305407,0.3594919196710091,0.0,1.0,0.0
0.9901755741383174,1.3946743548335816,1.5069668960809928,1.1415840411632525,-1.2235893424321813,-0.8557622595167458,1.754985881045474,1.4926550033666302,0.9239862700418345,1.2008039160975263,1.2150731622986086,1.6876165050365965,2.069247508571286,1.8525867219622196,1.4468160900346672,1.376849627299009,1.5237112439373506,0.0,1.0,0.0
0.2721367241467891,0.5615088300109792,0.5453047230010678,0.1747434429565338,-0.5761875739495458,0.4059587276070961,-0.5876983123066596,0.270836446722731,0.9603708445660257,0.34643294707482386,0.5197481807437199,0.2917385025249369,0.2797438711647657,0.0033538881210042875,-0.438788156473185,-0.08825584708955697,0.12189613920849043,1.0,0.0,0.0
-0.8049215508405028,-1.160739368951178,-1.309329467938787,-1.0883870159909534,0.7186159630157255,0.09052848082613564,-1.5033356636952717,-1.358254962135801,-0.39313532773388454,-1.239221647975783,-0.21903461215834794,-0.8933334343012883,-2.022674821549355,-1.4496147670399504,-1.3241023453823593,-1.8262731255308955,-0.9615406197005947,0.0,1.0,0.0
0.1823818678978481,0.57269225987437,0.49775000015645654,0.096772426972121,0.07121419453308983,-0.5403320127357853,0.30650271312971056,0.270836446722731,0.8803247806128056,0.39711597066091653,0.7660091117110766,0.5139394906798544,0.22845236563400603,-0.07704753943730933,0.4235308586980884,0.6395089637178353,0.3880034133265114,1.0,0.0,0.0
1.546655682881751,1.3946743548335816,1.866269246462503,1.4898545792269626,0.07121419453308983,-0.5403320127357853,1.4089423335307147,1.085382151151997,1.2951089301885839,1.7293554477810618,1.743809867022638,1.3400713697173674,1.4309532175218262,1.2725478517200988,1.8204876632755524,0.826238092806574,0.6636145186630329,1.0,0.0,0.0
0.613205177892765,0.14213021013383045,0.04333820408572276,-0.511401497706299,0.07121419453308983,1.036819221169017,0.00026948524054271,-0.5437092577065351,-0.5386736258306491,-0.6599870927061546,-1.2040783360277734,-1.5713313212355229,-0.8201739696615344,-1.105037220361463,-0.47328091708003606,-0.6340794551951016,-1.0375712694486006,1.0,0.0,0.0
-0.643362809592409,0.237189363972651,-0.062338957791192064,-0.11115028231964645,-0.5761875739495458,-0.8557622595167458,-1.0470481541404113,-0.13643640549190206,-0.4659044767822669,-0.8482383231687844,-0.00174555542244539,-0.9275182017097372,-0.8885626437025477,0.29050184368641035,0.0671056657606292,-0.8255965106707311,-0.980548282137596,1.0,0.0,0.0
-0.8408234933400791,0.013520766704838356,-0.4005058757973194,-1.3742807412671336,0.7186159630157255,-0.22490176595482486,-0.5203270021710426,-0.5437092577065351,-0.5968889450693559,-0.13867599296348898,0.0344692873668717,0.3772004210460589,-0.1590834539317373,0.5374490854726595,0.45227482587046414,-0.38989520946367373,-0.3960626621998002,1.0,0.0,0.0
-0.643362809592409,-0.4897335771477401,-0.8654853880557448,-1.6497783310787255,0.7186159630157255,0.7213889743880566,-2.0331191479435318,-1.358254962135801,-0.5313967109258113,-1.0075278258679319,-0.5449681972622018,-1.497264325183884,-1.202010733057193,-1.2084104843650094,-1.2666144110376076,-0.5814122649393033,-0.5338682148680609,1.0,0.0,0.0
0.8645187753897995,0.958520590161347,1.1952192685440945,1.1415840411632525,0.7186159630157255,-0.5403320127357853,0.13807443779066825,-0.13643640549190206,-0.1748278805887377,1.3311316910331925,1.294745816435106,0.6791658664873566,0.7185711962612691,0.4283328623578056,0.4235308586980884,1.4917598605843871,1.0295120205753114,0.0,1.0,0.0
-0.3381962983460097,-0.366715848650443,-0.16801611966810687,0.268308662137829,-1.2235893424321813,-0.22490176595482486,-0.0487278312217244,0.270836446722731,-0.7424272431661204,0.5129628817148427,-0.2987072662948462,-0.36916700070507313,0.1486655792528233,-0.18616376255216355,0.906429507194002,-0.9931739342119068,0.055369320678985284,1.0,0.0,0.0
1.0619794591374698,0.9137868707077847,0.3128149668718556,-0.12154641778423497,0.07121419453308983,-1.4866227530786669,0.006394149798325719,-0.5437092577065351,0.9822015892805402,0.3681542428974357,0.06344116159832476,-0.16975585748912173,-0.19327779095224415,0.7097378588119031,0.2510670556638336,0.20380766251077786,0.5163051347762713,0.0,1.0,0.0
-1.6306662283307598,-1.697544002393928,-1.3621680488772443,-1.3171019962118975,2.0134194999809965,2.92940070185478,0.1993210833685018,-0.5437092577065351,0.2763408435112317,-1.572281517255819,-0.5304822601464758,-0.74519944219801,-1.2248069577375307,-0.15744896699562294,-0.40429539586633395,-0.8160206578969496,-0.9853001977468465,1.0,0.0,0.0
-0.12278464334855115,0.013520766704838356,0.5928594458456797,0.13315890109818007,0.07121419453308983,-0.8557622595167458,0.7229799030589786,0.270836446722731,-0.21121245511292883,-1.152336464685339,-1.4793111412265831,-0.403351768113522,-0.14768534159156824,-1.2600971163667825,-0.05936778979782446,-0.7777172468018237,-0.21073795343903567,1.0,0.0,0.0
0.21828381039742467,0.19245564451908861,1.0578389581041048,1.1519801766278406,-0.5761875739495458,-0.5403320127357853,0.309565045408602,0.270836446722731,1.2150628662353637,0.5781267691826754,0.42558958949149567,1.5223901292290944,0.17146180393316146,0.4340758214691134,-0.11685572414257604,0.8932690622230446,0.7016298435370361,1.0,0.0,0.0
0.48754837914424765,-0.08153838713398218,-0.3688027272342453,-1.3950730121963104,0.7186159630157255,0.4059587276070961,-1.4114656953285212,-1.358254962135801,-0.5241197960209735,-0.18935901654958165,-0.4652955431257046,-0.7224095972590443,-0.928456036893139,-0.5479701865645754,-0.30081711404578126,-0.8112327315100587,0.24069402943974977,1.0,0.0,0.0
2.5160081303703143,1.3946743548335816,1.4224251665794612,1.1103956347694872,-1.870991110914817,-0.22490176595482486,0.46574399163207747,1.4926550033666302,0.6692942483724965,1.222525211920137,0.9036255143104819,2.069346407764275,0.9408343868945632,0.8590547957059147,1.5560431652896947,1.5923063147090923,1.5142074127188496,1.0,0.0,0.0
-0.8767254358396555,-0.33875727399196637,-0.3740865853280907,-0.6153628523521827,0.07121419453308983,-0.5403320127357853,-0.47745435026655936,-0.5437092577065351,-0.051120327206488604,-0.6817083885287655,0.20105756419773013,-0.30079746588817574,-0.30155985818384873,-0.6743152870133539,-0.3180634943492066,-0.7058983509984627,0.041113573851233966,1.0,0.0,0.0
-0.19458852834770402,0.1253550653387447,-1.1349621508418777,-0.18392323057176516,-0.5761875739495458,1.036819221169017,-1.3716553757029295,-0.5437092577065351,0.47281754594186415,-0.20383988043132256,-0.48702444879929463,-0.1925457024280879,0.2512485903143434,0.31921663924295096,-0.23758038626655445,0.5581142151406928,0.45453023185601654,1.0,0.0,0.0
1.1876362578859871,0.45526624630876866,0.8517684924441213,2.0044632847240873,-1.2235893424321813,-0.22490176595482486,0.7842265486368122,0.678109298937364,0.8002787166595845,0.7374162718818233,0.6646075519009883,1.1178703815624498,0.4393174439271311,0.646565308587514,0.24531826222935876,0.5102349512717854,1.072279261058565,0.0,0.0,1.0
-1.5947642858311837,-1.4235499707408577,-1.108542860372649,-1.4574498249838408,2.0134194999809965,1.6676797147309381,-0.3610857236686757,-0.950982109921168,-1.44101107403059,-2.672827172268113,-1.1316486504491392,-1.13262680616043,-1.3900795866699802,-2.098569146617768,-1.6230396039750676,-1.6156043645077032,-2.2065425093241924,1.0,0.0,0.0
-1.7024701133299127,-2.1281060521344677,-1.5418192240679995,-1.6497783310787255,2.0134194999809965,1.036819221169017,-0.32433773632197543,-1.358254962135801,-1.033503839359649,-2.223920391934151,-0.8129580339031485,-1.6852805459303524,-1.0082428232743215,-0.38142437233664,-1.7667594398369466,-1.4480269409665272,-1.41297260257938,0.0,1.0,0.0
-1.469107487082666,-1.300532242243561,-1.8694184258864357,-1.5925995860234894,1.366017731498361,1.3522494679499775,-2.1035527903580404,-2.172800666565067,-1.9649489471789428,-1.7460518838367076,-1.3996384870900855,-1.36622271678483,-1.9314899228280034,-1.3634703803703285,-0.9561795655759493,-1.9746988435245085,-1.588793480121644,1.0,0.0,0.0
0.0028721553999661144,1.0591714589318626,0.5558724391887594,1.4794584437623746,-0.5761875739495458,-1.1711925062977062,0.19319641881071836,0.270836446722731,0.5965250993241142,1.7365958797219319,1.5699786216339155,0.7817201687127036,0.16576274776307653,1.1289738739373958,1.8952219779237294,1.1135136760200184,0.9392256239995548,0.0,1.0,0.0
-0.6074608670928326,-0.4561832875575677,-0.7862275166480587,-0.6933338683365955,0.07121419453308983,1.036819221169017,-0.9613028503314445,-0.950982109921168,-1.1281037331225463,-1.0075278258679319,-0.13936195802185075,-0.9730978915876688,-0.39274475690520017,-1.093551302138847,0.032612905153777745,-1.3474804868418215,-1.1801287377261118,0.0,1.0,0.0
1.8159202516285742,1.3946743548335816,1.8187145236178919,1.7289656949124956,-1.870991110914817,-2.117483246640588,0.9679664853703129,1.4926550033666302,1.7608314840982309,1.7510767436036727,1.743809867022638,2.069346407764275,2.069247508571286,2.0995339637484687,2.0849321612614093,1.913097382630772,2.336288813119164,0.0,1.0,0.0
-0.8767254358396555,-0.9202956268882792,-0.8813369623372819,-0.3502613980051791,0.07121419453308983,0.4059587276070961,-0.737752593972352,-0.5437092577065351,-1.186319052361252,-0.42105283865743315,-1.1895923989120465,-0.7110146747895612,-0.9341550930632236,-0.6743152870133539,-1.082653021134403,-0.5143812955228331,-0.6146507802253174,1.0,0.0,0.0
0.8465678041400116,0.18686392958739362,0.9468779381333445,0.8037096385641304,0.07121419453308983,-0.5403320127357853,0.02476814347167605,-0.13643640549190206,-0.2985354339709878,0.8532631829357485,-0.7405283483245143,0.0353527469615708,0.3709287698861175,-0.7834315101282086,-0.11685572414257604,-0.3228642400472035,-0.41031840902755146,1.0,0.0,0.0
0.5952542066429768,1.3946743548335816,1.5650893351132964,1.022028483320486,-1.870991110914817,-2.117483246640588,0.6433592638077952,1.4926550033666302,0.8803247806128056,1.7510767436036727,1.338203627782287,1.4369282107079724,1.6931098013457118,0.8418259183719897,1.4180721228622915,1.1470291607282537,0.8156758181590447,1.0,0.0,0.0
2.139037734124762,1.3946743548335816,0.8464846343502751,1.5678255952113755,-1.870991110914817,-0.8557622595167458,0.5392399663254779,1.4926550033666302,1.5425240369530842,1.6497106964314874,1.3599325334558772,1.8528428808440995,0.724270252431354,2.0995339637484687,1.452564883469142,1.9897042048210236,1.9989028048623878,0.0,0.0,1.0
1.6005085966311159,1.3946743548335816,1.3325995789840834,2.1240188425668536,-1.870991110914817,-1.1711925062977062,1.4395656563196315,1.4926550033666302,0.8730478657079668,1.4542190340279886,1.743809867022638,1.129265304031933,1.4879437792226708,2.0995339637484687,2.0619369875235085,1.630609725804218,2.1984832604509035,0.0,1.0,0.0
0.8286168328902231,1.3946743548335816,0.95216179622719,1.578221730675964,0.7186159630157255,0.4059587276070961,1.7702975424399323,1.085382151151997,1.0476938234240847,0.6070884969461572,1.4178762819187842,1.5907596640459913,2.0635484524012013,1.1978893832730935,1.3433378082141136,1.3529099953645554,1.1293022483695696,0.0,0.0,1.0
1.2414891716353518,0.32106508794808075,-0.31068028820194205,0.2787047976024175,-1.870991110914817,-2.117483246640588,0.5484269631621533,1.085382151151997,1.5643547816675984,0.6939736802366016,0.7153083318060324,0.8956693934075329,1.106107015827012,1.3644351975010292,1.0903908970972072,0.941148326091952,1.3193788727395845,1.0,0.0,0.0
0.613205177892765,0.18127221465569784,0.8993232152887326,0.5126178455556559,-0.5761875739495458,0.4059587276070961,0.7076682416645202,0.270836446722731,0.5383097800854086,0.20162430825741678,-0.22627758071621198,0.3544105761070935,0.7527655332817763,0.3881321485786486,0.9179270940629525,0.6107814053964907,0.44027448502826555,0.0,1.0,0.0
0.9004207178893764,0.499999965762331,1.1740838361687111,1.4846565114946684,0.7186159630157255,1.6676797147309381,1.865229843085575,1.4926550033666302,1.5206932922385696,0.940148366226193,0.9036255143104819,0.810207474886411,1.1460004090176035,0.5948786765857407,0.19932791475355768,1.0991498968593463,0.6255991937890301,0.0,0.0,1.0
-0.08688270084897488,-1.0153547807270997,-0.7069696452403726,-1.2703193866212499,0.7186159630157255,0.4059587276070961,-0.30596374264862514,-0.950982109921168,0.2399562689870406,-0.29796549566263697,-1.1388916190070022,-0.48881368663464403,-0.5922117228581562,-0.08853345765992574,-0.18009245192180287,-0.5287450746835052,-0.9662925353098449,1.0,0.0,0.0
-1.020333205837961,-1.5577511291015451,-1.1719491574987977,-0.8648701035023036,1.366017731498361,2.298540208292859,-0.4835790148243428,-0.950982109921168,-0.32036617868550227,-0.4282932705983031,-1.2185642731435,-0.49451114786938555,-0.478230599456467,-0.07130458032600114,-1.1746337160860054,-0.31807631366031264,-1.4604917586718837,1.0,0.0,0.0
-0.4459021258447388,0.04707105629501073,-0.596008625269612,-1.0052179322742465,0.07121419453308983,-0.22490176595482486,-0.49582834393990927,-0.13643640549190206,-0.014735752682297456,0.6650119524731197,-0.6391267885144271,0.143604510421659,0.22845236563400603,0.5144772490274274,-0.5365176448592629,0.2229593680583411,0.6113434469612787,0.0,1.0,0.0
-0.8408234933400791,-0.43381642783078694,-0.6488472062080693,0.018801410987708204,0.07121419453308983,-0.5403320127357853,0.10132645044396801,-0.5437092577065351,-0.1966586253032532,0.8749844787583604,-0.2987072662948462,0.07523497560476124,-0.005208937339456798,-0.7317448781264351,-0.013377442322023356,-0.4856537372014885,0.17416721091024462,0.0,1.0,0.0
-0.9485293208388084,-0.4673667174209585,-0.4216413081727027,-0.6361551232813594,-1.2235893424321813,-0.5403320127357853,-1.622766622572047,-1.358254962135801,-0.0074588377774586065,-0.37761024701221146,0.21554350131345718,0.10941974301320972,-0.6549013407290849,-0.5307413092306509,0.04411049202272823,-0.0595282887682128,-1.0518270162763517,0.0,1.0,0.0
2.1031357916251854,1.3778992100384957,0.7725106210364352,1.2663376667383128,-0.5761875739495458,-0.22490176595482486,0.9679664853703129,1.085382151151997,0.3200023329402617,1.1863230522157855,0.534234117859447,0.9412490832854645,0.615988185199749,0.6867660223666711,0.7627096713321231,0.644296890104726,0.6303511093982805,1.0,0.0,0.0
1.420998884133234,1.2604731964728937,0.08032521074264272,0.6945502161859524,-1.2235893424321813,-1.4866227530786669,1.0353377955059295,1.085382151151997,-0.32036617868550227,0.5708863372418054,0.5052622436279939,0.7019557114263227,0.507706117968144,0.6752801041440547,0.7914536385044988,0.6395089637178353,0.7776604932850418,0.0,1.0,0.0
-0.7510686370911381,0.14772192506552626,0.10674450121187143,-0.5425899041000639,-0.5761875739495458,-0.8557622595167458,-0.05179016350061591,0.270836446722731,0.3054485031305851,0.7012141121774715,-0.8709017823660561,-0.5286959152778344,-0.010907993509541336,0.17564266146024793,0.12459360010538077,0.0697457236778373,-0.11094772564477777,1.0,0.0,0.0
0.5054993503940358,1.3387572055166284,1.137096829511791,1.9212942010073806,-1.2235893424321813,-0.8557622595167458,1.0720857828526302,1.085382151151997,0.5746943546095997,1.7510767436036727,1.5337637788445986,2.0123717954168603,0.7185711962612691,1.6515831530664353,1.3203426344762135,1.716792400768252,1.1578137420250716,1.0,0.0,0.0
-0.8767254358396555,-1.6416268530769749,-1.0715558537157286,-0.46461888811565116,2.0134194999809965,1.3522494679499775,-0.7224409325778937,-0.5437092577065351,-1.6156570317467074,-0.4644954303026549,-1.5082830154580367,-1.2465760308552596,-1.498361653901585,-0.6685723279020461,-1.6690299514508689,-1.0410531980808142,-1.0328193538393502,1.0,0.0,0.0
0.020823126649754248,0.2595562236994326,0.25469252783955204,0.36707194905141843,2.0134194999809965,1.036819221169017,-0.2171561065607667,-0.5437092577065351,-0.2257662849226055,-0.17487815266784074,-0.16833383225330484,-0.48881368663464403,-0.40414286924536885,0.5144772490274274,-0.8469524903209213,0.390536791599517,0.03636165824198386,0.0,1.0,0.0
-0.4459021258447388,-0.9426624866150604,-0.146880687292724,-0.8700681712345977,0.7186159630157255,0.7213889743880566,0.9465301594180715,0.270836446722731,-0.7424272431661204,-1.0654512813948944,-0.8926306880396462,-1.5428440150618157,-1.179214508376855,-0.8925477332430628,-0.795213349410645,-0.38989520946367373,-0.6194026958345679,0.0,1.0,0.0
-1.917881768327371,-2.4076917987192332,-2.0860566077341107,-1.6497783310787255,1.366017731498361,1.9831099615118986,-2.0178074865490734,-2.172800666565067,-2.51071756504181,-2.4918163737463543,-1.2040783360277734,-1.6453983172871622,-2.028373877719439,-2.425917815962331,-1.7782570267058972,-1.7065749658586271,-1.9119237415506694,1.0,0.0,0.0
-0.24844144209706873,-0.1989644006995835,0.3550858316226214,0.12796083336588618,-0.5761875739495458,-0.5403320127357853,-0.28758974897527523,-0.13643640549190206,-0.03656649739681194,-0.1531568568452299,-0.23352054927407498,-0.10138632267222435,-0.24456929648300418,0.0033538881210042875,-0.1685948650528528,-0.5957760440999754,-0.2297456158760371,1.0,0.0,0.0
-0.03302978709961015,-0.4673667174209585,-0.7862275166480587,-0.8492759003054209,0.7186159630157255,0.7213889743880566,0.08907712132840112,0.270836446722731,0.4000483968934818,0.7229354080000824,-0.20454867504262192,-0.8990308955360299,-0.022306105849710413,0.6695371450327461,0.10159842636747982,-0.30850046088653105,0.15040763286399275,0.0,0.0,1.0
1.2953420853847166,1.3946743548335816,1.4382767408609982,2.2175840617481493,0.07121419453308983,-1.1711925062977062,1.9387258177789746,1.085382151151997,0.6038020142289521,1.07771657310273,1.5265208102867356,1.4882053618206452,1.715906026026049,1.0887731601582396,1.19386917891776,1.3529099953645554,1.5237112439373506,1.0,0.0,0.0
-0.73311766584135,0.4832248209672452,0.814781485787201,0.7257386225797176,-0.5761875739495458,0.4059587276070961,0.9924651436014467,0.678109298937364,1.2296166960450403,0.947388798167064,1.7003520556754579,0.2518562738817464,0.2683457588245974,0.8131111228154491,0.739714497594222,0.7496312706163224,0.5353127972132731,0.0,1.0,0.0
-1.1459900045864784,-1.0097630657954044,-1.29347789365725,-1.6497783310787255,-0.5761875739495458,-0.22490176595482486,-0.8969938724747194,-0.5437092577065351,-1.8630721385112072,-0.4572549983617849,-0.44356663745211455,0.19488166153433176,-0.42124003775562247,-0.7030300825698945,-1.1056481948723034,-0.8591119953789661,-1.0803385099318539,1.0,0.0,0.0
1.0978814016370462,1.3946743548335816,0.4343437030303075,1.2663376667383128,-1.2235893424321813,-0.5403320127357853,0.15951076374290962,0.678109298937364,1.7608314840982309,1.389055146560155,1.4903059674974184,1.3343739084826254,2.02365505921061,1.7090127441795167,2.0849321612614093,1.716792400768252,1.799322349273872,1.0,0.0,0.0
1.0799304303872583,1.103905178385425,0.9046070733825787,0.8452941804224837,0.07121419453308983,-0.5403320127357853,2.097967096281342,1.4926550033666302,0.7711710570402321,1.7510767436036727,0.9977841055627061,0.8216023973558932,1.2485834200791235,1.042829487267774,1.0616469299248315,1.0943619704724559,0.891706467907051,1.0,0.0,0.0
2.0313319066260322,1.3946743548335816,0.47133070968722784,0.4294487618389488,-1.2235893424321813,-0.8557622595167458,0.11970044411731791,-0.13643640549190206,0.5383097800854086,-1.239221647975783,0.13587084717695894,0.0353527469615708,0.5020070617980599,0.02632572456623669,1.5100528178138937,0.7113278595211967,0.7729085776757917,1.0,0.0,0.0
-0.10483367209876301,-0.02002952288533322,0.10674450121187143,-0.30867685614682555,0.07121419453308983,-0.22490176595482486,-0.22940543567633317,-0.5437092577065351,-1.3609650100773694,-0.9640852342227096,-0.8129580339031485,0.2803435800554538,-0.1590834539317373,-1.340498543925096,-0.14559969131495185,-0.6675949399033365,-0.7144410080195753,0.0,1.0,0.0
-1.1280390333366903,-0.27165669481162247,-0.45334445673577684,-0.4126382107927093,1.366017731498361,0.09052848082613564,1.1700804157771634,-0.13643640549190206,-0.931627030691914,-1.4202324464975418,-1.2185642731435,-1.1383242673951712,-0.4326381500957911,-1.472586603485183,-1.082653021134403,-0.38989520946367373,-1.1611210752891103,1.0,0.0,0.0
0.056725069149330835,0.16449706986061205,-0.4691960310173143,0.029197546452296354,0.07121419453308983,-1.1711925062977062,-0.9184301984269608,-0.5437092577065351,-0.24759702963711996,-0.8554787551096543,-0.8346869395767386,-0.7679892871369759,0.12017029840240102,-0.6053997776776566,-0.8584500771898718,-1.2612978118777882,-0.21548986904828613,1.0,0.0,0.0
1.1337833441366225,1.3946743548335816,0.8094976276933549,1.0272265510527803,-1.2235893424321813,-1.8020529998596273,0.009456482077217658,0.678109298937364,0.8439402060886144,1.0849570050436,1.2585309736457888,1.220424683787796,1.505040947732924,1.4218647886141105,0.23956946879488394,1.477396081423715,0.5115532191670211,0.0,0.0,1.0
1.8159202516285742,1.3946743548335816,1.855701530274812,1.661390814392671,-0.5761875739495458,-1.1711925062977062,1.0353377955059295,1.4926550033666302,1.2587243556643928,1.7438363116628028,0.9470833256576621,0.9925262343981373,1.6418182958149514,1.5998965210646618,1.1766227986143345,1.6641252105124533,1.100790754714067,1.0,0.0,0.0
1.6005085966311159,1.3946743548335816,1.3907220180163864,1.3962893600456676,-1.2235893424321813,-0.8557622595167458,1.390568339857365,1.4926550033666302,0.7347864825160411,1.5121424895549513,1.743809867022638,1.5964571252807334,1.5620315094337687,1.0945161192695474,0.9179270940629525,1.7407320327027056,1.400161438096841,1.0,0.0,0.0
0.5593522641434002,-0.2884318396067082,-0.7545243680849842,-0.6881358006043011,-0.5761875739495458,0.4059587276070961,-1.6778886035920972,-1.358254962135801,0.17446403484349712,-0.13867599296348898,-0.052446335327489525,0.2689486575859715,0.06887879287164139,-0.9384914061335276,-0.36980263525948337,-0.45213825249325323,-1.1991364001631133,0.0,0.0,1.0
-1.7204210845797008,-1.5857097037600216,-1.6210770954756857,-1.6497783310787255,-0.5761875739495458,0.09052848082613564,-2.2566694043026243,-1.7655278143504343,-1.0189500095499728,-1.5795219491966896,-1.030247090639051,-0.8591486668928394,-1.401477699010149,-0.8121463056847491,-1.370092692858161,-1.0602049036283774,-1.650568383041899,0.0,1.0,0.0
0.2721367241467891,0.2539645087677368,0.968013370508727,0.7517289612411885,0.7186159630157255,-0.5403320127357853,1.3415710233950973,0.678109298937364,0.9603708445660257,-0.6455062288244137,0.05619819304046175,0.32592326993338616,-0.11349100457106141,0.6695371450327461,0.11309601323643029,0.22774729444523156,0.3309804260155068,1.0,0.0,0.0
-2.079440509575465,-1.6304434232135845,-1.5999416631003027,-1.5614111796297245,2.0134194999809965,0.7213889743880566,0.1503237669062347,-0.950982109921168,-1.9067336279402367,-1.3695494229114495,-1.9283751918141152,-1.3092481044374153,-1.7035276760246254,-1.2198964025876253,-1.1343921620446793,-1.5054820576092158,-1.8501488386304143,0.0,0.0,1.0
0.48754837914424765,0.5894674046694558,1.0102842352594936,1.3131202763289604,0.07121419453308983,0.09052848082613564,-0.22021843883965822,0.270836446722731,-0.02928958249197309,-0.14591642490435996,0.36764584102858855,0.9754338506939131,0.6102891290296648,0.4915054125821946,0.1590863607122314,0.060169870904055685,0.7016298435370361,0.0,1.0,0.0
-0.73311766584135,-0.6518933101669042,-0.6382794900203778,0.12796083336588618,0.07121419453308983,1.036819221169017,-1.2583490813839373,-0.950982109921168,0.2908946733209084,-1.0944130091583757,0.4328325580493597,0.3202258086986442,0.18855897244341469,-0.898290692354371,0.7224681172907967,0.13198876670741677,-0.6906814299733234,1.0,0.0,0.0
-0.7510686370911381,-0.2884318396067082,-0.10989368063580365,-0.6881358006043011,0.07121419453308983,1.036819221169017,0.6402969315289037,0.270836446722731,-1.4119034144112372,0.10025826108523246,-0.8781447509239196,-0.31788984959239996,-0.6264060598786626,-0.6743152870133539,-1.0711554342654523,-0.9835980814381253,-0.5718835397420641,1.0,0.0,0.0
-1.7024701133299127,-2.0106800385688657,-0.43749288245423973,-0.7297203424626547,0.7186159630157255,1.6676797147309381,-0.964365182610336,-0.950982109921168,-2.1541487347047363,-0.6382657968835438,-2.34122439961233,-1.1383242673951712,-2.2392389560125645,-0.6513434505681215,-1.6345371908440183,-1.649119849215938,-1.4557398430626334,0.0,1.0,0.0
0.8824697466395879,0.7348519928935344,0.4079244125610788,-0.048773469532116254,-0.5761875739495458,-0.22490176595482486,0.7199175707800871,1.085382151151997,1.0258630787095702,1.2876890993879697,0.7877380173846666,-0.03301678785532657,0.48490989328780665,0.9049984685963796,0.12459360010538077,0.6921761539736334,-0.04917282272452306,0.0,1.0,0.0
-0.08688270084897488,-0.5847927309865606,-0.8390660975865162,-0.43343048172188614,-0.5761875739495458,1.036819221169017,-0.9092432015902858,-0.950982109921168,-1.2081497970757664,-0.4138124067165632,-0.34216507764202625,-0.2267304698365364,-1.0025437671042368,-1.2773259937007067,-0.15709727818390232,-0.2510453442438424,-0.20598603782978522,1.0,0.0,0.0
-1.82812691207843,-1.5242008395113735,-1.9011215744495098,-1.6497783310787255,0.7186159630157255,1.036819221169017,-1.726885920054364,-1.358254962135801,-2.13959490489506,-0.7106701162922473,-1.7328150407518028,-1.6226084723481962,-1.8403050241066523,-1.185438647919777,-2.2036677408570586,-1.064992830015268,-1.0090597757930984,0.0,0.0,1.0
-2.079440509575465,-2.6257686810553507,-1.9169731487310473,-1.6497783310787255,2.0134194999809965,2.298540208292859,-1.7911948979110894,-2.172800666565067,-1.4773956485547812,-1.7605327477184485,-2.985848601262174,-2.8817474052260605,-3.293564347478189,-2.558005875522418,-3.4051655686623667,-2.419975997505347,-2.3728595556479553,0.0,1.0,0.0
-0.5177060108438917,-0.5568341563280841,0.3603696897164668,0.22152605254718138,0.7186159630157255,0.4059587276070961,0.24525606755187698,-0.13643640549190206,-0.8952424561677228,-0.4572549983617849,-0.5884260086093829,-1.5257516313575914,0.028985399681050027,-0.4560828407836454,-0.17434365848732764,0.19423180973699658,-0.13470730369102965,1.0,0.0,0.0
0.8106658616404353,1.3946743548335816,2.072339712122487,0.6217772679338339,-1.2235893424321813,-2.117483246640588,1.0169638018325795,1.4926550033666302,1.5934624412869518,1.7510767436036727,1.0557278540256132,1.7047088887408208,2.069247508571286,0.4857624534708868,2.0849321612614093,1.31939451065632,1.7375474463536174,1.0,0.0,0.0
1.2773911141349281,0.9976625946832145,1.6760503550840566,0.7985115708318361,-0.5761875739495458,-1.1711925062977062,1.7611105456032576,1.4926550033666302,1.4333703133805107,1.5411042173184322,1.1861012880671546,1.1235678427971918,1.4366522736919112,1.4907802979498082,1.5330479915517945,2.138129922814637,1.26235588542858,1.0,0.0,0.0
-0.6792647520919852,-0.7860944685275917,-0.8866208204311278,-0.8284836293762442,1.366017731498361,0.7213889743880566,-0.756126587645702,-0.950982109921168,-2.0959334154660305,0.07129653332175064,-0.617397882840836,-0.004529481681619234,-0.4155409815855379,-0.8638329376865221,-1.1401409554791544,-0.5909881177130846,-1.0898423411503546,0.0,1.0,0.0
0.6670580916421296,-0.1933726857678885,-0.146880687292724,-0.41783627852500355,1.366017731498361,0.7213889743880566,1.3476956879528812,0.270836446722731,-0.7424272431661204,-0.4717358622435258,-0.9650603736182803,-0.46602384169567823,-0.10779194840097728,-0.9959209972466088,-1.2033776832583813,-1.2900253701991327,-0.5576277929143127,1.0,0.0,0.0
0.541401292893612,0.7572188526203152,0.0010673393349566048,0.0032072077908256095,0.07121419453308983,0.7213889743880566,0.7536032258478954,0.678109298937364,0.6110789291337909,1.099437868925341,-0.09590414667467065,0.8443922422948594,-0.37564758839494655,0.18712857968286434,1.1018884839661578,-0.1313471845715739,1.1958290668990745,0.0,1.0,0.0
-1.738372055829489,-1.3117156721069514,-0.2419901329819472,-1.4470536895192525,0.7186159630157255,1.036819221169017,-0.5448256604021764,-0.950982109921168,-0.7205964984516049,-0.7975552995826917,-1.066461933428368,-1.497264325183884,-0.768882464130774,-1.0590935474709982,-1.3011071716444587,-1.0602049036283774,-1.1896325689446126,0.0,1.0,0.0
-0.14073561459833928,0.19804735945078364,0.7460913305672066,0.07078208831065007,-0.5761875739495458,0.4059587276070961,1.289511374653939,1.085382151151997,0.7275095676112021,-0.6599870927061546,0.29521615544995433,0.6506785603136492,0.17146180393316146,0.19287153879417213,-0.25482676656998016,0.2229593680583411,0.7919162401127928,0.0,0.0,1.0
1.1337833441366225,1.087130033590339,0.5294531487195308,0.7725212321703652,0.07121419453308983,-0.8557622595167458,0.11051344728064295,0.270836446722731,0.38549456708380514,1.4469786020871176,0.4183466209336327,1.5622723578722841,0.8610476005133805,0.21584337523940494,1.2858498738693622,1.3672737745252275,0.34998808845250823,1.0,0.0,0.0
2.1210867628749734,1.3946743548335816,1.9455271178701892,1.7965405754323198,0.07121419453308983,-0.8557622595167458,0.9649041530914214,1.4926550033666302,1.4260933984756727,0.4550394261878791,1.671380181444004,1.3685586758910746,0.8040570388125359,0.9451991823755366,1.4928064375104684,0.6538727428785076,1.1578137420250716,0.0,1.0,0.0
-1.0562351483375374,0.19804735945078364,-0.49561532148654297,-0.37105366893435576,0.07121419453308983,-0.8557622595167458,-0.4468310274776426,-0.5437092577065351,-0.545950540735488,0.5781267691826754,0.14311381573482299,0.17209181659536635,-0.5580173858376494,-0.9844350790239927,0.39478689152571256,-0.20316608037493497,0.10764039238073946,1.0,0.0,0.0
-1.3075487458345723,-0.16541411110941193,-0.43749288245423973,0.14875310429506286,1.366017731498361,0.09052848082613564,-0.9796768440047944,-1.358254962135801,-1.0553345840741641,-0.29072506372176704,-1.1678634932384564,-0.20394062489757062,-0.21607401563258188,-0.12873417143908233,-0.7262278281969429,-0.7202621301591348,-0.2867686031870417,0.0,1.0,0.0
0.11057798289869523,-0.366715848650443,-0.47976374720500553,-0.5789763782261232,0.07121419453308983,0.4059587276070961,-0.3733350527842421,-0.5437092577065351,-1.5792724572225163,-0.13867599296348898,-0.5232392915886117,-1.13262680616043,-0.14768534159156824,-2.201942410621314,-1.6057932236716423,-1.1511755049793013,-1.0375712694486006,1.0,0.0,0.0
-0.643362809592409,-1.233431663063217,-0.31068028820194205,-1.0000198645419522,0.07121419453308983,0.4059587276070961,0.25750539666744343,0.270836446722731,-1.6302108615563842,-0.11695469714087814,-0.4363236688942505,-0.5002086091041271,-0.45543437477612886,-0.9729491608013764,-0.8009621428451202,-0.27019704979140524,-0.6003950333975664,1.0,0.0,0.0
-0.7690196083409262,-0.41144956810400535,-0.7756598004603671,-0.6985319360688895,0.7186159630157255,1.036819221169017,-1.4114656953285212,-1.358254962135801,0.3345561627499384,-0.008348218027822839,-0.5159963230307487,-0.9901902752918934,-0.5352211611573116,0.12969898856978312,-0.15134848474942708,-0.7729293204149329,0.4117629913727633,0.0,1.0,0.0
0.5054993503940358,0.3154733730163857,-0.31596414629578784,-0.6933338683365955,0.07121419453308983,0.09052848082613564,1.078210447410413,0.270836446722731,-0.6187196897838703,0.5564054733600645,-0.617397882840836,0.0467476694310539,-0.369948532224862,-0.23210743544262877,0.40628447839466303,0.45277983462909643,0.37374766649876007,1.0,0.0,0.0
-0.6972157233417737,0.19804735945078364,0.42377598684261586,0.5645985228785978,0.07121419453308983,-0.22490176595482486,0.25750539666744343,0.678109298937364,0.9021555253273201,0.9763505259305447,0.7297942689217595,-0.07289901649851702,-0.028005162019794548,1.083030201046931,1.4180721228622915,0.9028449149968263,0.5780800376965263,1.0,0.0,0.0
-0.8228725220902909,-0.7357690341423339,-0.33181572057732495,-0.1319425532488233,0.7186159630157255,1.9831099615118986,-0.5233893344499345,-0.950982109921168,-0.9170732008822373,-1.9198222504175964,-0.7695002225559684,-1.1497191898646544,-0.22747212797275057,-0.28953702655571,-1.6345371908440183,-0.9022033328609829,-0.9282772104358421,0.0,1.0,0.0
1.4030479128834454,1.3890826399018865,1.3695865856410039,1.6977772885187308,-1.870991110914817,-1.4866227530786669,0.7719772195212453,1.4926550033666302,1.1859552066160104,1.3094103952105816,0.577691929206628,1.556574896637543,0.8268532634928741,-0.23210743544262877,1.671019033979198,1.506123639745059,2.28401774141741,0.0,1.0,0.0
0.14647992539827182,0.06384620109009652,0.006351197428802421,0.4502410327681255,0.07121419453308983,0.7213889743880566,-1.1603544484594035,-0.950982109921168,0.5019252055612174,-0.9423639384000988,-1.1461345875648659,-0.11278124514170705,-0.4896287117966357,-0.3986532496705642,-0.8527012837553966,-0.8255965106707311,-0.29627243440554224,0.0,1.0,0.0
-0.661313780842197,-0.6015678757816464,-0.8232145233049787,-0.625758987816771,-1.2235893424321813,-0.5403320127357853,-0.7255032648567852,-0.13643640549190206,-0.33492000849517894,0.020613509735657957,-0.13936195802185075,-0.08999140020274125,0.48490989328780665,-1.4208999714834096,0.2740622294017346,0.49108324572422224,-0.3390396748887959,0.0,1.0,0.0
-0.73311766584135,-0.13745553645093533,-0.6065763414573037,-0.12674448551652903,0.07121419453308983,0.4059587276070961,-1.7911948979110894,-1.358254962135801,-0.3567507532096934,-1.3695494229114495,-0.8491728766924656,-0.6996197523200784,-1.515458822411838,-0.8236322239073651,-1.0079187064862256,-0.09783169986333858,-1.2371517250371162,1.0,0.0,0.0
-2.079440509575465,-2.899762712708421,-2.741255011370983,-1.6497783310787255,2.660821268463632,2.92940070185478,-1.2246634263161287,-2.172800666565067,-2.1541487347047363,-2.853837970789872,-2.4136540851909642,-3.166620466963134,-1.6237408896434427,-2.3110586337361685,-2.7038127696563974,-2.419975997505347,-2.3728595556479553,1.0,0.0,0.0
0.8286168328902231,1.036804599205081,1.4963991798933012,1.8121347786292021,0.07121419453308983,-0.22490176595482486,2.1163410899546924,1.4926550033666302,0.6256327589434676,1.6352298325497474,0.6501216147852623,0.5424267968535618,0.5931919605194108,-0.4101391678931806,0.43502844556703885,1.6545493577386718,0.8869545522978003,1.0,0.0,0.0
0.07467604039911897,0.9473371602979563,0.9891488028841103,0.7881154353672476,-0.5761875739495458,-2.117483246640588,1.185392077171622,1.085382151151997,1.7608314840982309,1.2008039160975263,-0.06693227244321656,0.2632511963512295,0.05178162436138737,1.4792943797271916,-0.08811175697020025,0.42884020269464274,0.8584430586422983,1.0,0.0,0.0
-0.5715589245932561,-0.6015678757816464,-0.24727399107579298,-0.007188927673762726,-0.5761875739495458,0.09052848082613564,-0.7867499104346187,-0.5437092577065351,-1.1426575629322224,-0.3052059276035079,-0.5666971029357929,-0.6540400624421465,-0.46683248711629793,-0.20913559899739637,-0.34105866808710755,-0.23668156508316995,-0.5101086368218091,0.0,0.0,1.0
-0.5895098958430443,0.2427810789043468,0.5558724391887594,0.9284632641391908,0.07121419453308983,0.7213889743880566,-0.4805166825454509,-0.13643640549190206,0.7493403123257166,0.10749869302610239,0.3024591240078174,0.24046135141226413,-0.36424947605477787,-0.4101391678931806,-0.3927978089973839,0.49108324572422224,-0.03491707589677174,0.0,1.0,0.0
0.7029600341417059,0.1253550653387447,0.798929911505664,0.5022217100910674,-1.2235893424321813,-0.22490176595482486,0.9587794885336375,1.085382151151997,0.7711710570402321,0.24506689990263952,0.17932865852414007,-0.01592440415110233,0.5760947920091576,1.0658013237130068,0.7339657041597473,0.19423180973699658,-0.04442090711527262,1.0,0.0,0.0
-1.0382841770877493,-0.9985796359320135,-0.9658786918388138,-1.2547251834243676,2.0134194999809965,1.3522494679499775,0.030892808029459495,-1.358254962135801,-1.7029800106047663,-1.0871725772175058,-2.391925179517374,-1.79353230939044,-1.8175087994263144,-2.3455163884040173,-1.2436192372997072,-2.1470641934525747,-1.527018577201389,1.0,0.0,0.0
-0.6972157233417737,-0.6127513056450372,-0.8073629490234416,-0.13714062098111737,0.07121419453308983,-0.8557622595167458,-0.2600287584652499,-0.13643640549190206,0.42915605651283517,-0.913402210636617,-0.7984720967874214,-1.531449092592333,-1.4527692045409089,-1.1337520159180037,0.18783032788460718,-1.2469340327171161,-0.41031840902755146,0.0,0.0,1.0
0.6311561491425534,0.5894674046694558,0.6087110201272168,0.5801927260754801,-1.2235893424321813,-1.1711925062977062,0.17176009285847652,0.678109298937364,-0.44407373206775236,1.2080443480383962,0.005497413135417617,0.4968471069756302,0.524803286478398,-0.4101391678931806,0.7972024319389737,1.4295168175548076,0.459282147465267,1.0,0.0,0.0
-2.0076366245763118,-1.6695854277354514,-1.5259676497864625,-1.6497783310787255,1.366017731498361,1.6676797147309381,-0.7530642553668104,-0.950982109921168,-1.4555649038402667,-1.297145103502746,-1.0012752164075975,-1.7365576970430254,-1.8574021926169055,-0.4101391678931806,-1.013667499920701,-1.524633763156779,-0.6431622738808197,0.0,1.0,0.0
0.0028721553999661144,0.5615088300109792,0.2916795344964724,1.2299511926122535,-0.5761875739495458,-0.22490176595482486,-0.08547581856842464,0.270836446722731,-0.502289051306458,-0.0445503777321746,0.37488880958645154,0.20627658400381485,0.26264670265451245,0.3421884756881838,0.8144488122423997,0.08889742922540018,-0.1299553880817792,1.0,0.0,0.0
-1.3434506883341488,-1.7031357173256234,-1.636928669757223,-1.6497783310787255,2.0134194999809965,2.298540208292859,-1.7697585719588476,-1.358254962135801,-1.0043961797402963,-1.2247407840940425,-2.203607997012925,-1.7650450032167329,-1.8744993611271588,-1.0246357928031493,-1.6345371908440183,-1.8454248310784584,-1.2751670499111192,0.0,1.0,0.0
1.726165395379633,0.5279585404208076,0.006351197428802421,0.24751639120865232,-0.5761875739495458,-0.5403320127357853,0.24525606755187698,0.270836446722731,-0.2985354339709878,0.006132645853918073,0.7804950488268037,0.3772004210460589,0.10877218606223195,0.4857624534708868,-0.35255625495605764,0.687388227586743,0.6731183498815334,1.0,0.0,0.0
-0.73311766584135,-0.29961526947009903,-1.0345688470588084,-0.05916960499670459,-0.5761875739495458,0.09052848082613564,-0.6734436161156265,-0.13643640549190206,0.15991020503382047,0.10025826108523246,-0.7405283483245143,-0.1925457024280879,-0.04510233053004816,0.14692786590370732,-0.04212140949439915,-0.45692617888014403,-0.15371496612803107,0.0,0.0,1.0
-0.7690196083409262,-2.0050883236371706,-2.091340465827957,-1.6497783310787255,0.07121419453308983,1.036819221169017,-2.5475909707973337,-1.7655278143504343,-1.5792724572225163,-1.7750136116001893,-0.5666971029357929,-0.8078715157801664,-1.663634282834034,-1.5300161945982644,-2.2381605014639097,-1.8550006838522402,-1.6980875391344026,0.0,0.0,1.0
1.4748517978825986,1.3946743548335816,1.3061802885148548,0.7049463516505405,-0.5761875739495458,-1.4866227530786669,1.289511374653939,1.085382151151997,0.6765711632773344,1.222525211920137,0.918111451426208,1.1919373776140887,1.0776117349765897,1.1117449966034716,2.0849321612614093,1.108725749633128,0.47353789429301796,0.0,1.0,0.0
-0.6074608670928326,-0.9873962060686231,-1.6422125278510686,-1.1403676933138953,0.07121419453308983,-0.8557622595167458,-1.8953141953934063,-1.358254962135801,-0.4731813916871057,0.006132645853918073,-1.428610361321539,-1.6055160886439719,-0.45543437477612886,-0.7087730416812027,-0.10535813727362597,-1.2325702535564438,-0.2725128563592904,0.0,1.0,0.0
0.11057798289869523,-0.3275738441285756,-0.696401929052681,-1.6497783310787255,0.07121419453308983,0.4059587276070961,-1.622766622572047,-1.358254962135801,-0.9243501157870756,-1.1812981924488202,-1.4358533298794025,-1.411802406662762,-1.361584305819558,-1.105037220361463,0.14758877384328092,-0.9644463758905625,-0.9282772104358421,0.0,0.0,1.0
0.2721367241467891,0.32106508794808075,1.4224251665794612,0.6009849970046568,0.7186159630157255,0.09052848082613564,2.042845115261292,1.085382151151997,-0.5168428811161346,0.042334805558269836,0.3097020925656814,0.11511720424795167,0.05748068053147232,0.0780123565680097,0.11309601323643029,0.6059934790096002,0.3024689323600045,0.0,1.0,0.0
1.1337833441366225,0.8634614363225266,1.5175346122686844,1.385893224581079,-0.5761875739495458,-1.1711925062977062,0.955717156254746,1.4926550033666302,1.7608314840982309,1.2080443480383962,0.7080653632481694,0.5253344131493375,-0.569415498177818,1.1002590783808552,1.2111155592211853,1.1422412343413633,1.25760396981933,1.0,0.0,0.0
-1.0382841770877493,-1.1104139345659199,0.02748662980418531,-0.7089280715334778,0.7186159630157255,-0.22490176595482486,-0.43764403064096763,-0.13643640549190206,-1.2299805417902814,-1.195779056330561,-1.008518184965461,-2.37467335533407,-0.9113588683828855,-0.9672062016900682,-1.2436192372997072,-1.045841124467705,-1.2941747123481209,0.0,1.0,0.0
0.613205177892765,0.5111833956257218,0.25469252783955204,-0.6361551232813594,0.7186159630157255,0.4059587276070961,-0.2355301002341166,-0.5437092577065351,-1.2954727759338254,0.26678819572525037,0.918111451426208,0.5766115642620102,-0.17618062244199054,-0.7030300825698945,0.3660429243533368,0.021866459808929907,-0.10619581003552733,0.0,1.0,0.0
0.8645187753897995,0.499999965762331,1.0525551000102593,1.4170816309748442,0.07121419453308983,-0.5403320127357853,1.2221400645183225,0.678109298937364,-0.1748278805887377,0.6360502247096379,-0.09590414667467065,0.6221912541399418,-0.15338439776165277,-0.3067659038896342,-0.26632435343893024,0.1415646194811984,0.8251796493775455,1.0,0.0,0.0
0.1823818678978481,1.0927217485220342,0.2758279602149353,0.47623137142959643,-1.2235893424321813,-0.5403320127357853,-1.1879154389694289,-0.13643640549190206,-0.18938171039841434,1.1718421883340444,0.570448960648764,0.7760227074779616,0.6786778030706777,1.0543154054903903,-0.6342471332453403,1.305030731495648,0.14090380164549188,0.0,1.0,0.0
-0.661313780842197,0.3825739521967297,-0.2525578491696388,0.5645985228785978,-0.5761875739495458,0.7213889743880566,-0.6734436161156265,-0.5437092577065351,0.5746943546095997,-0.25452290401741523,0.9108684828683449,-0.20963808613231216,0.5988910166894957,-0.05981866210338513,-0.30081711404578126,-0.26540912340451445,0.8869545522978003,0.0,0.0,1.0
-0.5356569820936798,-0.08153838713398218,-1.5629546564433825,-1.1507638287784838,0.7186159630157255,-1.1711925062977062,-0.5785113154699847,-0.950982109921168,-0.18938171039841434,-0.9206426425774874,-0.22627758071621198,-0.2381253923060195,-0.6492022845590008,-0.15170600788431515,-1.1056481948723034,-0.3946831358505646,-0.7239448392380758,0.0,0.0,1.0
-1.271646803334996,-1.1886979436096545,-0.3688027272342453,-1.0935850837232477,0.7186159630157255,0.4059587276070961,-1.089920806044895,-0.5437092577065351,-0.545950540735488,-0.9568448022818392,-1.7183291036360757,-1.1725090348036202,-1.2817975194383753,-1.3462415030364043,-0.18009245192180287,-0.8686878481527477,-1.3274381216128734,1.0,0.0,0.0
-0.06893172959918674,-0.366715848650443,0.40264055446723335,0.2994970685315942,0.07121419453308983,0.09052848082613564,0.17482242513736804,-0.13643640549190206,-0.1966586253032532,-0.5441401816522293,0.3024591240078174,0.07523497560476124,0.05748068053147232,-0.6800582461246621,0.8144488122423997,0.34744545411750005,0.041113573851233966,1.0,0.0,0.0
-0.39204921209537413,-1.2390233779949122,-1.1349621508418777,-1.2859135898181326,0.07121419453308983,1.3522494679499775,-0.25696642618635845,-0.5437092577065351,-1.1572113927418992,-0.6599870927061546,-1.6748712922888958,-1.4915668639491424,-1.6807314513442873,-1.4553577261512585,-1.7322666792300956,-0.7250500565460255,-0.2725128563592904,0.0,0.0,1.0
-2.079440509575465,-2.8885792828450305,-2.5774554104617646,-1.6497783310787255,2.660821268463632,1.3522494679499775,-1.5492706478786469,-2.172800666565067,-2.8236249059498535,-3.273783023360352,-1.7907587892147099,-2.067010448658031,-3.059903044504726,-2.8681256675330564,-2.1921701539881084,-2.419975997505347,-2.3728595556479553,0.0,1.0,0.0
0.2721367241467891,0.6453845539864089,0.6404141686902917,1.1571782443601348,-0.5761875739495458,0.7213889743880566,1.9326011532211915,1.4926550033666302,0.2763408435112317,1.6714319922540992,-0.1610908636954408,-0.4147466905830051,0.8610476005133805,0.014839806343620693,0.739714497594222,0.4096884971470799,0.2692055230952521,1.0,0.0,0.0
0.7388619766412822,0.0918047757485731,0.3339503992472381,0.27350672987012326,-0.5761875739495458,-0.22490176595482486,0.5116789758154526,0.270836446722731,1.2150628662353637,1.4759403298505995,1.743809867022638,1.2887942186046937,0.7584645894518605,1.3414633610557964,0.009617731415877196,0.8693294302885909,0.9487294552180556,0.0,0.0,1.0
-1.7742739983290656,-2.424466943514319,-1.573522372631074,-1.6497783310787255,2.660821268463632,1.9831099615118986,-0.9398665243792026,-1.7655278143504343,-1.9285643726547517,-2.108073480880225,-1.269265053048544,-2.2322368244655335,-3.105495493865402,-2.1732276150647736,-2.4508658585394905,-2.419975997505347,-2.3253403995554516,0.0,0.0,1.0
-2.079440509575465,-1.300532242243561,-1.8324314192295152,-0.8752662389668918,0.7186159630157255,0.7213889743880566,-0.958240518052553,-0.950982109921168,-0.6478273494032226,-0.43553370253917406,-1.406881455647949,-1.240878569620518,-1.8346059679365678,-0.16319192610693115,-1.2953583782099836,-1.6969991130848454,-0.9045176323895903,1.0,0.0,0.0
0.1285289541484837,0.44408281644537784,0.3867889801856955,0.20593184935029898,-1.2235893424321813,-0.8557622595167458,-0.9674275148892278,-0.13643640549190206,0.7711710570402321,-0.4717358622435258,0.48353333795440284,0.5424267968535618,0.5419004549886512,0.6695371450327461,0.8144488122423997,0.23732314721901318,0.22168636700274835,0.0,1.0,0.0
1.8518221941281503,1.3946743548335816,1.2691932818579343,1.3391106149904315,-1.870991110914817,-0.8557622595167458,0.9679664853703129,1.4926550033666302,1.7608314840982309,1.7510767436036727,1.743809867022638,2.069346407764275,2.069247508571286,0.6982519405892866,1.2283619395246106,1.6353976521911093,1.6377572185593596,1.0,0.0,0.0
0.5593522641434002,0.32106508794808075,0.34980197352877596,-0.7141261392657721,0.7186159630157255,-0.5403320127357853,0.7934135454734875,0.270836446722731,0.13080254541446715,-0.3848506789530814,0.40386068381790563,0.5481242580883029,-0.81447491349145,0.422589903246497,-0.12835331101152653,-0.5622605593917405,-0.1299553880817792,1.0,0.0,0.0
-1.020333205837961,-0.3499407038553572,-0.35823501104655364,0.1903376461534162,0.7186159630157255,0.7213889743880566,-0.9123055338691778,-0.950982109921168,-0.4877352214967824,-0.76135313987834,-0.44356663745211455,-0.6141578337989565,-0.5580173858376494,-1.4438718079286426,-1.082653021134403,-0.5335330010703959,-1.2133921469908644,1.0,0.0,0.0
-1.271646803334996,-0.5568341563280841,-0.7492405099911383,-1.135169625581601,0.07121419453308983,0.09052848082613564,-1.8463168789311395,-0.950982109921168,0.47281754594186415,-1.2899046715618756,0.4980192750701299,-0.6711324461463711,0.3424334890356952,-0.14596304877300695,-0.04787020292887439,-0.29413668172585894,-0.28201668757779125,0.0,1.0,0.0
1.45690082663281,1.3946743548335816,1.184651552356403,1.2559415312737243,-1.2235893424321813,-1.4866227530786669,1.2343893936338886,1.085382151151997,0.7566172272305555,1.418016874323637,1.0557278540256132,1.1805424551446064,2.017956003040525,0.8245970410380655,1.0673957233593063,1.1135136760200184,1.067527345449315,1.0,0.0,0.0
-1.020333205837961,-0.15423068124602113,-0.05705509969734625,-0.007188927673762726,0.7186159630157255,1.9831099615118986,0.655608592923362,0.270836446722731,-1.1208268182177081,-1.2609429437983941,-0.8419299081346026,0.143604510421659,-0.5352211611573116,0.30773072102033455,-0.9389331852725239,-1.2229944007826623,-0.8855099699525886,1.0,0.0,0.0
-1.469107487082666,-0.5232838667379117,-0.2419901329819472,-0.4074401430604152,0.07121419453308983,0.4059587276070961,-1.1787284421327535,-0.950982109921168,-1.4482879889354283,-0.6961892524105063,-0.9650603736182803,-0.20963808613231216,-0.5922117228581562,-0.15744896699562294,-0.9331843918380487,-0.9022033328609829,-0.7286967548473263,1.0,0.0,0.0
-0.8767254358396555,-1.0489050703172718,-0.45862831482962263,-0.5737783104938291,0.7186159630157255,1.036819221169017,0.44124533340094413,-0.13643640549190206,-0.3713045830193701,-0.7903148676418208,0.012740381693280624,-0.12417616761119014,-1.5097597662417535,-0.8695758967978303,0.39478689152571256,-1.5916647325732494,-1.2419036406463666,1.0,0.0,0.0
-1.0562351483375374,-1.160739368951178,-1.0821235699034202,-1.6497783310787255,0.07121419453308983,1.3522494679499775,-0.9368041921003111,-1.358254962135801,-1.9722258620837805,-1.5143580617288566,-0.6825845998616071,-0.6027629113294733,-0.010907993509541336,-1.0188928336918412,-1.1688849226515303,-1.098508314723503,-1.0850904255411042,0.0,0.0,1.0
-0.3202453270962213,-0.10949696179245876,-0.7967952328357499,-0.7765029520533023,-0.5761875739495458,-1.1711925062977062,-1.852441543488923,-0.5437092577065351,0.3200023329402617,-0.42105283865743315,0.20830053275559313,0.3373181924028684,-0.24456929648300418,0.14118490679239953,-0.4675321236455608,0.021866459808929907,0.905962214734802,1.0,0.0,0.0
0.16443089664805996,1.3946743548335816,1.2269224171071687,1.4638642405654918,-1.870991110914817,-0.22490176595482486,1.1425194252671382,1.4926550033666302,1.2951089301885839,1.4831807617914694,1.743809867022638,1.9155149544262553,0.9579315554048164,1.8066430490717549,1.665270240544723,1.5252753452926224,1.0390158517938124,1.0,0.0,0.0
0.6670580916421296,0.7068934182350579,0.7408074724733603,0.09157435923982674,-0.5761875739495458,-2.117483246640588,-0.8878068756380441,-0.13643640549190206,0.8876016955176435,-0.5224188858296185,-0.9723033421761439,-0.010226942916360783,0.08027690521180966,0.22732929346202135,0.1303423935398556,-0.41383484139812743,0.7016298435370361,0.0,1.0,0.0
0.3618915803957301,-0.45059157262587274,-0.43749288245423973,-0.3190729916114139,0.07121419453308983,-0.22490176595482486,-0.394771378736484,-0.5437092577065351,-0.6696580941177381,-0.7106701162922473,-0.10314711523253366,-0.9446105854139615,0.3652297137160325,-0.7834315101282086,-0.984923532748325,-0.2749849761782961,-0.31052818123329357,1.0,0.0,0.0
-0.01507881584982202,-0.22133126042636508,0.11202835930571724,0.1539511720273571,0.7186159630157255,0.09052848082613564,0.17176009285847652,-0.13643640549190206,-0.42951990225807574,0.07129653332175064,-0.1973057064847579,-0.32928477206188306,0.6444834660501713,-0.6800582461246621,0.6592313895115703,-0.8016568787362774,-0.6003950333975664,1.0,0.0,0.0
-2.079440509575465,-2.620176966123655,-1.409722771721856,-1.124773490117013,-1.2235893424321813,1.036819221169017,-2.213796752398141,-1.7655278143504343,-0.7715349027854727,0.09301782914436149,-0.4580525745678416,-1.8960866116157868,-1.464167316881078,-1.5185302763756479,-1.6977739186232446,-1.9316075060424918,-2.078240787874432,1.0,0.0,0.0
0.5773032353931886,1.3946743548335816,1.5069668960809928,0.5542023874140092,-1.2235893424321813,-0.8557622595167458,0.12582510867510135,0.678109298937364,1.5206932922385696,0.9835909578714157,-0.18281976936903085,0.22906642894278104,1.1630975775278567,1.2955196881653317,0.5385067273875915,0.9986034427346411,0.8014200713312937,1.0,0.0,0.0
-0.17663755709791587,-0.3107986993334898,-0.1785838358557985,0.8296999772256013,0.07121419453308983,0.09052848082613564,-0.8081862363868605,-0.13643640549190206,-0.5241197960209735,-0.6599870927061546,0.7660091117110766,-0.49451114786938555,-0.14768534159156824,0.043554601900161305,-0.09960934383915074,0.5772659206882558,0.3880034133265114,1.0,0.0,0.0
0.056725069149330835,-0.11508867672415375,-0.16273226157426107,0.11756469790129767,1.366017731498361,0.4059587276070961,0.6647955897600366,0.270836446722731,-0.10933564644519424,-0.4282932705983031,-0.18281976936903085,0.8728795484685667,-0.7346881271102677,-0.6053997776776566,0.5327579339531167,-0.2749849761782961,-0.41031840902755146,1.0,0.0,0.0
3.126341152863113,1.3946743548335816,0.30753110877800943,1.7393618303770841,-1.870991110914817,-2.117483246640588,1.1333324284304638,1.4926550033666302,1.7608314840982309,1.7510767436036727,1.743809867022638,2.069346407764275,2.069247508571286,2.0995339637484687,2.067685780957984,2.3679503893853924,2.3790560536024175,1.0,0.0,0.0
-0.23049047084728028,0.639792839054714,0.25469252783955204,0.7205405548474233,0.07121419453308983,-1.1711925062977062,0.2544430643885519,-0.13643640549190206,0.42187914160799633,-0.0011077860869528973,1.1643723823935646,0.3430156536376104,-0.10779194840097728,0.014839806343620693,0.30280619657411034,0.23732314721901318,0.5780800376965263,0.0,0.0,1.0
-0.73311766584135,-1.9212125996617406,-1.5840900888187655,-0.1319425532488233,1.366017731498361,1.6676797147309381,-0.9796768440047944,-0.950982109921168,-0.86613479654837,-0.18935901654958165,-0.3928658575470704,-1.3377354106111228,-0.07929666755055499,-0.3641954950027154,0.17058394758118187,-0.4808658108145977,-0.676425683145572,1.0,0.0,0.0
-0.24844144209706873,-0.42822471289909114,0.04333820408572276,-0.9428411194867165,-0.5761875739495458,0.4059587276070961,0.4718686561898609,0.270836446722731,0.31272541803542286,-0.3052059276035079,-0.20454867504262192,-1.32634048814164,0.10877218606223195,0.6867660223666711,-0.43303936303870977,-0.29413668172585894,-1.0945942567596052,0.0,1.0,0.0
1.7082144241298454,1.3499406353800192,1.2956125723271632,1.0584149574465453,-0.5761875739495458,0.09052848082613564,1.2343893936338886,1.4926550033666302,-0.1529971358742232,1.4614594659688587,1.0702137911413403,0.5766115642620102,1.2314862515688703,0.8073681637041413,0.38903809809123774,2.02800761591615,1.0390158517938124,0.0,1.0,0.0
0.3798425516455182,0.013520766704838356,-0.3265318624834791,-1.2859135898181326,-0.5761875739495458,-0.8557622595167458,-0.6918176097889769,-0.5437092577065351,-0.20393554020809102,-0.14591642490435996,-0.24800648638980202,0.6620734827831323,0.8382513758330432,0.3881321485786486,-0.2778219403078807,-0.28934875533896814,0.5923357845242773,1.0,0.0,0.0
-0.9664802920885965,-0.7693193237325059,-1.7056188249772175,-1.5666092473620186,0.7186159630157255,1.036819221169017,-1.4390266858385463,-1.358254962135801,-1.0553345840741641,-0.5441401816522293,-1.3344517700693148,-1.2522734920900007,-0.39274475690520017,-1.7482486408279727,-1.3298511388168346,-1.4001476770976198,-1.474747505499635,0.0,1.0,0.0
0.7568129478910707,0.6118342643962373,-0.08875824826042077,0.5334101164848326,-1.2235893424321813,-0.8557622595167458,-0.5417633281232844,-0.13643640549190206,1.0113092488998936,0.6432906566505089,0.3169450611235444,1.0153160793371034,0.6615806345604245,0.7097378588119031,1.3605841885175398,1.3529099953645554,-0.2582571095315394,1.0,0.0,0.0
0.056725069149330835,-0.24369812015314588,-0.13631297110503235,-0.5010053622417104,0.07121419453308983,0.7213889743880566,-0.250841761628575,-0.5437092577065351,0.1453563752241438,-1.2030194882714311,-0.6753416313037441,-0.36916700070507313,-1.076631497315335,-0.6858012052359703,-0.8699476640588218,-0.19359022760115338,-0.5813873709605646,0.0,0.0,1.0
1.7979692803787863,1.3946743548335816,2.072339712122487,1.6146082048020232,0.07121419453308983,0.09052848082613564,1.2680750487016976,1.4926550033666302,1.7608314840982309,1.7510767436036727,0.20830053275559313,1.3400713697173674,0.7641636456219446,1.5482098890628893,2.004449053178757,0.92678454693128,1.6139976405131078,1.0,0.0,0.0
0.3977935228953067,1.3946743548335816,1.0261358095410307,0.03959368191688487,0.07121419453308983,-0.5403320127357853,0.5484269631621533,0.678109298937364,0.7202326527063644,-0.17487815266784074,1.1209145710463844,1.5223901292290944,1.909673935808921,2.0421043726353876,0.2338206753604083,0.9124207677706072,0.24069402943974977,1.0,0.0,0.0
0.25418575289700096,-0.5736093011231699,-0.38465430151578234,-0.3190729916114139,1.366017731498361,0.4059587276070961,-0.021166840711699126,-0.5437092577065351,0.3054485031305851,-0.8772000509322652,-0.5232392915886117,-0.7907791320759421,-0.7061928462598454,-0.6341145732341973,-1.1746337160860054,0.017078533422039098,-1.1563691596798598,1.0,0.0,0.0
1.420998884133234,1.1430471829072923,1.6443472065209825,2.0876323684407945,-0.5761875739495458,-0.22490176595482486,2.1163410899546924,1.4926550033666302,0.647463503657982,0.6939736802366016,0.8529247344054378,1.7104063499755628,1.5905267902841909,1.3644351975010292,0.8546903662837252,2.209948818617998,1.4951997502818486,0.0,0.0,1.0
-0.284343384596645,0.41612424178690127,-0.4639121729234684,-0.5373918363677699,-1.2235893424321813,-0.22490176595482486,-1.8463168789311395,-0.950982109921168,0.5455866949902464,1.4542190340279886,0.12138491006123191,0.1663943553606244,-0.369948532224862,-0.909776610576987,0.6247386289047189,0.21338351528455948,-0.30577626562404314,1.0,0.0,0.0
0.3977935228953067,0.9808874498881278,0.830633060068738,0.9856420091944269,-0.5761875739495458,-1.1711925062977062,0.8454731942146457,0.270836446722731,1.7390007393837166,1.7293554477810618,-0.1538478951375778,-0.13557109008067325,1.3853607681611508,0.8992555094850709,0.716719323856322,0.5533262887538021,0.37374766649876007,0.0,1.0,0.0
0.48754837914424765,-0.07594667220228639,-0.07819053207272951,-0.5893725136907118,0.07121419453308983,-0.8557622595167458,1.5375602892441649,0.678109298937364,1.0695245681385992,1.2297656438610072,1.4758200303816913,0.006865440787863459,0.028985399681050027,0.8877695912624554,0.48101879304283995,-0.04516450960754038,0.35474000406175865,1.0,0.0,0.0
-0.6074608670928326,-1.071271930044053,-0.7545243680849842,-0.6673435296751246,0.07121419453308983,0.4059587276070961,-1.5339589864841885,-1.358254962135801,-0.7351503282612816,-0.9858065300453205,-0.8636588138081926,-1.6795830846956108,-1.412875811350318,-1.105037220361463,-0.7492230019348435,-0.0834679207026665,-1.1421134128521089,0.0,1.0,0.0
-0.5715589245932561,-0.5288755816696075,-0.5907247671757662,-0.8804643066991861,1.366017731498361,1.6676797147309381,-0.6581319547211681,-0.950982109921168,-0.8151963922145027,0.788099295467916,-0.7115564740930612,-0.15266347378489747,-0.7802805764709431,-1.8286500683862863,-0.18009245192180287,-0.45692617888014403,-0.6669218519270715,1.0,0.0,0.0
0.9901755741383174,1.3946743548335816,1.512250754174839,0.850492248154778,-0.5761875739495458,-0.22490176595482486,1.2190777322394302,1.4926550033666302,-0.051120327206488604,1.0487548453392483,0.26624428121850024,0.8329973198253763,0.5988910166894957,0.8475688774832983,0.5672506945599674,0.5389625095931296,0.8109239025497945,0.0,0.0,1.0
0.5054993503940358,-0.4226329979673961,-0.611860199551149,-0.9012565776283628,1.366017731498361,0.09052848082613564,0.3463130327553023,-0.13643640549190206,-0.16755096568389985,0.2161051721391577,-0.34216507764202625,-1.4174998678975035,-0.130588173081315,-0.38142437233664,-0.09386055040467549,-0.5191692219097235,-0.8665023075155872,1.0,0.0,0.0
0.11057798289869523,-1.4515085453993342,-0.5643054767065374,-0.740116477927243,0.07121419453308983,-0.22490176595482486,-0.6366956287689267,-0.13643640549190206,-1.0626114989790019,-0.3052059276035079,0.3893747467021786,-0.29510000465343417,-0.4896287117966357,-0.12299121232777455,-0.8527012837553966,-0.38989520946367373,-0.671673767536322,1.0,0.0,0.0
-0.8587744645898674,-0.8084613282543729,-0.09404210635426659,-0.43343048172188614,0.07121419453308983,1.036819221169017,-1.5247719896475131,-1.358254962135801,-1.353688095172531,-0.9206426425774874,-0.2987072662948462,-1.2123912634468106,-0.6833966215795072,-0.036846825658152726,-0.0651165832322997,-0.8303844370576215,-0.8332388982508346,1.0,0.0,0.0
0.7747639191408584,0.06943791602179152,-0.10989368063580365,-0.516599565438593,-0.5761875739495458,-0.8557622595167458,1.1057714379204384,0.678109298937364,-0.3785814979242089,0.165422148553065,0.7949809859425306,-0.38625938440929775,0.15436463542290826,0.12969898856978312,-0.07661417010125018,-0.0595282887682128,0.32622851040625633,1.0,0.0,0.0
1.1876362578859871,1.238106336746113,1.152948403793328,1.385893224581079,-0.5761875739495458,-0.5403320127357853,1.249701055028347,1.4926550033666302,1.4770318028095395,1.6135085367271356,1.743809867022638,2.069346407764275,1.4822447230525866,1.4218647886141105,1.3893281556899157,1.616245946643546,1.8373376741478749,0.0,1.0,0.0
-0.8408234933400791,-2.2119817761098974,-1.510116075504925,-1.3846768767317221,-0.5761875739495458,0.4059587276070961,-1.3716553757029295,-0.950982109921168,-1.0043961797402963,-0.6310253649426738,-1.2040783360277734,-1.0186775814656008,-1.3330890249691356,-1.5989317039339614,-0.8297061100174961,-1.778393861661988,-0.3723030841535483,1.0,0.0,0.0
0.8824697466395879,0.5615088300109792,0.613994878221063,-0.267092314288472,-1.2235893424321813,0.4059587276070961,-1.233850423152804,-0.13643640549190206,0.12352563050962932,0.17266258049393599,-0.8853877194817826,-0.20963808613231216,0.8553485443432963,0.032068683677544896,-0.04212140949439915,0.29956619024859266,0.20743062017499703,0.0,1.0,0.0
1.0440284878876813,1.3946743548335816,0.9891488028841103,1.9888690815272048,-1.2235893424321813,-1.4866227530786669,0.9067198397924793,1.085382151151997,0.8221094613740989,1.1501208925114337,1.0412419169098863,1.0096186181023623,1.2941758694397998,1.4333507068367268,1.3490866016485894,1.0991498968593463,1.5759823156391044,1.0,0.0,0.0
-0.6254118383426208,-0.3107986993334898,-1.573522372631074,-1.2859135898181326,0.07121419453308983,0.7213889743880566,-0.4805166825454509,-0.5437092577065351,0.4946482906563786,0.7446567038226932,-0.2697353920633921,-0.8591486668928394,-1.0709324411452505,-0.40439620878187243,-0.07086537666677493,-0.02122487767308668,-0.2297456158760371,1.0,0.0,0.0
-0.05098075834939829,0.9081951557760889,1.2110708428256316,0.44504296503583124,-0.5761875739495458,-0.5403320127357853,0.11970044411731791,0.270836446722731,0.2181255242725261,-1.38403028679319,0.932597388541935,-0.27800762094920994,0.08027690521180966,0.6925089814779789,-0.1858412453562781,0.8549656511279189,0.4212668225912638,1.0,0.0,0.0
-1.648617199580548,-1.0544967852489666,-0.9500271175572768,-1.545816976432842,1.366017731498361,1.036819221169017,-1.546208315599755,-1.7655278143504343,-1.4482879889354283,-0.6889488204696365,-0.8129580339031485,-0.4774187641651613,-1.0196409356144904,-0.8466040603525975,-0.3353098746526323,-1.0554169772414865,-1.2656632186926184,1.0,0.0,0.0
-0.14073561459833928,0.958520590161347,-0.23142241679425593,0.8816806545485432,-0.5761875739495458,-1.8020529998596273,-0.4713296857087759,-0.13643640549190206,0.45098680122734963,0.7301758399409534,1.2368020679721987,0.08093243683950238,1.1346022966774343,0.33070255746556737,0.7052217369873715,0.2468989999927948,0.6113434469612787,0.0,1.0,0.0
-0.463853097094527,-0.8196447581177636,-0.75980822617883,-0.2826865174853546,-1.2235893424321813,-1.4866227530786669,-0.42539470152540076,-0.13643640549190206,0.9239862700418345,0.44055856230613927,0.46180443228081275,-0.25521777601024376,0.19995708478358376,-0.6685723279020461,0.3545453374843871,-0.22710571230938867,-0.31052818123329357,1.0,0.0,0.0
0.020823126649754248,0.8187277168689642,1.4065735922979241,0.6945502161859524,0.7186159630157255,-0.22490176595482486,1.0353377955059295,0.678109298937364,0.9967554190902168,0.7591375677044342,0.526991149301584,-0.1298736288459317,0.3823268822262866,0.6006216356970493,0.5615019011254925,0.8453897983541372,0.9297217927810538,1.0,0.0,0.0
0.9722246028885289,0.6062425494645424,1.5492377608317585,1.8277289818260853,-1.2235893424321813,-0.5403320127357853,1.3446333556739896,1.4926550033666302,0.7638941421353933,1.092197436984471,-0.07417524100107957,0.388595343515542,2.069247508571286,-0.10576233499384995,1.1823715920488094,1.4917598605843871,1.096038839104817,0.0,0.0,1.0
2.713468814117984,1.3946743548335816,1.7817275169609714,2.2487724681419143,-1.870991110914817,-2.117483246640588,1.0628987860159547,1.4926550033666302,1.3169396749030993,1.7510767436036727,1.743809867022638,2.069346407764275,2.069247508571286,2.0995339637484687,2.0849321612614093,2.3679503893853924,2.360048391165416,0.0,0.0,1.0
-0.06893172959918674,0.3713905223333389,0.41320827065492427,0.5542023874140092,0.07121419453308983,-0.8557622595167458,1.2129530676816471,0.678109298937364,0.3200023329402617,1.3094103952105816,1.2223161308564716,0.6050988704357176,0.9978249485954078,0.462790617025654,0.9524198546698031,0.2229593680583411,1.5759823156391044,1.0,0.0,0.0
1.0081265453881052,0.768402282483706,0.7460913305672066,0.30469513626388844,-0.5761875739495458,-0.22490176595482486,0.8026005423101621,0.678109298937364,0.3636638223692907,0.04957523749913978,-0.5739400714936559,0.9982236956328793,-0.3243560828641865,0.30198776190902676,0.7339657041597473,0.5916296998489279,-0.03491707589677174,1.0,0.0,0.0
0.34394060914594193,0.26514793863112757,0.21242166308878624,-0.21511163696553018,0.07121419453308983,0.09052848082613564,0.41062201061202735,0.270836446722731,-0.11661256135003205,0.26678819572525037,0.9760551998891162,0.6962582501915816,-1.013941879444406,0.32495959835425875,0.17058394758118187,0.5341745832062391,-0.16321879734653194,0.0,1.0,0.0
0.1285289541484837,-0.02002952288533322,0.26526024402724363,0.03439561418459062,0.7186159630157255,0.09052848082613564,0.22381974159963514,-0.5437092577065351,-1.3391342653628548,0.6070884969461572,-0.1538478951375778,-0.5229984540430929,-1.0595343288050814,-0.23210743544262877,-1.1228945751757289,-0.974022228664344,-0.16321879734653194,1.0,0.0,0.0
-0.15868658584812773,0.5223668254891126,0.04333820408572276,-0.12674448551652903,0.7186159630157255,0.4059587276070961,0.738291564453437,0.270836446722731,-0.25487394454195883,-0.9930469619861909,0.3169450611235444,0.42847757215873244,-1.2703994070982065,0.17564266146024793,1.0329029627524557,0.7879346817114482,0.003098248977231113,1.0,0.0,0.0
0.0926270116489071,0.6174259793279323,-0.030635809228117542,0.6113811324692453,0.07121419453308983,-1.1711925062977062,0.3616246941497607,-0.13643640549190206,0.5310328651805698,-0.7179105482331172,0.6139067719959452,-0.5116035315736098,0.5988910166894957,-0.3297377403348666,-0.11685572414257604,-0.26540912340451445,-0.4815971431663071,1.0,0.0,0.0
-0.5356569820936798,-0.11508867672415375,0.32338268305954726,-0.41783627852500355,0.7186159630157255,0.09052848082613564,0.34937536503419375,-0.13643640549190206,0.9239862700418345,0.932907934285323,0.8601677029633008,0.9925262343981373,0.15436463542290826,-0.5709420230098079,-0.2260827993976044,0.1463525458680892,-0.343791590498046,0.0,1.0,0.0
1.5646066541315395,1.1262720381122067,0.7408074724733603,1.6977772885187308,-1.870991110914817,-0.22490176595482486,-1.0715468123715448,0.270836446722731,0.5746943546095997,1.722115015840191,1.4540911247081012,1.630641892689182,0.6843768592407626,0.8590547957059147,1.2973474607383126,1.5252753452926224,1.3478903663950865,0.0,1.0,0.0
-0.9126273783392319,-0.9762127762052324,-0.3265318624834791,-0.8076913584470675,1.366017731498361,1.036819221169017,-0.0671018248950743,-0.950982109921168,-0.545950540735488,-0.6310253649426738,-0.6680986627458801,-0.9332156629444788,-0.8087758573213654,-0.9844350790239927,-1.7207690923611456,-1.304389149359805,-0.8569984762970865,1.0,0.0,0.0
1.2235382003855635,0.9473371602979563,0.8464846343502751,1.0792072283757221,-1.2235893424321813,-0.8557622595167458,1.2772620455383723,1.4926550033666302,0.24723318389187943,0.6722523844139897,1.280259879319379,1.0324084630413277,1.0320192856159143,0.6293364312535898,1.4353185031657167,1.3337582898169928,0.8726988054700493,1.0,0.0,0.0
0.4516464366446711,1.3946743548335816,1.2057869847317855,1.5990140016051406,0.07121419453308983,0.7213889743880566,1.2405140581916725,1.085382151151997,1.7608314840982309,0.5781267691826754,0.8456817658475737,1.7616835010882355,1.3853607681611508,1.5252380526176565,0.43502844556703885,0.9938155163477499,1.4334248473615931,1.0,0.0,0.0
-0.6972157233417737,-0.3834909934455288,-0.8073629490234416,-0.82328556164395,0.07121419453308983,-0.8557622595167458,-0.47439201798766745,-0.5437092577065351,-0.02201266758713527,-0.5006975900070066,-0.20454867504262192,0.05814259190053699,0.34813254520577935,-0.49628355456280243,-0.31231470091473174,-0.8016568787362774,-0.9092695479988405,0.0,1.0,0.0
-1.6845191420801247,-2.4188752285826243,-2.043785742983345,-1.6497783310787255,1.366017731498361,1.9831099615118986,-1.5921432997831302,-1.7655278143504343,-1.3609650100773694,-1.0075278258679319,-2.4353829908645546,-1.3206430269068985,-2.1651512258014667,-1.9320233323898328,-1.9392232428712015,-2.419975997505347,-2.3728595556479553,1.0,0.0,0.0
-1.1639409758362669,-0.9818044911369277,-1.3780196231587816,-1.6497783310787255,0.7186159630157255,1.6676797147309381,-0.250841761628575,-0.5437092577065351,-1.5865493721273547,-0.9496043703409687,-0.7912291282295584,-1.6510957785219034,-1.0538352726349969,-0.5881709003437321,-0.18009245192180287,-0.4856537372014885,-0.7334486704565767,1.0,0.0,0.0
1.3132930566345045,1.3946743548335816,1.1793676942625566,0.8452941804224837,-0.5761875739495458,-1.1711925062977062,1.2558257195861309,1.4926550033666302,1.4697548879047018,1.1283995966888227,0.8456817658475737,1.2944916798394357,1.4651475545423336,1.450579584170651,1.1421300380074833,0.7592071233901041,0.6968779279277854,0.0,1.0,0.0
-0.8587744645898674,-0.294023554538404,-1.1296782927480318,-1.0675947450617769,0.7186159630157255,1.036819221169017,-0.32433773632197543,-0.950982109921168,-0.0802279868258409,-0.5151784538887475,-0.4580525745678416,-0.35207461700084886,0.2512485903143434,0.30773072102033455,0.17058394758118187,0.47193154017665934,-0.77621591093983,1.0,0.0,0.0
-0.553607953343468,-1.2278399481315216,-0.6012924833634578,-1.4730440281807233,0.07121419453308983,-0.22490176595482486,-0.6213839673744683,-0.5437092577065351,-0.4367968171629146,-0.43553370253917406,-0.8564158452503295,-0.20394062489757062,-0.9626503739136459,-0.6800582461246621,-1.0309138802241267,-0.62450360242132,-1.1563691596798598,0.0,1.0,0.0
-1.2177938895856313,-0.07594667220228639,0.06447363646110564,-0.40224207532812095,0.07121419453308983,-0.5403320127357853,-0.7193786002990017,-0.5437092577065351,0.036202651651570356,-0.8120361634644326,-0.6898275684194701,0.14930197165640016,0.4336183877570462,-1.5127873172643398,-0.5767591989005887,-0.09304377347644777,-0.30577626562404314,1.0,0.0,0.0
0.9542736316387405,0.6062425494645424,-0.10989368063580365,0.4918255746264792,-0.5761875739495458,-0.22490176595482486,0.21463274476296018,0.678109298937364,0.7129557378015255,0.6143289288870271,0.9543262942155251,0.6848633277220985,0.4678127247775534,1.2380900970522504,0.7109705304218463,0.7304795650687592,1.1958290668990745,1.0,0.0,0.0
0.7209110053914943,0.6509762689181047,1.2110708428256316,1.1363859734309583,-0.5761875739495458,0.09052848082613564,0.6525462606444696,0.678109298937364,0.07258722617576151,-0.5586210455339703,-0.5304822601464758,1.1007779978582255,-0.010907993509541336,1.123230914826088,0.3143037834430608,0.5006590984980038,0.22168636700274835,1.0,0.0,0.0
-0.6972157233417737,-0.12068039165584875,1.1053936809487168,0.460637168232714,0.7186159630157255,1.036819221169017,0.6525462606444696,0.270836446722731,0.1890178646531738,-1.2030194882714311,-0.34216507764202625,0.4968471069756302,-0.12488911691123049,-0.524998350119343,-1.094150608003353,-0.8064448051231679,-0.039668991506022176,0.0,1.0,0.0
-0.12278464334855115,-0.9762127762052324,-0.41635745007885683,-0.7765029520533023,-1.2235893424321813,1.036819221169017,-0.005855179317240734,0.270836446722731,-0.41496607244840006,-0.3703698150713405,-0.30595023485270917,-0.39765430687878045,-0.7403871832803517,-0.3125088630009424,-0.7894645559761697,-0.09304377347644777,-0.19648220661128468,0.0,0.0,1.0
-0.3202453270962213,-0.22133126042636508,-0.7545243680849842,-0.4698169558479454,0.7186159630157255,0.4059587276070961,-1.1695414452960784,-0.950982109921168,-0.9097962859773995,-1.1668173285670793,-0.5884260086093829,0.6734684052526154,-0.22747212797275057,-0.8523470194639058,-0.34680746152158237,-0.35159179836854765,-0.0016536666320193275,0.0,1.0,0.0
-1.2177938895856313,-1.4906505499212015,0.14901536596263756,-0.41783627852500355,0.7186159630157255,1.6676797147309381,-0.9214925307058527,-0.5437092577065351,-1.3973495846015604,0.3609138109565648,-0.9650603736182803,-0.950308046648703,-1.315991856458882,-1.8229071092749785,-1.0654066408309772,-0.787293099575605,-1.0993461723688553,1.0,0.0,0.0
0.8106658616404353,1.3946743548335816,0.8253492019748926,1.6146082048020232,-1.870991110914817,-1.4866227530786669,1.2129530676816471,1.4926550033666302,0.4946482906563786,0.15094128467132514,0.4183466209336327,1.2773992961352107,1.1915928583782789,1.060058364601699,1.314593841041738,2.0710989533981663,0.7586528308480407,0.0,1.0,0.0
-1.4511565158328779,-1.0097630657954044,-0.75980822617883,-0.24630004335929537,0.07121419453308983,1.036819221169017,-0.033416169827266015,-0.5437092577065351,-0.6405504344983848,-0.8047957315235617,-0.13936195802185075,0.006865440787863459,0.4735117809476376,-0.6283716141228891,-0.5422664382937381,-0.6628070135164457,-0.3723030841535483,1.0,0.0,0.0
1.1696852866361993,1.3946743548335816,1.3008964304210093,1.214356989415371,-1.2235893424321813,-0.8557622595167458,0.39224801693867745,1.085382151151997,1.6444008456208197,1.0053122536940267,1.3671755020137402,0.8500897035296006,0.8268532634928741,0.8705407139285303,0.6247386289047189,0.9938155163477499,0.6778702654907842,1.0,0.0,0.0
0.4157444941450948,1.3946743548335816,1.7975790912425085,1.1831685830216059,-1.870991110914817,-1.1711925062977062,1.1088337701993298,1.085382151151997,1.375154994141805,1.0487548453392483,1.5410067474024625,1.3286764472478843,0.9294362745543941,0.8762836730398389,1.0731445167937819,1.4582443758761516,1.0770311766678151,0.0,0.0,1.0
0.8465678041400116,1.3834909249701908,1.5333861865502214,0.8972748577454256,-1.2235893424321813,-0.8557622595167458,1.3323840265584228,1.4926550033666302,0.5019252055612174,0.165422148553065,1.4033903448030571,1.4540205944121967,1.3454673749705595,0.4972483716935024,0.6764777698149956,0.47671946656355013,0.744397084020289,1.0,0.0,0.0
-0.6254118383426208,-0.41704128303570115,-0.6435633481142236,-0.8700681712345977,0.07121419453308983,-0.8557622595167458,-0.5815736477488762,-0.5437092577065351,0.036202651651570356,-0.9858065300453205,-0.3276791405262992,-0.48311622539990245,-0.9683494300837301,-0.484797636340186,-0.4962760908179366,-0.605351896873757,-0.6289065270530684,1.0,0.0,0.0
0.6311561491425534,0.4049408119235105,-0.21028698441887303,-0.11115028231964645,0.07121419453308983,-0.8557622595167458,-0.2661534230230334,-0.13643640549190206,-0.18938171039841434,-0.28348463178089606,0.563205992090901,-0.5002086091041271,-0.04510233053004816,-0.06556162121469333,0.45227482587046414,0.45277983462909643,0.34523617284325814,1.0,0.0,0.0
-0.284343384596645,-0.3163904142651848,-0.36351886914039944,-0.13714062098111737,-0.5761875739495458,0.09052848082613564,-0.8724952142435856,-0.13643640549190206,-0.02201266758713527,-0.24728247207654427,0.005497413135417617,0.052445130665795044,0.1429665230827392,0.14692786590370732,-0.20308762565970342,-0.27019704979140524,0.15040763286399275,1.0,0.0,0.0
-1.092137090837114,-0.4561832875575677,-1.039852705152654,-0.7193242069980663,0.7186159630157255,-0.5403320127357853,-0.42845703380429223,-0.950982109921168,-0.9534577754064284,0.2885094915478612,-0.45080960600997755,-1.2351811083857764,-0.49532776796672023,-0.5996568185663484,-1.404585453465012,-0.4856537372014885,-1.0898423411503546,1.0,0.0,0.0
0.5773032353931886,0.14213021013383045,0.5347370068133769,0.33588354265765363,0.7186159630157255,0.7213889743880566,1.2190777322394302,1.085382151151997,0.6765711632773344,0.26678819572525037,-0.6970705369773342,0.5937039479662345,0.7584645894518605,1.307005606387948,-0.44453694990766024,-0.38989520946367373,0.36899575088951,0.0,1.0,0.0
-0.9844312633383848,-1.6416268530769749,-1.5259676497864625,-1.4262614185900755,1.366017731498361,1.6676797147309381,-0.8357472268968859,-0.950982109921168,-2.0086104366079716,-0.3993315428348223,-1.6096845752681246,-0.8534512056580978,-1.5097597662417535,-0.6513434505681215,0.009617731415877196,-0.8208085842838403,-1.208640231381614,1.0,0.0,0.0
1.1337833441366225,1.3946743548335816,0.4343437030303075,0.8296999772256013,-0.5761875739495458,-0.5403320127357853,0.9189691689080463,0.678109298937364,0.48737137575154077,1.2659678035653588,1.743809867022638,1.6591291988628891,1.2599815324192924,1.11748795571478,0.47526999960836513,1.2667273204005223,1.3906576068783403,0.0,0.0,1.0
-0.26639241334685687,-0.7693193237325059,0.37093740590415847,-0.37105366893435576,0.07121419453308983,-0.22490176595482486,0.10745111500175145,0.678109298937364,-1.4191803293160756,0.17990301243480591,-1.8994033175826612,-0.10708378390696591,-0.7346881271102677,-0.7949174283508246,-0.7664693822382692,-0.7825051731887142,-0.6051469490068165,0.0,1.0,0.0
-0.7510686370911381,-0.38908270837722453,-0.31068028820194205,-0.5529860395646523,0.07121419453308983,1.036819221169017,-0.22021843883965822,0.270836446722731,-0.03656649739681194,-1.507117629787986,0.027226318809007666,0.5823090254967522,-0.1875787347821596,0.23881521168463696,0.32580137031201134,-0.28456082895207735,0.06962506750673626,1.0,0.0,0.0
0.5593522641434002,-0.1877809708361927,-0.2050031263250272,-0.8440778325731267,-0.5761875739495458,1.036819221169017,1.007776804995905,1.085382151151997,0.8948786104224812,0.013373077794788014,0.8601677029633008,-0.14126855131541438,0.7128721400911849,0.32495959835425875,0.32580137031201134,-0.6484432343557737,0.03636165824198386,1.0,0.0,0.0
-0.01507881584982202,-0.41144956810400535,-0.34238343676501654,-0.6985319360688895,0.07121419453308983,0.4059587276070961,-0.011979843875024177,-0.13643640549190206,-0.5823351152596792,0.476760722010491,-0.3494080461998903,0.0353527469615708,-0.5808136105179871,-0.5537131456758837,-0.09960934383915074,-0.6723828662902274,-0.4008145778090506,1.0,0.0,0.0
-0.12278464334855115,0.42730767165029204,0.5505885810949139,0.7257386225797176,0.07121419453308983,0.09052848082613564,0.9771534822069883,0.678109298937364,0.15991020503382047,0.1219795569078433,0.20830053275559313,1.3343739084826254,0.5646966796689885,0.8188540819267577,0.2338206753604083,0.8406018719672461,0.16941529530099417,0.0,1.0,0.0
-0.661313780842197,-0.4673667174209585,-1.0451365632465,-1.161159964243072,0.07121419453308983,0.4059587276070961,-0.22940543567633317,-0.13643640549190206,0.036202651651570356,0.5491650414191945,-0.4073517946627974,-0.8420562831886153,-0.4611334309462134,-1.1624668114745442,-0.42729056960423495,-0.5957760440999754,-0.8807580543433383,1.0,0.0,0.0
0.6491071203923412,1.2660649114045894,1.4541283151425353,0.9856420091944269,0.07121419453308983,-0.22490176595482486,2.1163410899546924,1.4926550033666302,1.3242165898079372,1.555585081200173,0.48353333795440284,1.5166926679943524,0.21135519712375284,0.606364594808357,0.7282169107252724,1.1566050135020354,1.0295120205753114,0.0,1.0,0.0
-1.379352630833725,-1.266981952653389,-1.515399933598771,-1.296309725282721,0.7186159630157255,0.7213889743880566,-0.8755575465224775,-0.950982109921168,-1.2881958610289872,-1.4998771978471157,-1.2185642731435,-1.5713313212355229,-0.8828635875324632,-1.0648365065823064,-1.4793197681131887,-1.649119849215938,-1.7836220201009092,1.0,0.0,0.0
0.1823818678978481,0.0750296309534873,1.0419873838225677,0.7517289612411885,0.07121419453308983,0.09052848082613564,0.7137929062223033,0.678109298937364,0.45098680122734963,-0.24004204013567434,-0.3566510147577533,-0.36916700070507313,0.27404481499468153,-0.10001937588254174,0.1303423935398556,0.2708386319272485,-0.09194006320777635,0.0,1.0,0.0
2.4083023028715846,1.3946743548335816,1.607360199864062,1.2247531248799592,-0.5761875739495458,-0.22490176595482486,1.179267412613839,1.4926550033666302,1.0113092488998936,1.0415144133983782,1.743809867022638,1.8072631909661678,0.7641636456219446,1.6056394801759706,2.0849321612614093,1.4582443758761516,2.1367083575306487,1.0,0.0,0.0
-0.4279511545949507,-0.7469524640057243,-1.108542860372649,-0.6673435296751246,1.366017731498361,2.298540208292859,-0.9613028503314445,-1.358254962135801,-0.1311663911597087,-1.2899046715618756,-0.11039008379039666,-0.6825273686158538,-0.8828635875324632,-1.0648365065823064,-1.0309138802241267,-1.4480269409665272,-1.1753768221168615,1.0,0.0,0.0
-1.4152545733333015,-0.4226329979673961,-0.7545243680849842,-0.267092314288472,-0.5761875739495458,-0.8557622595167458,-0.5968853091433346,-0.5437092577065351,0.6038020142289521,-1.362308990970579,-0.7332853797666513,-0.29510000465343417,-1.065233384975166,-1.0878083430275387,-0.7319766216314182,-0.8112327315100587,-0.419822240246052,0.0,0.0,1.0
0.6850090628919174,0.6509762689181047,0.7619429048487436,0.04479174964917913,0.07121419453308983,-0.22490176595482486,1.699863900025424,1.085382151151997,0.691124993087011,0.6360502247096379,-0.42183773177852446,-0.06720155526377547,0.8724457128535495,0.9279703050416115,0.8661879531526757,0.11762498754674469,0.16941529530099417,0.0,1.0,0.0
0.7747639191408584,0.15890535492891705,0.46604685159338166,-0.1319425532488233,0.7186159630157255,-0.5403320127357853,0.0370174725872425,0.270836446722731,-1.1135499033128697,-0.746872275996599,-0.21179164360048494,0.2632511963512295,-0.5922117228581562,-0.3871673314479478,0.5097627602152157,-0.5431088538441772,-0.32003201245179413,1.0,0.0,0.0
0.4157444941450948,0.007929051773143358,0.27054410212108987,0.8037096385641304,0.07121419453308983,1.036819221169017,0.7076682416645202,0.678109298937364,-0.0802279868258409,0.5926076330644162,0.12862787861909594,-0.08999140020274125,0.06317973670155645,0.3881321485786486,0.9524198546698031,0.1463525458680892,-0.3627992529350477,0.0,0.0,1.0
0.9183716891391641,0.0750296309534873,0.3867889801856955,0.30469513626388844,-1.2235893424321813,-0.8557622595167458,0.9342808303025046,1.085382151151997,0.7275095676112021,0.7301758399409534,0.6501216147852623,-0.32928477206188306,0.513405174138229,0.5546779628065837,-0.4560345367766107,0.3857488652126262,0.8726988054700493,1.0,0.0,0.0
1.546655682881751,1.176597472497464,0.8094976276933549,-0.38144980439894427,-0.5761875739495458,-1.8020529998596273,0.309565045408602,0.270836446722731,0.24723318389187943,-0.4717358622435258,-0.09590414667467065,0.05814259190053699,0.507706117968144,0.0665264383453933,0.9006807137595272,0.9698758844132962,0.07912889872523715,0.0,0.0,1.0
1.4389498553830222,1.3946743548335816,0.814781485787201,0.2527144589409466,0.07121419453308983,-0.22490176595482486,0.8026005423101621,0.678109298937364,1.6516777605256574,1.7510767436036727,0.45456146372294975,0.5709141030272691,1.2656805885893774,0.9681710188207685,1.1996179723522347,1.3002428051087576,1.248100138600829,0.0,1.0,0.0
0.3977935228953067,0.6677514137131905,0.3550858316226214,0.20073378161800473,-0.5761875739495458,0.4059587276070961,0.29425338401414364,0.270836446722731,0.6401865887531432,0.5926076330644162,0.5849348977644911,0.5139394906798544,-0.4155409815855379,-0.12299121232777455,-0.12835331101152653,0.7400554178425408,-0.08243623198927547,1.0,0.0,0.0
0.23623478164721282,-0.1933726857678885,-1.029284988964963,-1.244329047959779,0.07121419453308983,0.4059587276070961,-0.4162077046887258,-0.13643640549190206,-0.676935009022576,0.165422148553065,0.26624428121850024,0.21197404523855679,0.4393174439271311,0.33644551657687516,-0.20308762565970342,-0.07867999431577569,0.17891912651949504,1.0,0.0,0.0
0.5773032353931886,1.2604731964728937,1.2427739913887057,0.6997482839182466,0.7186159630157255,-0.22490176595482486,1.1578310866615966,0.270836446722731,0.5455866949902464,0.08577739720349155,0.157599752850549,-0.15266347378489747,0.7584645894518605,0.014839806343620693,1.0041589955800798,0.6490848164916165,1.3859056912690895,1.0,0.0,0.0
1.6184595678809042,1.3946743548335816,1.512250754174839,1.6769850175895538,-1.2235893424321813,-0.8557622595167458,1.5926822702642154,1.4926550033666302,1.076801483043437,1.7510767436036727,0.8094669230582566,1.7958682684966847,2.069247508571286,1.3644351975010292,1.2686034935659367,1.2284239093053964,1.072279261058565,1.0,0.0,0.0
-0.41000018334516225,0.15890535492891705,-0.2736932815450217,0.4086564909097722,-0.5761875739495458,0.4059587276070961,-0.8571835528491272,-0.13643640549190206,-0.28398160416131113,0.476760722010491,1.722080961349048,-0.7508969034327516,0.18285991627333054,-0.7662026327942839,-0.019126235756498598,-0.19359022760115338,-0.6289065270530684,0.0,1.0,0.0
-0.14073561459833928,-0.864378477571326,-0.04648738350965499,-0.7349184101949487,0.07121419453308983,-0.22490176595482486,-1.432902021280763,-0.950982109921168,-1.2299805417902814,-0.9640852342227096,-0.4580525745678416,-0.6996197523200784,-0.9911456547640682,-1.6046746630452697,-0.5940055792040144,-0.8255965106707311,-0.7239448392380758,1.0,0.0,0.0
0.4516464366446711,0.8019525720738784,0.6087110201272168,1.3079222085966662,-0.5761875739495458,-0.5403320127357853,-0.29065208125416675,0.270836446722731,1.5934624412869518,1.7510767436036727,0.7370372374796225,0.6278887153746838,0.325336320525442,1.6630690712890517,0.4235308586980884,1.4965477869712775,1.1530618264158214,1.0,0.0,0.0
0.613205177892765,0.28192308342621336,-0.47447988911116007,0.30469513626388844,-0.5761875739495458,-0.5403320127357853,-0.5754489831910932,-0.5437092577065351,1.0695245681385992,-0.13867599296348898,0.33143099823927147,-0.6825273686158538,-0.4611334309462134,0.05504052012277771,-0.2778219403078807,0.026654386195820712,0.08863272994373769,0.0,1.0,0.0
-1.7922249695788537,-2.1057391924076865,-1.6633479602264516,-1.3482904026056628,1.366017731498361,0.7213889743880566,-2.3975366891316416,-2.172800666565067,-2.7872403314256626,-1.282664239621005,-2.029776751624203,-1.7137678521040596,-1.3501861934793888,-2.0124247599481464,-1.962218416609102,-1.72572667140619,-2.3728595556479553,0.0,0.0,1.0
-0.10483367209876301,0.8243194318006591,0.43962756112415297,0.7205405548474233,-0.5761875739495458,-0.8557622595167458,-0.9459911889369861,-0.5437092577065351,-0.4367968171629146,0.8460227509948786,1.1716153509514275,0.41138518845450817,1.305573981779968,0.39387510768995637,0.3143037834430608,0.2947782638617022,1.466688256626346,1.0,0.0,0.0
-0.39204921209537413,-0.5121004368745209,-0.16273226157426107,-1.3482904026056628,1.366017731498361,1.3522494679499775,0.5392399663254779,-0.13643640549190206,-0.6696580941177381,-0.18211858460871172,-0.4363236688942505,-0.7281070584937859,-0.86576641902221,-0.15744896699562294,-0.9964211196172755,-0.7585655412542605,-0.5576277929143127,1.0,0.0,0.0
-1.3254997170843605,-0.4226329979673961,-0.6171440576449949,-0.20471550150094184,0.7186159630157255,0.7213889743880566,-0.35802339138978373,-0.5437092577065351,-1.0189500095499728,-1.1088938730401168,-0.09590414667467065,-1.1896014185078447,-1.464167316881078,-0.5422272274532672,-0.24332917970102969,-0.04516450960754038,-0.6384103582715692,1.0,0.0,0.0
0.5234503216438239,1.3443489204483234,1.5492377608317585,1.3547048181873138,-0.5761875739495458,-0.5403320127357853,1.5681836120330817,1.4926550033666302,0.2617870137015561,0.4477989942470092,0.157599752850549,0.6392836378441669,0.10877218606223195,0.5891357174744328,0.572999487994443,0.6395089637178353,0.12664805481774088,1.0,0.0,0.0
0.541401292893612,0.7572188526203152,0.9151747895702697,0.4398448973035374,0.7186159630157255,0.09052848082613564,1.571245944311973,1.4926550033666302,0.5455866949902464,-0.3196867914852478,-0.7405283483245143,0.4512674170976978,-0.056500442870216834,-0.3067659038896342,0.37179171778781245,0.002714754261367016,-0.36755116854429787,0.0,0.0,1.0
0.21828381039742467,0.9305620155028705,1.0419873838225677,1.6250043402666117,-0.5761875739495458,-0.22490176595482486,0.7719772195212453,0.678109298937364,1.4333703133805107,0.06405610138088069,1.671380181444004,0.5538217193230449,0.4393174439271311,0.27327296635248616,0.1590863607122314,0.5245987304324575,1.1863252356805742,1.0,0.0,0.0
-0.4279511545949507,-0.42822471289909114,-1.245923170812638,-0.5062034299740047,-0.5761875739495458,-0.5403320127357853,-1.0501104864193034,-0.5437092577065351,-0.32036617868550227,0.5708863372418054,-0.9940322478497339,-1.1896014185078447,-0.2502683526530887,-0.13447713055039054,-0.20308762565970342,-0.2749849761782961,-0.7572082485028285,0.0,1.0,0.0
1.4030479128834454,1.176597472497464,0.9204586476641158,0.912869060942308,-0.5761875739495458,-0.8557622595167458,0.8944705106769124,1.085382151151997,0.2763408435112317,0.25954776378438044,-0.4073517946627974,0.9241566995812404,0.7698627017920295,0.7843963272589085,-0.013377442322023356,-0.0595282887682128,0.5828319533057768,1.0,0.0,0.0
-0.6074608670928326,-0.16541411110941193,0.751375188661052,0.6737579452567757,1.366017731498361,0.7213889743880566,0.9189691689080463,0.270836446722731,-1.4337341591257518,-0.8627191870505247,-0.41459476322066047,-0.6369476787379222,0.12017029840240102,-0.048332743880768726,-1.0769042276999277,0.2468989999927948,-0.5196124680403099,0.0,1.0,0.0
-0.01507881584982202,0.6286094091913231,-0.009500376852734652,0.4658352359650083,-0.5761875739495458,-0.22490176595482486,-0.32740006860086696,-0.13643640549190206,0.6038020142289521,0.3753946748383057,0.01998335025114466,0.37150295981131776,0.7812608141321986,0.11247011123585893,0.4120332718291387,0.2468989999927948,0.37849958210801055,0.0,1.0,0.0
1.2414891716353518,0.7068934182350579,0.10674450121187143,-0.8648701035023036,-0.5761875739495458,-0.22490176595482486,-0.35496105911089226,-0.13643640549190206,0.523755950275732,-0.27624419984002613,0.4400755266072227,1.5166926679943524,-0.3585504198846933,0.27901592546379395,0.9811638218421789,-0.26540912340451445,-0.23449753148528754,0.0,1.0,0.0
0.11057798289869523,-0.7860944685275917,-0.9922979823080426,-1.2755174543535444,2.0134194999809965,1.036819221169017,-0.5785113154699847,-0.950982109921168,-0.502289051306458,-0.0445503777321746,-0.47978148024143163,-1.2693658757942252,-1.1051267781657574,-0.8695758967978303,-0.6572423069832413,-1.01232563975947,-0.7524563328935782,1.0,0.0,0.0
0.8645187753897995,-0.11508867672415375,0.016918913616494054,1.0636130251788396,-1.870991110914817,-0.8557622595167458,0.873034184724671,1.4926550033666302,0.480094460846703,0.48400115395136095,1.4540911247081012,1.231819606257279,1.9438682728294274,0.525963167250043,0.9006807137595272,1.5683666827746385,1.4334248473615931,1.0,0.0,0.0
-0.03302978709961015,-0.37230756358213796,-1.1825168736864893,-1.3067058607473094,-0.5761875739495458,1.9831099615118986,-0.36414805594756716,-0.13643640549190206,-0.7788118176903116,-0.21832074431306348,-0.05968930388535356,-0.32928477206188306,-0.4155409815855379,0.05504052012277771,-0.7837157625416945,-0.40904691501123663,-0.9472848728728435,1.0,0.0,0.0
1.3491949991340813,0.8243194318006591,0.9627295124148816,0.7205405548474233,-1.870991110914817,-0.5403320127357853,0.47799332074764433,1.4926550033666302,-0.21121245511292883,1.4252573062645069,0.46180443228081275,0.8216023973558932,0.8097560949826209,-0.444596922561029,0.4637724127394146,0.941148326091952,0.08863272994373769,0.0,0.0,1.0
-0.17663755709791587,0.8858282960493081,0.3603696897164668,-0.18912129830405924,0.07121419453308983,-0.22490176595482486,-0.7500019230879185,-0.5437092577065351,-1.0698884138838403,-0.03006951385043369,0.2807302183342273,0.3658054985765758,0.4051231069066239,-0.10576233499384995,0.28555981627068505,0.2468989999927948,0.5638242908687751,0.0,0.0,1.0
1.2773911141349281,1.3946743548335816,1.0472712419164132,2.233178264945032,-1.2235893424321813,-1.1711925062977062,0.453494662516511,0.678109298937364,0.9021555253273201,1.7510767436036727,1.743809867022638,1.7502885786187532,1.7671975315568096,1.370178156612337,1.1018884839661578,1.5779425355484202,1.0295120205753114,0.0,1.0,0.0
0.3618915803957301,-0.562425871259779,-0.26312556535733045,0.4710333036973022,1.366017731498361,0.4059587276070961,0.3616246941497607,0.270836446722731,-1.1644883076467376,-0.8482383231687844,-1.2765080216064078,-0.17545331872386327,-1.3843805304998957,-1.5931887448226534,-0.4675321236455608,-0.9261429647954366,0.1599114640824933,0.0,1.0,0.0
0.48754837914424765,-0.1877809708361927,-0.28426099773271335,-0.8024932907147733,0.7186159630157255,0.4059587276070961,0.09213945360729306,-0.5437092577065351,-0.16755096568389985,1.0559952772801193,-0.03796039821176248,-0.4375365355219709,-0.5238230488171425,-1.0476076292483818,-0.5192712645558372,-1.323540854907368,-0.7667120797213295,0.0,1.0,0.0
0.1823818678978481,-0.37789927851383376,-0.13631297110503235,-0.07996187592588144,0.07121419453308983,0.4059587276070961,-0.5723866509122012,-0.950982109921168,-0.3785814979242089,0.46952029006962004,-0.9288455308289633,0.5766115642620102,-0.130588173081315,0.18712857968286434,-0.7377254150658934,-0.06431621515510327,-0.5291162992588108,1.0,0.0,0.0
-0.8587744645898674,-0.28284012467501324,-0.43749288245423973,-0.7609087488564197,0.07121419453308983,-1.1711925062977062,-1.034798825024845,-0.5437092577065351,-0.6332735195935469,-0.43553370253917406,0.8529247344054378,-0.9730978915876688,0.21135519712375284,-0.3469666176687912,-0.7664693822382692,0.08889742922540018,-0.2867686031870417,0.0,0.0,1.0
1.6902634528800569,1.2045560471559404,1.0367035257287223,1.1415840411632525,-0.5761875739495458,-1.8020529998596273,1.9724114728467836,1.4926550033666302,0.06531031127092368,0.1871434443756769,0.39661771526004264,1.1007779978582255,0.6558815783903403,1.3759211157236457,0.8259463991113495,0.7783588289376666,0.2739574387045025,1.0,0.0,0.0
-1.846077883328218,-1.4403251155359438,-1.610509379287994,-1.4626478927161348,0.07121419453308983,0.09052848082613564,-2.0086204897123987,-1.7655278143504343,-3.354839694003044,-1.528838925610597,-1.5807127010366708,-1.195298879742586,-2.319025742393747,-0.858089978575214,-1.5827980499337415,-1.4288752354189642,-1.897667994722918,1.0,0.0,0.0
-1.2357448608354196,-1.5018339797845919,-1.1191105765603402,-0.7868990875178906,2.660821268463632,1.6676797147309381,-0.36414805594756716,-1.358254962135801,-0.10205873154035539,-1.1740577605079499,-1.428610361321539,-0.7395019809632686,-0.8600673628521254,-0.8523470194639058,-1.2091264766928562,-0.5239571482966143,-0.9567887040913442,1.0,0.0,0.0
-0.8767254358396555,-1.0992305047025295,-0.5431700443311546,-0.7349184101949487,1.366017731498361,0.7213889743880566,-1.1909777712483203,-1.358254962135801,-1.571995542317678,0.14370085273045416,-1.3634236443007683,-0.5571832214515418,-1.4356720360306556,-0.9212625287996034,-1.5023149418510893,-1.0171135661463606,-2.0307216317819283,1.0,0.0,0.0
1.5825576253813274,0.6565679838497998,0.5453047230010678,2.0668400975116175,-0.5761875739495458,0.4059587276070961,1.3538203525106642,1.085382151151997,0.5310328651805698,0.05681566944000972,1.743809867022638,0.73044301760003,0.21705425329383696,0.8188540819267577,1.4985552309449433,0.7400554178425408,1.4334248473615931,1.0,0.0,0.0
1.8877241366277273,1.3946743548335816,1.2691932818579343,0.9648497382652499,-0.5761875739495458,-1.8020529998596273,1.1639557512193806,1.085382151151997,0.5892481844192764,1.5049020576140804,1.743809867022638,0.6107963316704595,1.0833107911466746,0.26753000724117754,1.0903908970972072,1.2044842773709428,1.5522227375928526,0.0,1.0,0.0
0.020823126649754248,0.11976335040704968,0.011635055522648237,-0.9168507808252455,0.7186159630157255,-0.22490176595482486,-0.6336332964900347,-0.5437092577065351,0.4146022267031585,-0.16039728878610088,-1.0519759963126416,-0.22103300860179526,0.05748068053147232,-0.817889264796057,-0.08236296353572542,0.5533262887538021,-0.6811775987548225,1.0,0.0,0.0
-0.01507881584982202,0.04707105629501073,-0.2736932815450217,-0.47501502358023945,0.07121419453308983,1.036819221169017,-0.08853815084731613,0.270836446722731,-0.1238894762548709,-0.27624419984002613,0.6573645833431253,-0.6996197523200784,0.325336320525442,-0.19190672166347175,-0.47902971051451126,-0.0834679207026665,-0.6384103582715692,0.0,1.0,0.0
-0.01507881584982202,0.058254486158400724,0.15958308215032882,-0.6881358006043011,-0.5761875739495458,-0.22490176595482486,-0.44070636291985915,0.270836446722731,-0.4804583065919435,-0.059031241613915514,0.6863364575745794,-0.36346953947033195,0.18855897244341469,0.26178704812986975,-0.019126235756498598,-0.41383484139812743,0.34998808845250823,1.0,0.0,0.0
1.2414891716353518,1.3946743548335816,0.6087110201272168,0.13315890109818007,-0.5761875739495458,-0.22490176595482486,1.084335111968197,1.085382151151997,0.7275095676112021,0.8822249106992304,0.7804950488268037,0.3999902659850251,1.2485834200791235,1.11748795571478,1.1823715920488094,0.5437504359800205,1.238596307382328,1.0,0.0,0.0
-2.079440509575465,-0.66866845496199,-1.8007282706664411,-1.6497783310787255,0.7186159630157255,1.9831099615118986,-1.5002733314163799,-1.7655278143504343,0.10897180069995266,-0.35588895118959957,-0.6970705369773342,-1.1611141123341375,-0.7289890709401831,-1.3462415030364043,-1.5827980499337415,-0.5287450746835052,-0.44833373390155434,1.0,0.0,0.0
-0.05098075834939829,0.0750296309534873,0.15958308215032882,-0.2982807206822372,-0.5761875739495458,-0.8557622595167458,-0.12528613819401635,-0.13643640549190206,0.10897180069995266,0.49848201783310186,0.12862787861909594,-0.15266347378489747,0.16576274776307653,0.5661638810292,0.11884480667090512,-0.28934875533896814,-0.12520347247252908,1.0,0.0,0.0
0.9004207178893764,1.09831346345373,0.41849212874877045,0.19553571388571045,0.07121419453308983,-0.5403320127357853,-0.16203412554071658,-0.13643640549190206,0.6838480781821732,1.0342739814575073,1.743809867022638,-0.28940254341869265,1.111806071997097,1.4965232570611158,1.3433378082141136,1.5204874189057311,0.9487294552180556,0.0,1.0,0.0
-0.26639241334685687,-0.07035495727059138,0.16486694024417464,0.5126178455556559,0.07121419453308983,-0.22490176595482486,-0.08547581856842464,0.270836446722731,-0.16755096568389985,-1.38403028679319,-0.09590414667467065,0.6791658664873566,-0.7403871832803517,0.8073681637041413,1.170874005179859,-0.6963224982246811,0.5448166284317736,1.0,0.0,0.0
0.2721367241467891,-0.11508867672415375,0.365653547810313,-0.027981198602939582,0.7186159630157255,-0.8557622595167458,1.2527633873072392,1.085382151151997,-0.9971192648354579,0.2812690596069913,0.17932865852414007,1.0893830753887424,0.12586935457248596,0.5489350036952758,0.015366524850352435,0.6059934790096002,0.35474000406175865,0.0,1.0,0.0
0.6850090628919174,1.0479880290684718,0.30224725068416397,0.5126178455556559,0.07121419453308983,-0.5403320127357853,0.7627902226845708,0.270836446722731,0.7202326527063644,-0.14591642490435996,0.5559630235330371,1.0950805366234844,0.3424334890356952,0.5776497992518165,0.8431927794147756,1.0225430746690947,1.2861154634748317,1.0,0.0,0.0
-1.5768133145813952,-2.228756920904983,-2.1124758982033396,-1.6497783310787255,2.0134194999809965,2.298540208292859,-1.858566208046706,-2.172800666565067,-2.2269178837531185,-2.0356691614715214,-3.246595469345257,-2.653848955836402,-2.028373877719439,-2.0698543510612275,-1.5713004630647913,-2.419975997505347,-2.3728595556479553,0.0,1.0,0.0
1.3491949991340813,0.8075442870055733,0.37093740590415847,0.10716856243670915,0.07121419453308983,0.09052848082613564,1.3109477006061805,1.085382151151997,1.1714013768063347,1.3818147146192852,1.743809867022638,0.4968471069756302,0.45641461243738435,0.606364594808357,1.0444005496214062,0.4623556874028781,0.5068013035577708,0.0,0.0,1.0
-0.9485293208388084,-0.8755619074347168,0.05390592027341402,-0.5062034299740047,1.366017731498361,1.3522494679499775,-0.024229172990591064,-0.13643640549190206,-1.9358412875595894,-1.1668173285670793,-1.3199658329535877,-0.8819385118318053,-0.677697565409423,-0.45033988167233724,-0.984923532748325,-0.02601280405997749,-0.9472848728728435,0.0,1.0,0.0
-1.82812691207843,-2.150472911861249,-2.6250101333063762,-1.6497783310787255,0.7186159630157255,1.036819221169017,-2.04843080933799,-2.172800666565067,-2.3142408626111775,-1.8039753393636706,-1.5300119211316272,-1.7251627745735427,-2.4501040343056895,-1.5989317039339614,-2.065696698429655,-1.6060285117339215,-1.8501488386304143,1.0,0.0,0.0
0.3080386666463657,0.29869822822129993,0.2071378049949408,-0.6101647846198884,-0.5761875739495458,-0.8557622595167458,-0.07322648945285774,0.270836446722731,0.050756481461247026,0.035094373617398866,-0.631883819956563,0.3544105761070935,0.8325523196629582,0.33070255746556737,0.8087000188079242,0.021866459808929907,0.6588626030537824,1.0,0.0,0.0
0.8824697466395879,1.3946743548335816,0.47133070968722784,-0.2411019756270011,-1.2235893424321813,-0.22490176595482486,0.23606907071520158,0.270836446722731,1.1422937171869814,1.7510767436036727,0.8963825457526179,0.7760227074779616,1.4423513298619954,0.7843963272589085,0.6994729435528966,0.5341745832062391,0.5828319533057768,1.0,0.0,0.0
-0.12278464334855115,-0.7301773192106386,-0.21028698441887303,-0.08515994365817552,-0.5761875739495458,-0.22490176595482486,-0.07935115401064119,-0.13643640549190206,-0.2621508594467966,-0.12419512908174911,0.05619819304046175,0.5481242580883029,0.03468445585113416,-0.24933631277655297,0.2740622294017346,-0.18401437482737176,0.19792678895649649,0.0,1.0,0.0
0.34394060914594193,1.3890826399018865,1.2427739913887057,1.2663376667383128,0.7186159630157255,-0.22490176595482486,1.782546871555499,1.4926550033666302,0.7056788228966877,1.7510767436036727,0.2807302183342273,0.09232735930898547,0.39942405073653975,1.2438330561635582,0.929424680931903,0.7879346817114482,0.37849958210801055,1.0,0.0,0.0
0.7388619766412822,1.2772483412679803,1.1001098228548705,2.274762806803385,-1.870991110914817,-1.1711925062977062,0.937343162581396,1.4926550033666302,1.586185526382113,1.5845468089636547,1.671380181444004,1.6990114275060797,1.020621173275745,1.1978893832730935,1.619279893068922,0.8406018719672461,1.3241307883488347,1.0,0.0,0.0
1.4030479128834454,1.3946743548335816,1.7447405103040512,1.5470333242821988,-1.870991110914817,-0.5403320127357853,0.7811642163579207,1.4926550033666302,0.5674174397047609,1.222525211920137,0.918111451426208,1.055198307980294,1.2029909707184478,1.536723970840273,0.9926614087111294,1.1183016024069095,1.628253387340859,0.0,1.0,0.0
1.7082144241298454,1.3052069159264568,1.3484511532656205,1.8277289818260853,-0.5761875739495458,-0.22490176595482486,0.9526548239758545,1.4926550033666302,1.7608314840982309,1.403536010441896,1.743809867022638,2.069346407764275,1.0833107911466746,1.7606993761812892,1.119134864269583,1.2284239093053964,1.590238062466856,1.0,0.0,0.0
0.1285289541484837,0.9193785856394797,1.015568093353339,0.7257386225797176,0.07121419453308983,-1.1711925062977062,0.4841179853054278,0.678109298937364,0.8439402060886144,1.0559952772801193,1.3671755020137402,0.7361404788347712,0.7812608141321986,0.462790617025654,1.2571059066969863,0.5916296998489279,0.744397084020289,0.0,1.0,0.0
0.4516464366446711,0.43849110151368287,-0.2050031263250272,0.008405275523119685,-0.5761875739495458,-1.1711925062977062,-0.29065208125416675,-0.13643640549190206,-0.18210479549357653,-1.0002873939270613,-0.34216507764202625,-0.1925457024280879,-1.013941879444406,0.6235934721422812,-0.14559969131495185,0.22774729444523156,-0.46734139633855576,1.0,0.0,0.0
-1.8819798258277947,-1.6639937128037565,-2.0543534591710366,-1.135169625581601,2.0134194999809965,1.9831099615118986,-0.6428202933267098,-1.358254962135801,-0.5241197960209735,-1.3985111506749308,-1.4141244242058124,-1.668188162226128,-1.7776154062357232,-1.7195338452714322,-1.7610106464024715,-1.084144535562831,-2.011713969344927,1.0,0.0,0.0
-0.19458852834770402,-0.6463015952352088,-0.35823501104655364,-1.3690826735348394,1.366017731498361,0.7213889743880566,0.42593367200648574,-0.13643640549190206,0.6329096738483054,-0.3124463595443779,-0.17557680081116783,-0.30079746588817574,0.4963080056279757,0.38238918946733996,-0.3640538418250081,-0.011649024899305407,0.03160974263273342,0.0,1.0,0.0
-0.4279511545949507,-0.7134021744155528,-0.8971885366188194,-0.7557106811241256,0.7186159630157255,0.4059587276070961,-0.9031185370325024,-0.950982109921168,-0.25487394454195883,-0.3703698150713405,-0.44356663745211455,-1.3833151004890547,-0.666299453069254,-0.6570864096794297,-0.7837157625416945,-1.2038426952350996,-1.118353834805857,1.0,0.0,0.0
1.8338712228783625,1.3946743548335816,1.649631064614828,2.8673425282849228,0.07121419453308983,0.09052848082613564,2.0612191089346417,1.4926550033666302,0.07986414108060036,1.714874583899321,1.743809867022638,1.5337850516985767,1.9609654413396806,1.9042733539639922,1.4238209162967663,2.099826511719511,1.785066602446121,0.0,1.0,0.0
-0.01507881584982202,-0.24928983508484165,-0.05705509969734625,-0.05916960499670459,-1.2235893424321813,-0.22490176595482486,-0.12528613819401635,0.270836446722731,0.7056788228966877,-0.8120361634644326,-0.11039008379039666,-1.069954732578274,0.6501825222202554,-0.6513434505681215,-0.5192712645558372,-0.26540912340451445,0.10764039238073946,1.0,0.0,0.0
-0.26639241334685687,0.43849110151368287,0.4554791354056908,0.9908400769267208,0.7186159630157255,0.09052848082613564,0.8424108619357542,0.270836446722731,0.5092021204660553,0.04957523749913978,-0.10314711523253366,-0.403351768113522,-1.0481362164649128,-0.008132030101612118,-0.2720731468734055,-0.5143812955228331,-0.3723030841535483,1.0,0.0,0.0
0.29008769539657725,0.8466862915274408,-0.08875824826042077,-0.12154641778423497,0.7186159630157255,0.4059587276070961,-0.0671018248950743,0.270836446722731,1.5934624412869518,-0.20383988043132256,0.4762903693965398,0.4512674170976978,0.03468445585113416,0.33070255746556737,0.7972024319389737,0.5581142151406928,0.5353127972132731,0.0,1.0,0.0
-0.17663755709791587,-0.003254378090247433,0.9151747895702697,0.3878642199805955,0.7186159630157255,0.09052848082613564,-0.8571835528491272,0.270836446722731,0.6984019079918499,-1.137855600803598,0.7225513003638965,0.08093243683950238,-0.23887024031291965,-0.6226286550115808,-0.4675321236455608,0.6299331109440539,-0.03491707589677174,0.0,1.0,0.0
1.0081265453881052,1.294023486063066,1.2586255656702428,1.4482700373686095,-1.2235893424321813,-0.22490176595482486,1.3323840265584228,1.4926550033666302,1.7608314840982309,1.7510767436036727,1.743809867022638,0.5481242580883029,1.8412852617679074,1.3759211157236457,0.6534825960770947,1.5156994925188407,1.5189593283281004,0.0,1.0,0.0
-0.7510686370911381,-0.4561832875575677,-0.3212480043896333,-1.5874015182911954,0.07121419453308983,-0.22490176595482486,-1.5615199769942134,-0.950982109921168,-0.08750490173067975,-0.2617633359582852,-0.20454867504262192,-0.7281070584937859,-0.26736552116334195,-1.0246357928031493,-1.5770492564992666,-1.3283287812942586,-0.8807580543433383,1.0,0.0,0.0
-0.7690196083409262,-0.02002952288533322,-0.5643054767065374,-0.7920971552501849,0.07121419453308983,0.4059587276070961,-0.6550696224422766,-0.5437092577065351,0.8948786104224812,0.3826351067791756,0.5197481807437199,0.3373181924028684,-0.3129579705240174,0.36516031213341577,-0.5940055792040144,0.0745336500647281,-0.12520347247252908,0.0,1.0,0.0
-1.0382841770877493,-1.7870114413010532,-1.5576707983495368,-1.6497783310787255,1.366017731498361,2.298540208292859,-1.5768316383886718,-1.7655278143504343,0.45098680122734963,0.04957523749913978,-0.7984720967874214,-0.8477537444233567,-0.31865702669410195,-0.16319192610693115,-0.15709727818390232,-1.2996012229729144,-1.208640231381614,1.0,0.0,0.0
-1.4511565158328779,-1.160739368951178,-1.721470399258755,-1.2183387092983082,1.366017731498361,0.09052848082613564,-0.42539470152540076,-1.358254962135801,-1.0844422436935168,-1.5940028130784305,-1.030247090639051,-1.5884237049397476,-1.4812644853913313,-1.857364863942827,-1.306855965078934,-1.0554169772414865,-1.1611210752891103,1.0,0.0,0.0
-0.7869705795907147,-0.7189938893472477,-0.8919046785249736,-0.41783627852500355,1.366017731498361,0.7213889743880566,-1.3195957269617709,-1.7655278143504343,-1.506503308174134,-1.4202324464975418,-1.2258072417013635,-0.8420562831886153,-0.10209289223089274,0.14118490679239953,-0.43303936303870977,-0.5048054427490515,-0.9282772104358421,0.0,0.0,1.0
-0.26639241334685687,0.3713905223333389,-0.13631297110503235,-0.007188927673762726,-0.5761875739495458,0.4059587276070961,-0.7622512522034853,-0.5437092577065351,-0.2694277743516355,-0.13143556102261905,0.6356356776695352,-0.37486446193981465,-0.6036098351983248,-0.17467784432954755,0.11309601323643029,-0.22231778592249787,0.24069402943974977,1.0,0.0,0.0
-0.5177060108438917,-0.9147039119565837,-1.0187172727772713,-0.4074401430604152,0.07121419453308983,1.036819221169017,-1.1909777712483203,-1.358254962135801,-0.20393554020809102,-0.6310253649426738,-2.051505657297793,-0.7793842096064589,-0.5466192734974803,-0.9270054879109115,-0.4675321236455608,-0.6580190871295553,-0.5861392865698151,0.0,0.0,1.0
-0.463853097094527,-1.9379877444568268,-1.0028656984957343,-1.0000198645419522,0.07121419453308983,0.7213889743880566,-0.4437686951987507,-0.5437092577065351,-0.6187196897838703,-1.1450960327444684,-0.7187994426509242,-0.6483426012074054,-0.9512522615734769,-0.3699384541140236,-0.7722181756727444,-0.8638999217658568,-1.1516172440706096,1.0,0.0,0.0
