learning_hours_per_week,quiz_score,coding_score,challenge_score,attempts,errors,time_spent_minutes,modules_completed,qubits_score,superposition_score,measurement_score,quantum_gates_score,entanglement_score,bell_states_score,quantum_circuits_score,grover_score,shor_score,age_group_18-24,age_group_25-34,age_group_35+
-1.689878857770501,-1.7621534991476266,-1.8127887483613958,-1.664426075015197,0.7188764608348364,0.10328200047218458,-0.7417481764572188,-1.3477533469127507,-1.503051563083961,-1.0838703180275555,-2.7362024601484665,-1.7525441578097136,-1.5948968410676736,-2.0653610436633847,-1.43299297715517,-1.762380420847254,-1.2664751742986355,0.0,1.0,0.0
-0.5538713026288733,-0.9286991677685552,-1.4886304695525983,-0.04743691500169078,-0.5793203081671255,0.10328200047218458,-1.3250494653122356,-0.9410378895267829,-1.6466635053099856,-0.15990627678118102,0.4152795462859677,-0.012099272170102046,-0.4886611043814337,-0.6483830868925824,-1.1910938793053794,-0.7955229067405739,-0.48710583626870596,0.0,1.0,0.0
0.8526142418321899,0.2676196344150092,-0.1547988633065621,1.1613802240375324,-0.5793203081671255,1.3744450832067634,-0.3180872403414699,0.2791084826311205,0.6511275703064071,0.9620500590179876,0.21647110195482325,0.14402036873444757,0.45220949640840996,0.7049754514109594,0.07599663324114196,0.7004606101110552,0.9329720373195703,0.0,1.0,0.0
1.1230922311516252,0.31297769326557073,0.4138066421449351,0.11478529846244745,-0.5793203081671255,-0.8500903115787495,-0.29352718607389033,0.2791084826311205,1.6133275832207705,1.1453762576779825,1.777485553740104,0.1498025776568388,0.018838795438542295,0.5430351134942965,0.08751563790065595,0.28197004430368616,0.8229996767386601,0.0,0.0,1.0
-1.8882293832714205,-1.6884466535154639,-2.078492255581722,-1.14636158685553,2.0170732298367984,2.010026624574053,-0.6281579254696629,-1.3477533469127507,-0.5193097588356935,-1.4065244276691464,-1.4329026584220768,-1.700504277508197,-1.7659642230294632,-1.7414803678300586,-1.7728036146108277,-1.093757562833182,-2.017156070437893,1.0,0.0,0.0
-0.9145086217214536,-0.8606620794927129,-1.116645559444142,-1.507436836178934,2.0170732298367984,0.10328200047218458,-1.4294296959494492,-2.1611842616846864,-1.9267067926507333,-1.604516722221941,-0.9542897368841371,-1.2957496529408457,-1.4238294591058838,-1.5043534444520874,-1.680651577334717,-0.935019762009697,-1.0465304531368151,0.0,1.0,0.0
1.4656976842895761,1.1577715393572827,0.8495603939862698,0.6171508627384883,-1.2284186926681067,-1.8034626236296836,1.4041865651725531,1.0925393974030562,1.232755936321806,0.6247298534835973,-0.09278647811584576,0.7106768431287396,0.7430240457434522,0.8322142883454806,-0.3905230554691682,0.623496827893608,0.3878916413967976,0.0,0.0,1.0
-0.13913838567240586,0.16556400200124552,0.6104272374879764,-0.04220394037381529,-1.2284186926681067,-0.5322995408951048,0.9467555544388819,1.0925393974030562,0.3495424916317554,0.1847469766996096,0.33428351341031676,0.31748663640616964,-0.00967243488842265,-0.40547258001758757,0.3870097590480149,-0.035505557343283416,0.5313338508501589,1.0,0.0,0.0
-0.5178075707196155,-0.5658346969640622,0.3500378004120568,0.21944479101995595,0.7188764608348364,0.42107277115582925,0.2621440417300996,-0.1276069747548473,-0.8855202115120555,-0.45322819463717284,-0.5934892268016903,-1.5559490544484287,0.04164777970011458,-0.46909199848484817,-0.1831809715979192,0.19057555292046774,-0.1285003126353028,1.0,0.0,0.0
-1.9242931151806784,-2.442524381906052,-2.110376676448161,-1.664426075015197,1.3679748453358174,2.010026624574053,-2.006590971237571,-2.1611842616846864,-2.479612770220928,-2.5138146675755157,-1.2193676626589962,-1.6773754418186342,-2.0168630499067546,-2.4528611379639713,-1.7900821216000986,-1.71908829334994,-1.9167465238205401,1.0,0.0,0.0
0.2936263972386902,-0.3106956159296526,-0.11760037229571668,0.2508426387872086,0.7188764608348364,0.10328200047218458,-1.3772395806308424,-1.3477533469127507,-0.6557411039504162,-0.9445424070459594,-0.7260281896891195,-1.5848600990603823,-0.9676497738744447,-0.12207698866342716,-0.8512832418497214,-0.8628662161808401,-0.5588269409953865,0.0,1.0,0.0
-0.9505723536307117,-0.6962391161594269,-0.5267837734150184,-0.19396020458220253,0.7188764608348364,0.10328200047218458,-0.029506602697408794,-0.1276069747548473,0.06231860717970638,-0.6292213453507683,0.08393213906739397,-0.734875387468944,-0.38031842913896696,-0.8623756762824585,-1.1047013443590255,-0.3144992678815292,-0.9700279414283556,1.0,0.0,0.0
0.18543520151091622,0.6815119214263845,0.8973870252859287,0.37643402985621865,-0.5793203081671255,-1.1678810822623942,0.16083381787633316,0.2791084826311205,0.1269439811814168,-0.4092299069587745,0.9601619492676227,0.43313081485398436,0.15569270100797436,0.30012460661930157,1.2797326201603367,0.5369125728989798,0.5743665136861672,1.0,0.0,0.0
0.05921213982851324,-0.2483282850101298,-0.1494847931621555,-0.507938682254728,0.06977807633385541,0.7388635418394739,-0.2351970571883885,-0.5343224321408151,0.14130517540401946,-1.2085321331163517,-0.6818485353933101,-0.38216064320310905,-1.0645879569861256,-0.7004353383657955,-0.8800807534985059,-0.19905359455535857,-0.5779525689225014,0.0,0.0,1.0
-0.22929771544555094,-0.4694488219066184,-1.3982912770976872,-0.7957522867878764,1.3679748453358174,-0.21450877021146011,0.22530396032873,-0.5343224321408151,-0.37569781660966894,-0.8785449755283609,-0.7849343954168657,-1.0933723406571698,-1.0588857109207326,-0.4286069140056822,-1.1104608466887826,-0.3048787951043485,-0.7405204063029778,0.0,1.0,0.0
0.09527587173777115,0.6248143478631824,-0.04320339027402512,0.6119178881106128,0.06977807633385541,-1.1678810822623942,0.37880429950110284,-0.1276069747548473,0.5218768223029842,-0.7172179207075651,0.628814542049049,-0.5267158662628775,0.6118723862394135,-0.34185316155032697,-0.12558594830035005,-0.2712071403842153,-0.4775430223051488,1.0,0.0,0.0
0.7083593141951577,0.8912929436102325,0.8920729551415217,0.3188713089495889,-1.2284186926681067,-1.1678810822623942,0.5937047743424244,0.6858239400170884,0.033596218734501075,0.49273499044840124,1.1147907393029566,-0.03522810785966491,-0.186442062915605,0.005161848271094038,0.479161796324126,-0.3577913953788432,0.1775097341985345,0.0,1.0,0.0
0.16740333555628728,-1.1214709178834428,-0.23982398561706644,-0.8323831091830044,2.0170732298367984,2.010026624574053,0.206883919628045,-0.1276069747548473,-1.0506739450719835,-1.0472050782955564,-0.18114578670746456,0.357962098862905,-0.220655539307963,-0.006405318722953492,-0.6957766789462849,-0.23272524927549182,-0.19065860339842622,1.0,0.0,0.0
0.7624549120590449,0.6418236199321437,1.5191332321814908,0.6171508627384883,-1.2284186926681067,-0.8500903115787495,1.7695173724028006,1.4992548547890239,0.2131111465170317,0.49273499044840124,1.777485553740104,0.9882228714034955,0.7487262918088448,0.9652367087770252,1.1415045642461712,0.8688188837117209,1.1337911305542763,1.0,0.0,0.0
-1.0407316834038567,-1.3312519400672904,-1.6852510648956394,-0.827150134555129,0.7188764608348364,0.42107277115582925,-0.12160680620083249,-0.9410378895267829,-0.7778112548425372,-0.05724360553158345,-1.2340942140909323,-0.8736484016063216,-0.5798970414277216,-0.31293524406520856,-0.9203972698068045,-0.5309599053680993,-1.687238988695162,0.0,0.0,1.0
2.7279283011136073,1.4129106203916921,1.7795226692574104,2.2603048958913714,-1.8775170771690877,-2.121253394313328,1.08183585291057,1.4992548547890239,1.2973813103235172,1.783351429014765,1.777485553740104,2.0926247755801257,2.0830518711108046,2.1046026576906907,2.080303443996548,2.3744228733405306,2.381738352798519,0.0,0.0,1.0
-1.221050342950147,-1.4559866019063352,-1.5523993112854764,-0.7695874136484993,0.06977807633385541,1.3744450832067634,-0.6619280000875851,-0.9410378895267829,-1.1727440959641047,-0.7612162083859645,-0.689211811109278,-1.0297680425108717,-0.18073981685021234,-0.13364415565747467,-0.885840255828263,-0.8917276345123829,-0.41060332456024656,1.0,0.0,0.0
-0.8243492919483085,-0.7472669323663087,-0.3461053885051968,-0.13639748367557297,0.7188764608348364,2.010026624574053,-0.5084276609152123,-0.9410378895267829,-0.9070620028459591,-1.9345038798099319,-0.7775711197008979,-1.1743232655706402,-0.21495329324256995,-0.3013680770711614,-1.6460945633561759,-0.9109685800667447,-0.9269952785923473,0.0,1.0,0.0
-0.46371197285572824,0.49440992866781763,-0.3726757392272294,-0.08406773739681872,0.06977807633385541,0.10328200047218458,0.17004383822667588,-0.1276069747548473,-0.17464109749323384,-1.0105398385635576,-0.10751302954778152,-0.4631115681165797,0.45220949640840996,0.4331470270508461,0.4100477683670428,-0.035505557343283416,-0.3484450337971235,1.0,0.0,0.0
0.36575386105720636,-0.571504454320382,-0.27702247662791224,0.47062757315797615,1.3679748453358174,0.42107277115582925,0.37880429950110284,0.2791084826311205,-1.1512023046302011,-0.8492127837427622,-1.293000419818679,-0.1855655398418241,-1.372509244517347,-1.6142415308955373,-0.47691559041552195,-0.935019762009697,0.16794692023497695,0.0,1.0,0.0
-1.9603568470899366,-1.2745543665040882,-1.456746048686159,-1.3295156988311698,1.3679748453358174,1.3744450832067634,-1.5460899537204524,-1.7544688042987184,-1.6753858937551904,-1.4211905235619462,-0.40204405818651373,-0.9545993265197923,-1.6005990871330666,-1.695211699853869,-0.3041305205228145,-0.9013481072895639,-0.9126510576470112,0.0,0.0,1.0
0.041180273873884295,-0.3220351306422924,-0.7818591403465315,-1.664426075015197,1.3679748453358174,2.010026624574053,-1.3281194720956833,-0.9410378895267829,-0.1602799032706322,-0.12324103704918203,-0.026516996672130595,-0.2896453004448576,-0.887818328958943,-0.29558449357413763,-0.885840255828263,0.036647988485573296,-1.0752188950274872,0.0,0.0,1.0
-0.6440306324020184,-0.7642762044352691,-0.7074621583248399,-0.6701608957188663,2.0170732298367984,1.3744450832067634,0.314334157048706,-0.5343224321408151,-0.332614233941861,-1.0838703180275555,-0.843840601144612,0.08041607058814981,-0.4259363976621107,-1.2614429375770928,-0.6497006603082294,-1.1226189811647245,-0.6831435225216331,1.0,0.0,0.0
-0.6981262302659056,-0.3900722189181351,-0.8243717015017834,-0.8323831091830044,0.06977807633385541,-0.8500903115787495,-0.4593075523800527,-0.5343224321408151,-0.023848558155908525,-0.4972264823155712,-0.2032356138553703,0.051505025976196134,0.36097355936212167,-0.509577082964014,-0.3214090275120855,-0.8099536159063455,-0.9078696506652324,0.0,1.0,0.0
-0.5538713026288733,-0.996736256044398,-1.1857284713214264,-1.4132432928771765,1.3679748453358174,0.42107277115582925,-1.6351201504404287,-1.3477533469127507,-0.5049485646130908,-0.27723504392357734,0.5183654063095243,-0.08726798816118186,-1.1102059255092693,-0.4806591654788957,-1.502107005112253,-0.2808276131613963,-0.2528168941615493,1.0,0.0,0.0
-0.7522218281297924,-1.750813984434986,-1.589597802296322,-0.8690139315781324,0.7188764608348364,0.42107277115582925,-1.4877598248349508,-0.9410378895267829,-0.9070620028459591,-0.3725646672267755,-0.49040336677813356,-0.5845379554867848,-0.5171723347083986,-0.272450159586043,-0.4308395717774668,-0.9205890528439257,-0.635329452703846,1.0,0.0,0.0
-0.03094718994463183,-0.07256580696420355,0.009937311170040063,-0.36664836730209155,0.06977807633385541,0.7388635418394739,0.45862447587073657,0.6858239400170884,0.13412457829271862,0.1700808808068098,-0.1958723381394014,-0.5267158662628775,0.07015901002707953,0.5256843630032255,0.1393511588684677,0.5080511545674373,-0.05199780092684339,0.0,1.0,0.0
0.49197692273960963,0.21659181820812776,-0.5427259838482381,-0.5550354539056069,-0.5793203081671255,-0.5322995408951048,-0.7417481764572188,-0.5343224321408151,0.3567230887430562,-1.787842920881936,0.6067247149011432,1.3640664513588934,0.5719566637816624,-0.24931582559794835,0.277579214782634,0.07512987959429708,-0.6257666387402885,0.0,0.0,1.0
-1.34727340463255,-0.9570479545501563,-1.6267962933071678,-1.355680571970547,0.7188764608348364,0.10328200047218458,-0.3088772199911276,-0.9410378895267829,-0.4116008021661751,0.47073584660920104,-1.07210214833963,-0.33012076290159253,0.25263088411965534,-0.509577082964014,-0.7648907069033677,-0.2712071403842153,-0.5014500572140423,1.0,0.0,0.0
-0.46371197285572824,-1.1724987340903246,-1.3398365055092158,-0.8376160838108798,-0.5793203081671255,-0.21450877021146011,-0.6772780340048224,-0.9410378895267829,-0.21054408304973998,-1.5091870989187435,-0.26214181958311655,-0.1682189130746521,-1.0246722345283745,-0.5616293344372272,0.5021998056431531,-0.6608362878600416,0.1775097341985345,0.0,0.0,1.0
-0.9505723536307117,-0.889010866274314,0.04182173203647887,-0.5131716568826035,1.3679748453358174,1.3744450832067634,-0.008016555213276948,-0.1276069747548473,-1.9123455984281306,-1.1718668933843526,-1.3371800741144886,-0.9025594462182753,-0.6654307324086164,-0.4633084149878244,-0.9952708000936442,-0.030695320954692903,-0.9461209065194621,0.0,1.0,0.0
-1.689878857770501,-2.4538638966186928,-2.0678641152929087,-1.664426075015197,1.3679748453358174,2.010026624574053,-1.5798600283383746,-1.7544688042987184,-1.345078426635334,-1.0105398385635576,-2.4711245343736077,-1.3477895332423622,-2.1537169554761864,-1.955472957219935,-1.9513481868332923,-2.4358135152499165,-2.380543001053075,1.0,0.0,0.0
-0.5358394366742444,-0.08390532167684413,-1.5842837321519156,-1.1620605107391562,0.7188764608348364,-1.1678810822623942,-0.5636877830172664,-0.9410378895267829,-0.1890022917158365,-0.9225432632067597,-0.22532544100327503,-0.2491698379881223,-0.6369195020816515,-0.1625620731425931,-1.1162203490185396,-0.4010835228761575,-0.7213947783758626,0.0,0.0,1.0
1.7001119416997534,1.2258086276331253,0.9133292357191481,1.1509142747817813,-1.2284186926681067,-0.21450877021146011,1.4778667279752922,1.4992548547890239,0.5577798078594903,1.0500466343747854,-0.5198564696420072,0.41000197916442194,0.5149342031277325,0.9710202922740493,1.262454113171066,0.7148913192768265,1.1242283165907188,0.0,1.0,0.0
-1.545623930133469,-1.9209067051245923,-1.887185730383087,-1.664426075015197,0.06977807633385541,0.10328200047218458,-0.9320885970309613,-0.9410378895267829,-1.2660918584110203,-0.9958737426707577,-0.5345830210739441,-1.3362251153975804,-1.7431552387678912,-0.13942773915449805,-0.6324221533189588,-1.8297237302875202,-1.5294525582964644,1.0,0.0,0.0
-0.6440306324020184,0.21092206085180706,-0.2929646870611316,-0.7695874136484993,0.06977807633385541,-0.21450877021146011,-0.46237755916350043,-0.1276069747548473,0.04795741295710373,-0.2112376124059798,-0.27686837101505335,0.09198048843293144,0.5947656480432347,0.7859456203692913,0.21998419148506482,0.0077865701540305405,-0.09024905678107327,0.0,1.0,0.0
0.6001681184673837,1.4129106203916921,1.5616457933367436,1.0253228837127712,-1.8775170771690877,-2.121253394313328,0.6612449235782689,1.4992548547890239,0.8665454836454438,1.783351429014765,1.3651421136458795,1.4507995851947544,1.7067036307948675,0.837997871842504,1.4122011737447464,1.1478125942499666,0.8277810837204387,1.0,0.0,0.0
-1.1308910131770018,-1.5580422343200988,-1.095389278866516,-0.4765408344874756,0.06977807633385541,0.10328200047218458,-0.7877982782089307,-0.5343224321408151,-1.3019948439675264,-1.3698591879371473,-0.9911061154639785,-1.613771143672336,-1.4580429354982418,-1.1226369336485242,-1.738246600632286,-0.6079236875855466,-1.3907917558248821,0.0,1.0,0.0
-0.3735526430825832,0.182573274070206,1.2002890235170998,0.5909859895991112,-1.8775170771690877,-0.5322995408951048,-0.5268477016158969,0.2791084826311205,0.4141678656334658,0.30940879178840636,1.232603150758449,0.09776269735532185,0.07586125609247218,0.3116917736133491,0.8765674570773526,0.5272921001217991,0.24923083892521514,0.0,0.0,1.0
-0.2473295814001802,-0.20297022615956825,0.3447237302676506,0.12525124771819846,-0.5793203081671255,-0.5322995408951048,-0.27203713858975803,-0.1276069747548473,-0.03820975237851118,-0.1452401808883812,-0.2326887167192429,-0.11039682385074472,-0.23206003143874915,-0.006405318722953492,-0.1774214692681626,-0.603113451196956,-0.22412845227087697,1.0,0.0,0.0
-0.21126584949092198,0.6928514361390251,0.5626006061883175,0.20897884176420495,0.06977807633385541,0.7388635418394739,-0.3764173692269717,-0.1276069747548473,0.22747234073963435,0.26541050411000694,0.3048304105464431,0.3695265167076866,0.19560842346572546,-0.08159190418426121,0.7440989034929437,0.47437949984730404,0.7225901301213076,1.0,0.0,0.0
0.41984945892109354,0.6134748331505426,0.16404534535782864,-0.34048349416271445,-0.5793203081671255,-0.5322995408951048,0.2283739671121773,0.6858239400170884,-0.18182169460453568,0.04541906571801307,-0.14432940812762304,-0.9083416551406661,0.731619553612666,0.5893037814704857,-0.02767440869448275,-0.18943312177817753,0.10100722249007509,0.0,1.0,0.0
1.159155963060883,1.1350925099320015,0.9027010954303349,0.9101974418995121,-1.2284186926681067,-1.4856718529460389,1.3274363955863666,1.4992548547890239,0.7875589154211298,0.617396805537197,1.2178765993265133,1.5895725993321315,0.5149342031277325,-0.5211442499580612,2.080303443996548,1.474908668674117,1.3537358517160967,1.0,0.0,0.0
1.8263350033821566,1.4129106203916921,1.8167211602682563,1.737007433103829,-1.8775170771690877,-2.121253394313328,0.9866656426236992,1.4992548547890239,1.7353977341128917,1.783351429014765,1.777485553740104,2.0926247755801257,2.0830518711108046,2.1046026576906907,2.080303443996548,1.9174504164244384,2.3578313178896253,0.0,1.0,0.0
-0.3374889111733253,-0.47511857926293827,0.31283930940121174,0.3973659283677203,0.06977807633385541,0.42107277115582925,0.338894211316286,0.6858239400170884,0.6008633905272983,0.04541906571801307,0.5772716120372706,-0.38216064320310905,0.9711138883591717,0.8090799543573856,0.4273262753563134,0.012596806542621056,0.7225901301213076,1.0,0.0,0.0
2.6918645692043492,1.4129106203916921,1.8060930199794432,1.0096239598291452,-1.8775170771690877,-2.121253394313328,0.206883919628045,1.4992548547890239,1.7353977341128917,1.673355709818768,1.777485553740104,2.0926247755801257,1.6952991386640814,2.1046026576906907,1.8902398671145701,1.9318811255902095,2.381738352798519,1.0,0.0,0.0
0.1133077376924001,-1.4729958739752957,-0.5799244748590835,-0.7486555151369976,0.06977807633385541,-0.21450877021146011,-0.6220179119027682,-0.1276069747548473,-1.0506739450719835,-0.29923418776277755,0.40055299485403084,-0.30699192721202967,-0.4772566122506475,-0.13364415565747467,-0.8628022465092353,-0.396273286487567,-0.6687993015762971,1.0,0.0,0.0
0.4378813248757225,0.7665582817711877,1.710439757380126,1.0043909852012696,0.06977807633385541,-0.21450877021146011,-0.08476672479946336,0.2791084826311205,-0.46904557905658467,1.3727007440163768,-0.24005199243521183,0.24231792041509026,0.11577697855022327,0.676057533925841,0.7383394011631872,0.1761448437546962,0.301826315724781,1.0,0.0,0.0
-0.319457045218696,-0.11225410845844519,-0.8137435612129703,-0.7852863375321255,-0.5793203081671255,-1.1678810822623942,-1.8408106049314084,-0.5343224321408151,0.31363950607524926,-0.41656295490517387,0.21647110195482325,0.3348332631733417,-0.23206003143874915,0.13240068520561524,-0.47691559041552195,0.01740704293121157,0.9186278163742344,1.0,0.0,0.0
1.5738888800173505,1.3392037747595296,0.5094599047442523,0.32410428357746446,0.06977807633385541,-1.4856718529460389,1.714257250300746,1.4992548547890239,1.7353977341128917,0.1700808808068098,1.777485553740104,1.8960296722188403,0.9882206265553505,0.6587067834347701,0.5252378149621811,0.45032831790435185,0.5743665136861672,0.0,0.0,1.0
0.38378572701183533,0.012480553380599635,-0.34079131836079024,-1.298117851063917,-0.5793203081671255,-0.8500903115787495,-0.6772780340048224,-0.5343224321408151,-0.20336348593843917,-0.13790713294198184,-0.24741526815117973,0.6644191717496138,0.8513667209859193,0.38109477557763344,-0.2868520135335439,-0.2952583223271675,0.6030549555768395,1.0,0.0,0.0
0.05921213982851324,0.16556400200124552,-0.4842712122597664,0.025824729788565082,0.06977807633385541,-1.1678810822623942,-0.904458535979934,-0.5343224321408151,-0.2464470686062461,-0.8565458316891617,-0.843840601144612,-0.7869152677704606,0.1328837167464021,-0.619465169407464,-0.8685617488389924,-1.2717363092110283,-0.209784231325541,1.0,0.0,0.0
-0.6079669004927605,-0.16895168202164731,0.7432789910981394,0.674713583645118,1.3679748453358174,0.7388635418394739,0.93754553408854,0.2791084826311205,-1.416884397748346,-0.8638788796355615,-0.4167706096184505,-0.6539244625554738,0.1328837167464021,-0.058457570196166556,-1.087422837369755,0.24348815319496273,-0.5157942781593783,0.0,1.0,0.0
0.4739450567849804,0.9990183333803169,0.6582538687876355,0.15141612085757558,0.06977807633385541,0.42107277115582925,0.673524950712059,0.6858239400170884,0.3567230887430562,0.0014207780396147103,0.8202597106642244,-0.05835694354922818,-0.186442062915605,0.7512441193871486,0.6634658708763475,0.31564169902381944,-0.23369126623443454,1.0,0.0,0.0
0.9608054375599636,0.7665582817711877,0.8867588849971155,0.8474017463650069,0.7188764608348364,-0.21450877021146011,1.2967363277518922,1.0925393974030562,-0.3254336368305602,0.617396805537197,1.232603150758449,0.03415839920902409,1.2220127152364635,1.1965800486579725,0.1393511588684677,0.960213375094939,0.7704041999390947,0.0,1.0,0.0
0.7624549120590449,-0.3844024615618152,0.12153278420257664,-0.08930071202469403,-1.2284186926681067,0.10328200047218458,-0.5698277965841614,0.2791084826311205,0.18438875807182742,1.101377969999584,0.4594592005817771,1.063391587394575,-0.2776779999618929,1.3122517185984461,1.0666310339593315,-0.12208981233791133,-0.004183731109056303,1.0,0.0,0.0
0.8526142418321899,1.4015711056790516,1.529761372470304,0.8997314926437612,-1.2284186926681067,-0.8500903115787495,1.3519964498539467,1.4992548547890239,0.4931544338577799,0.1774139287532092,1.4314115950895934,1.4681462119619264,1.3588666208058948,0.49098286202108293,0.669225373206104,0.47437949984730404,0.756059978993758,1.0,0.0,0.0
-0.30142517926406703,0.7438792523459073,0.6582538687876355,0.8892655433880101,0.06977807633385541,0.10328200047218458,0.7809751881327199,0.6858239400170884,0.19156935518312823,0.6100637575907976,0.9822517764155273,0.375308725630077,0.07015901002707953,1.3527368030776121,0.8996054663963806,0.036647988485573296,1.038162990918702,0.0,1.0,0.0
-1.7259425896797593,-0.6338717852399044,-0.5480400539926443,-1.3295156988311698,0.06977807633385541,0.10328200047218458,-1.831600584581066,-1.3477533469127507,-1.6466635053099856,-0.6585535371363669,-1.4034495555582038,-0.2838630915224668,-0.4145319055313246,-0.9259950947497191,-1.6576135680156894,-1.3631308005942468,-1.4051359767702183,1.0,0.0,0.0
0.22149893342017443,0.6871816787827052,0.26501267810155277,0.7061114314123703,-1.2284186926681067,0.7388635418394739,0.47704451657142155,0.6858239400170884,0.5649604049707921,1.7613522851755659,1.62285676370477,1.0055694981706675,0.5548499255854836,0.32904252410442,1.1415045642461712,0.5946354095620653,0.8229996767386601,0.0,0.0,1.0
-0.8243492919483085,-0.5601649396077415,-0.8031154209241574,-0.43991001209234765,0.06977807633385541,0.42107277115582925,-1.8623006524155405,-1.7544688042987184,-0.8065336432877425,-1.5825175783827414,-1.344543349830457,-1.1974521012602029,-0.5798970414277216,-1.1920399356128086,-1.3523599445385732,-0.26639690399562477,-0.7978972900843221,1.0,0.0,0.0
-1.8701975173167913,-1.716795440297065,-1.887185730383087,-1.664426075015197,-0.5793203081671255,1.0566543125231187,-2.3320116902830015,-2.1611842616846864,-1.5102321601952624,-1.6485150099003394,-1.1751880083631863,-0.5961023733315665,-1.2299530928825222,-0.9838309297199559,-1.0240683117424287,-0.838815034237888,-1.0369676391732574,1.0,0.0,0.0
1.8804306012460437,1.4129106203916921,1.2056030936615068,2.05621888540423,-1.2284186926681067,-0.5322995408951048,0.9406155408719873,1.4992548547890239,1.7353977341128917,-0.1819054206203802,1.777485553740104,2.0926247755801257,1.8264507981681202,1.8790429013067669,0.8996054663963806,1.1430023578613766,1.4541453983334498,1.0,0.0,0.0
-0.19323398353629304,-0.41842100569973617,0.5572865360439113,-0.3771143165578424,1.3679748453358174,-0.21450877021146011,0.8024652356168518,0.2791084826311205,-0.5623933415035004,-0.8638788796355615,-0.5861259510857213,-0.434200523504626,-0.7167509469971532,-0.9433458452407903,-0.4711560880857649,-0.4876677778707854,-0.1763143824530899,0.0,1.0,0.0
-1.0587635493584857,-1.3199124253546501,-0.7765450702021248,-1.4394081660165536,0.7188764608348364,1.3744450832067634,-1.2482992957260493,-0.5343224321408151,-1.02913215373808,-1.6485150099003394,-0.880656979724454,-1.3015318618632363,-2.216441662195509,-2.001741625196124,-1.8591961495571814,-1.2909772547653902,-1.4864198954604562,1.0,0.0,0.0
0.1133077376924001,-0.3730629468491746,-0.4948993525485792,-0.5864333016728593,0.06977807633385541,0.42107277115582925,-0.35799732852628674,-0.5343224321408151,-1.5604963399743705,-0.1305740849955814,-0.5272197453579751,-1.156976638803468,-0.13512184832706817,-2.2273013815800478,-1.6172970517073912,-1.161100872273448,-1.0369676391732574,1.0,0.0,0.0
0.5641043865581254,0.8289256126907105,-0.021947109696399122,-0.13639748367557297,0.06977807633385541,-0.21450877021146011,-0.46237755916350043,-0.1276069747548473,-0.6772828952843196,-0.9152102152603598,-1.37399645269433,0.6065970825257064,-0.07809938767313827,-0.3013680770711614,0.4215667730265568,-0.10284886678354961,-0.4536359873962552,1.0,0.0,0.0
0.4559131908303514,0.13721521521964447,0.8336181835530504,0.1985128925084543,-0.5793203081671255,-0.8500903115787495,1.6896971960331668,1.4992548547890239,0.6439469731951052,1.079378826160385,1.4535014222374982,0.02837619028663286,0.66319260082795,1.1676621311728541,1.5907457459672103,0.9842645570378912,0.9473162582649064,1.0,0.0,0.0
-0.5178075707196155,-0.9286991677685552,-1.0369345072780443,-0.4137451389529705,0.06977807633385541,1.0566543125231187,-1.1776891397067577,-1.3477533469127507,-0.20336348593843917,-0.6292213453507683,-2.0808709214272874,-0.7984796856152422,-0.5342790729045774,-0.9433458452407903,-0.47691559041552195,-0.6656465242486321,-0.5827339759042801,0.0,0.0,1.0
-2.0865799087723396,-2.839407396848467,-1.998781203415624,-1.664426075015197,2.6661716143377796,2.3278173952576973,-1.407939648465317,-2.1611842616846864,-2.3790844106627103,-2.9244653525739044,-3.3620808960057724,-1.7351975310425416,-3.0147561113505277,-2.713122395330037,-2.083816740417701,-2.4358135152499165,-2.380543001053075,1.0,0.0,0.0
-1.545623930133469,-1.4276378151247342,-1.392977206953281,-1.4865049376674326,1.3679748453358174,1.0566543125231187,-0.8277083663937476,-0.9410378895267829,-0.7921724490651398,-0.7978814481179635,-1.5948947241733793,-2.064783439618813,-0.8764138368281568,-1.1457712676366192,-0.5921056370106602,-1.247685127268076,-1.1373771857906105,1.0,0.0,0.0
1.4476658183349476,1.4129106203916921,0.8070478328310178,0.2508426387872086,0.06977807633385541,-0.21450877021146011,0.8208852763175364,0.6858239400170884,1.6276887774433733,1.783351429014765,0.46682247629774604,0.5719038289913624,1.2790351758903935,0.9652367087770252,1.1933400852139828,1.3017401586848611,1.2628891190623015,0.0,1.0,0.0
0.7985186439683027,0.4320425977482956,-0.4311305108157012,0.3450361820889661,-1.8775170771690877,-2.121253394313328,-0.0018765416463819473,0.6858239400170884,-0.41878139927747593,0.8447212918755913,1.777485553740104,0.1902780401135733,0.7145128154164871,0.861132205830599,1.1127070525973866,0.666788955390922,1.0525072118640382,0.0,1.0,0.0
-0.39158450903721215,-1.2802241238604086,-1.4673741889749723,-0.7852863375321255,0.7188764608348364,0.10328200047218458,-0.7263981425399816,-1.3477533469127507,-1.0578545421832848,-0.45322819463717284,-0.7849343954168657,-0.7637864320808977,-0.7110487009317602,-1.3713310240205427,-0.5575486230321186,-0.2086740673325396,-0.979590755391913,1.0,0.0,0.0
0.8886779737414479,0.5681167742999802,0.6051131673435702,-0.2724548240003339,-1.2284186926681067,0.42107277115582925,-1.2206692346750223,-0.1276069747548473,0.11976338407011598,0.1847469766996096,-0.8953835311563904,-0.22025879337616863,0.8684734591820981,0.022512598762164923,-0.05071241801351033,0.2964007534694574,0.21576099005276403,0.0,1.0,0.0
0.023148407919255022,0.2959684211966102,0.32346744969002417,-0.32478457027908814,0.7188764608348364,1.0566543125231187,0.5046745776224484,-0.1276069747548473,0.04077681584580291,0.07475125750361267,0.4741857520137139,0.32326884532856087,-0.1123128640654963,0.28277385612823064,0.847769945428568,0.580204700396294,0.1440398853260834,1.0,0.0,0.0
0.5821362525127547,-0.1746214393779672,-0.4098742302380752,0.31363833432171345,-0.5793203081671255,1.692235853890408,-0.17686692830288706,-0.1276069747548473,0.0982215927362125,0.7567247165187935,-0.29895819816295804,-0.7233109696241629,-0.0552904034115664,0.16131860269073364,0.30061722410166114,-1.0167937806157346,-1.0847817089910445,0.0,1.0,0.0
0.49197692273960963,0.5964655610815813,1.003668428174059,1.3183694628737952,0.06977807633385541,0.10328200047218458,-0.20449698935391392,0.2791084826311205,-0.03102915526720934,-0.13790713294198184,0.37846316770612615,0.9824406624811043,0.6232768783701996,0.4851992785240596,0.1508701635279817,0.055888934039935015,0.7130273161577501,0.0,1.0,0.0
0.41984945892109354,0.006810796024279745,0.25969860795714655,0.8055379493420036,0.06977807633385541,1.0566543125231187,0.7257150660306654,0.6858239400170884,-0.08129333504631812,0.6100637575907976,0.1354750690791723,-0.09883240600596309,0.07586125609247218,0.38109477557763344,0.9456814850344357,0.14247318903456327,-0.358007847760681,0.0,0.0,1.0
-0.10307465376314795,-0.571504454320382,-0.9040827536678813,-0.6492289972073646,0.7188764608348364,0.7388635418394739,-0.8461284070944325,-0.9410378895267829,-0.3900590108322706,-0.9152102152603598,-1.1383716297833446,0.16714920442401085,0.10437248641943714,-0.9375622617437666,-1.686411079664474,-0.4203244684305192,-0.5970781968496165,1.0,0.0,0.0
-1.7980700534982754,-2.1363574846647606,-1.6852510648956394,-1.3609135465984223,1.3679748453358174,0.7388635418394739,-2.387271812385056,-2.1611842616846864,-2.7524754604503743,-1.2891956605267494,-2.0587810942793827,-1.7467619488873227,-1.338295768124989,-2.0364431261782663,-1.9743861961523197,-1.7383292389043017,-2.380543001053075,0.0,0.0,1.0
0.6362318503766419,0.5964655610815813,0.5997990971991632,0.5805200403433601,-1.2284186926681067,-1.1678810822623942,0.18846387892736044,0.6858239400170884,-0.44032319061137937,1.2333728330347802,0.010299381907710925,0.49673511300028295,0.5377431873893048,-0.42282333050865883,0.7901749221309988,1.4316165411768034,0.4691755600870358,1.0,0.0,0.0
-0.3735526430825832,-1.0024060134007182,-0.941281244678727,-1.444641140644429,0.7188764608348364,1.0566543125231187,-1.312769438178446,-1.7544688042987184,-2.1708470944349747,-1.8245081606139348,-1.1015552512035032,-1.636899979361899,-1.6005990871330666,-0.8681592597794822,-1.3235624328897886,-1.3968024553143799,-1.2330053254261846,0.0,1.0,0.0
-0.40961637499184106,0.44338211246093623,0.21718604680189382,0.5491221925761075,-1.2284186926681067,-2.121253394313328,-0.12160680620083249,0.2791084826311205,1.1106857854296848,0.8520543398219906,0.23119765338676007,0.8321032304989455,0.22982189985808307,0.5719530309794149,0.39276926137777224,0.666788955390922,0.1440398853260834,1.0,0.0,0.0
-0.13913838567240586,0.19958254613916646,0.7379649209537332,0.0676885268115687,-0.5793203081671255,0.42107277115582925,1.3090163548856821,1.0925393974030562,0.7157529443081174,-0.6585535371363669,0.3048304105464431,0.6528547539048322,0.1842039313349393,0.1844529366788279,-0.26381400421451634,0.2194369712520105,0.8038740488115451,0.0,0.0,1.0
-0.9145086217214536,-0.9910664986880776,-0.34079131836079024,-0.8166841852993781,1.3679748453358174,1.0566543125231187,-0.05099665018154108,-0.9410378895267829,-0.540851550169597,-0.6292213453507683,-0.6744852596773412,-0.9545993265197923,-0.796582391912655,-1.0011816802110272,-1.7324870983025296,-1.3150284367083422,-0.8552741738656667,1.0,0.0,0.0
0.6181999844220126,0.5170889580930988,0.24375639752392642,-0.6439960225794891,0.7188764608348364,0.42107277115582925,-0.2198470232711512,-0.5343224321408151,-1.2804530526336229,0.28007660000280676,0.9380721221197169,0.5776860379137527,-0.16363307865403312,-0.7177860888568663,0.3582122473992303,0.01740704293121157,-0.09981187074463048,0.0,1.0,0.0
0.3477219951025774,0.2676196344150092,0.2012438363686744,-0.22012507772157966,0.06977807633385541,0.10328200047218458,0.42792440803626197,0.2791084826311205,-0.11719632060282426,0.28007660000280676,0.9969783278474641,0.6991124252839587,-1.0018632502668028,0.31747535711037245,0.16238916818749569,0.5321023365103896,-0.1571887545259751,0.0,1.0,0.0
-0.8423811579029375,-2.2440828744348447,-1.5311430307078502,-1.3975443689935503,-0.5793203081671255,0.42107277115582925,-1.358819539930158,-0.9410378895267829,-0.9932291681815739,-0.6292213453507683,-1.2193676626589962,-1.0413324603556533,-1.3211890299288103,-1.620025114392561,-0.8397642371902078,-1.7912418391787968,-0.36757066172423825,1.0,0.0,0.0
0.4018175929664646,-0.18596095409060778,0.06839208275851145,1.1090504777587782,0.7188764608348364,0.10328200047218458,0.421784394469367,0.2791084826311205,0.32800070029785194,-0.3358994274947765,-0.7260281896891195,-0.2722986736776852,-0.5798970414277216,-0.578980084928298,-0.3674850461501406,-0.40589375926474763,0.11057003645363264,1.0,0.0,0.0
-0.17520211758166407,0.5511075022310198,0.5838568867659438,0.3659680806004677,-1.8775170771690877,-0.5322995408951048,0.010403485487408054,0.6858239400170884,0.09104099562491066,0.06741820955721226,0.10602196621529868,0.8436676483437271,0.6175746323048061,0.7859456203692913,0.09903464256016913,0.560963754841932,0.5504594787772736,0.0,0.0,1.0
0.7083593141951577,-0.8549923221363926,-0.3195350377831642,-0.3195515956512128,0.06977807633385541,0.42107277115582925,-0.27203713858975803,0.2791084826311205,0.5936827934159964,0.49273499044840124,0.36373661627418935,0.10932711520010349,-0.9505430356782659,-0.5327114169521088,-0.21773798557646076,0.022217279319802087,-0.013746545072613857,1.0,0.0,0.0
0.023148407919255022,0.2619498770586893,0.24375639752392642,0.3659680806004677,2.0170732298367984,1.0566543125231187,-0.20142698257046662,-0.5343224321408151,-0.22490527727234264,-0.16723932472758038,-0.1664192352755288,-0.5035870305733146,-0.39172292126975267,0.5083336125121546,-0.8570427441794783,0.38779524485267614,0.04363033870873079,0.0,1.0,0.0
2.006653662928447,0.7949070685527887,1.1630905325062546,1.0253228837127712,0.7188764608348364,1.3744450832067634,0.9314055205216446,0.6858239400170884,-0.2608082628288488,0.4854019425020008,0.5772716120372706,0.6817657985167859,0.7088105693510944,0.09769918422347264,0.6980228848548886,0.5032409181788469,-0.44407317343269764,1.0,0.0,0.0
1.6460163438358664,1.4129106203916921,1.1577764623618476,1.3183694628737952,-1.2284186926681067,-1.1678810822623942,1.293666320968445,1.4992548547890239,1.7353977341128917,1.783351429014765,1.3356890107820056,1.6242658528664764,2.0830518711108046,2.1046026576906907,2.080303443996548,2.3407512186203974,1.9753187593473287,0.0,1.0,0.0
0.18543520151091622,-0.3844024615618152,-0.1494847931621555,-0.08406773739681872,0.06977807633385541,0.42107277115582925,-0.5575477694503714,-0.9410378895267829,-0.37569781660966894,0.4854019425020008,-0.9395631854522002,0.5776860379137527,-0.11801511013088936,0.17866935318180455,-0.7476121999140971,-0.06917721206341634,-0.5253570921229358,1.0,0.0,0.0
0.9608054375599636,1.4129106203916921,1.6891834768024996,1.6428138898020717,-1.2284186926681067,-0.5322995408951048,1.0879758664774657,1.4992548547890239,1.2973813103235172,1.7613522851755659,0.5772716120372706,1.0518271695497934,0.66319260082795,0.6297888659496517,0.5713138336002362,1.1430023578613766,1.0955398747000467,0.0,0.0,1.0
1.321442756652544,0.81191634062175,0.5997990971991632,0.5752870657154847,-1.2284186926681067,-1.4856718529460389,1.631367067147665,1.4992548547890239,0.8019201096437324,0.6467289973227965,0.01766265762367881,1.4334529584275815,1.2961419140865722,0.7685948698782203,1.083909540948602,1.2007251945244612,1.1720423864085059,0.0,0.0,1.0
-0.1211065197177769,0.6928514361390251,0.32878151983443116,0.6851795329008686,-1.2284186926681067,-0.5322995408951048,0.36652427236731283,0.6858239400170884,0.5003350309690807,1.0867118741067843,1.166333669314735,0.7916277680422101,0.7145128154164871,1.0693412117234513,0.16238916818749569,0.7389425012197787,0.5600222927408313,1.0,0.0,0.0
-0.4817438388103572,-0.06689604960788285,-0.850942052223816,-0.9004117793453849,0.7188764608348364,0.10328200047218458,0.326614184182496,-0.1276069747548473,-0.35415602527576445,0.654062045269196,-0.2032356138553703,-0.7926974766928514,0.9882206265553505,-0.006405318722953492,-0.4711560880857649,0.45513855429294237,0.23488661797987914,1.0,0.0,0.0
0.49197692273960963,0.6758421640700646,0.44037699286696774,-0.18872722995432722,-0.5793203081671255,-0.5322995408951048,-0.16765690795254434,-0.5343224321408151,0.8378230952002385,1.0573796823211847,0.5625450606053337,0.5892504557585344,1.1706925006479263,0.8148635378544097,0.29485772177190456,0.5946354095620653,0.6939016882306349,0.0,0.0,1.0
-0.6259987664473895,-0.42409076305605686,-0.6596355270251814,-0.8794798808338832,0.06977807633385541,-0.8500903115787495,-0.5667577898007137,-0.5343224321408151,0.033596218734501075,-0.9885406947243578,-0.32841130102683064,-0.49780482165092377,-0.9562452817436585,-0.4980099159699666,-0.5057131020643065,-0.6127339239741371,-0.6257666387402885,1.0,0.0,0.0
-1.9783887130445656,-1.9265764624809125,-1.9828389929824042,-1.664426075015197,0.7188764608348364,1.3744450832067634,-1.4631997705673712,-1.7544688042987184,-1.668205296643889,-2.029833503113129,-1.3666331769783622,-1.5328202187588658,-1.7431552387678912,-1.6315922813866086,-1.738246600632286,-1.6517449839096738,-1.6155178839684814,1.0,0.0,0.0
-0.22929771544555094,-0.7245879029410279,0.057763942469698654,-0.7015587434861189,0.7188764608348364,0.7388635418394739,-0.18300694186978161,-0.5343224321408151,0.19156935518312823,-0.09390884526358242,-0.453586988198292,-0.9950747889765271,-1.401020474844312,-1.475435526966969,-0.9146377674770475,-1.8008623119559775,-0.7644274412118713,1.0,0.0,0.0
1.5558570140627213,1.1917900834952035,0.8017337626866108,-0.3875802658135934,-0.5793203081671255,-1.8034626236296836,0.326614184182496,0.2791084826311205,0.241833534962237,-0.46789429052997267,-0.09278647811584576,0.051505025976196134,0.5206364491931252,0.0572140997443067,0.893845964066624,0.96983384787212,0.0866630015447391,0.0,0.0,1.0
-1.52759206417884,-2.306450205354367,-1.6958792051844525,-1.664426075015197,2.0170732298367984,1.692235853890408,-0.8798984817123544,-1.7544688042987184,-1.7112888793116965,-1.3918583317763464,-2.7214759087165303,-2.2671607519024892,-2.4787449812035867,-1.5621892794223242,-1.697930084323988,-1.6036426200237692,-1.6442063258591537,0.0,1.0,0.0
0.7083593141951577,0.12587570050700386,0.7911056223977984,0.5020254209252288,-1.2284186926681067,-0.21450877021146011,0.9774556222733565,1.0925393974030562,0.7588365269759254,0.25807745616360755,0.18701799909095065,-0.023663690014883682,0.5890634019778412,1.0635576282264279,0.7268203965036731,0.19057555292046774,-0.0376535799815074,1.0,0.0,0.0
1.3034108906979154,0.602135318437902,1.168404602650661,0.5805200403433601,0.7188764608348364,0.42107277115582925,0.7625551474320345,0.6858239400170884,0.6870305558629132,0.34607403152040533,-0.6450321568134686,-0.22604100229855945,0.760130783939631,-0.7698383403300798,-0.04495291568375333,-0.24234572205267252,-0.2050028243437622,1.0,0.0,0.0
-1.0948272812677438,-1.1441499473087235,0.11090464391376384,0.36073510597259256,1.3679748453358174,1.3744450832067634,0.17004383822667588,-0.5343224321408151,-0.8927008086233569,-0.9665415508851586,-2.2428629871785906,-0.6539244625554738,-1.0702902030515182,-0.7351368393479376,-1.0471063210614564,-1.353510327817066,-1.0895631159728234,1.0,0.0,0.0
-0.1211065197177769,-0.9910664986880776,-0.4311305108157012,-0.7852863375321255,-1.2284186926681067,1.0566543125231187,0.010403485487408054,0.2791084826311205,-0.4116008021661751,-0.3652316192803751,-0.30632147387892594,-0.41107168781506276,-0.728155439127939,-0.3245024110592561,-0.7994477208819092,-0.0980386303949591,-0.19065860339842622,0.0,0.0,1.0
-0.9686042195853406,-1.342591454779931,-0.35673352879401,-0.3980462150693442,0.06977807633385541,0.7388635418394739,-1.0426088412350696,-0.9410378895267829,0.012054427400597601,-0.3652316192803751,-0.37259095532264114,-1.3651361600095342,-0.34040270668121586,-0.5963308354193694,-1.150777362997081,-0.26639690399562477,-0.8170229180114368,0.0,1.0,0.0
-0.26536144735480915,0.3073079359092508,0.12153278420257664,-0.790519312160001,1.3679748453358174,0.10328200047218458,0.6612449235782689,0.2791084826311205,-0.21054408304973998,-0.19657151651318,0.5993614391851753,-0.052574734626837365,-0.5741947953623285,0.9363187912919066,0.05295862392211397,0.10880153431443,0.1631655132531985,0.0,1.0,0.0
1.195219694970141,0.8289256126907105,1.5616457933367436,0.7898390254583771,-1.8775170771690877,-1.1678810822623942,0.29284410956457413,1.0925393974030562,-0.2967112483853549,0.7200594767867945,0.010299381907710925,1.046044960627403,-0.36321169094278777,-0.07002473719021408,-0.06799092500278091,0.9073007748204444,0.4835197810323718,0.0,1.0,0.0
2.096812992701592,1.4129106203916921,1.572273933625556,0.5072583955531043,-1.8775170771690877,-1.4856718529460389,0.5906347675589771,1.4992548547890239,0.9957962316488657,1.0207144425891856,0.702447299208732,1.2079468104543434,1.9861136879991237,0.9941546262621436,1.5389102249993978,1.1333818850841955,0.5887107346315036,1.0,0.0,0.0
-0.319457045218696,-0.1802911967342871,0.2118719766574876,1.4753587017100578,1.3679748453358174,-0.21450877021146011,0.6581749167948217,0.2791084826311205,-0.12437691771412608,-1.2011990851699523,-1.197277835511091,-0.5845379554867848,-0.30048698422346476,0.33482610760144416,-0.2868520135335439,-0.7089386517459461,-0.41060332456024656,1.0,0.0,0.0
-1.455464600360324,-1.025085042825999,-0.7765450702021248,-0.25152292548883226,0.06977807633385541,1.0566543125231187,-0.017226575563619232,-0.5343224321408151,-0.6341993126165126,-0.8052144960643629,-0.13696613241165517,-0.0005348543253208209,0.4864229728007676,-0.6425995033955586,-0.5517891207023621,-0.6704567606372223,-0.36757066172423825,1.0,0.0,0.0
0.13133960364702937,-0.021537990757321317,0.2543845378127396,0.031057704416440582,0.7188764608348364,0.10328200047218458,0.2406539942459673,-0.5343224321408151,-1.3235366353014304,0.6247298534835973,-0.15169268384359197,-0.538280284107659,-1.0474812187899465,-0.24353224210092458,-1.13349885600781,-0.9831221258956016,-0.1571887545259751,1.0,0.0,0.0
1.9345261991099307,1.4129106203916921,2.071796527199769,2.595215272075399,-0.5793203081671255,-1.4856718529460389,2.088798077881336,1.4992548547890239,1.7353977341128917,1.783351429014765,1.777485553740104,2.0926247755801257,2.0830518711108046,1.965796653762122,2.080303443996548,1.8982094708700763,1.4589268053152284,0.0,0.0,1.0
-0.3374889111733253,-0.1802911967342871,-0.09103002157368409,-0.35618241804634077,-0.5793203081671255,-0.5322995408951048,-0.36106733530973445,-0.1276069747548473,-0.14591870904802956,-1.3331939482051485,-0.40204405818651373,-0.45154715027179804,0.10437248641943714,-0.1278605721604509,0.0241611122733294,-0.24715595844126304,0.014941896818058464,1.0,0.0,0.0
-0.42764824094647036,-0.3163653732859725,-1.3610927860868418,-0.2881537478839602,-0.5793203081671255,-0.21450877021146011,-1.1469890718722833,-0.9410378895267829,-0.8424366288442486,-0.30656723570917693,-1.1899145597951224,-0.6539244625554738,-0.4601498740544687,-0.18569640713068775,0.289098219442148,-0.08360792122918789,-0.07590483583573694,1.0,0.0,0.0
0.7083593141951577,0.2449406049897288,0.3447237302676506,0.8160038985977542,-0.5793203081671255,0.7388635418394739,-0.6342979390365578,-0.5343224321408151,-0.576754535726103,-1.2965287084731494,-0.22532544100327503,-0.8100441034600239,0.6917038311549148,-0.21461432461580618,-0.21773798557646076,-0.04031579373187393,0.5504594787772736,1.0,0.0,0.0
-0.39158450903721215,-0.5204766381134998,-0.17605514388418808,-1.3609135465984223,1.3679748453358174,1.3744450832067634,0.5568646929410552,-0.1276069747548473,-0.662921701061718,-0.17457237267398082,-0.4388604367663552,-0.7464398053137257,-0.8536048525665849,-0.16834565663961645,-1.0067898047531583,-0.7666614884090313,-0.5540455340136078,1.0,0.0,0.0
-0.15717025162703513,-0.6452112999525447,-0.9731656655451658,-1.3138167749475436,2.0170732298367984,0.7388635418394739,-0.4715875795138427,-0.9410378895267829,-1.0865769306284896,-0.7758823042787643,-1.9704217856877628,-1.4229582492334416,-0.5970037796239004,-0.08737548768128497,-0.18894047392767618,-0.5598213236996421,-0.5970781968496165,1.0,0.0,0.0
-0.46371197285572824,-0.5318161528261404,-1.1644721907438005,-0.5707343777892332,0.06977807633385541,0.42107277115582925,0.1577638110928859,-0.1276069747548473,1.1537693680974928,0.8813865316075903,-0.9469264611681687,0.09198048843293144,-0.6654307324086164,-0.764054756833056,-0.33292803217159905,0.07994011598288725,0.019723303799837243,0.0,1.0,0.0
0.5641043865581254,1.2881759585526473,-0.04851746041843171,0.0676885268115687,0.06977807633385541,1.0566543125231187,0.4125743741190247,-0.1276069747548473,-0.05975154371241465,0.05275211366441349,-0.10751302954778152,0.03994060813141449,0.5377431873893048,0.6702739504288177,0.08751563790065595,0.027027515708392603,0.756059978993758,1.0,0.0,0.0
-1.7079107237251303,-2.1590365140900416,-1.5630274515742895,-1.664426075015197,2.0170732298367984,1.0566543125231187,-0.3088772199911276,-1.3477533469127507,-1.0219515566267787,-2.242491893558723,-0.8217507739967073,-1.7178509042753691,-0.9961610042014096,-0.39390541302354043,-1.7785631169405847,-1.4593355283660556,-1.4146987907337756,0.0,1.0,0.0
-0.2473295814001802,-0.43543027776869664,0.03119359174766606,-0.952741525624139,-0.5793203081671255,0.42107277115582925,0.4893245437052111,0.2791084826311205,0.30645890896394745,-0.29923418776277755,-0.2032356138553703,-1.3535717421647528,0.12147922461561594,0.6818411174228651,-0.44235857643698034,-0.300068558715758,-1.094344522954602,0.0,1.0,0.0
-0.6079669004927605,-0.8833411089179937,-0.26639433633909904,-0.19396020458220253,1.3679748453358174,1.692235853890408,0.42792440803626197,-0.1276069747548473,-0.22490527727234264,-0.3798977151731749,-0.47567681534619677,-0.20869437553138698,0.42940051214683767,-0.6773010043777008,-0.4941940974047929,-0.05955673928623565,-0.24325408019799175,1.0,0.0,0.0
-2.0865799087723396,-2.1363574846647606,-2.0891203958705344,-0.8951788047175095,2.0170732298367984,0.42107277115582925,-1.3680295602805002,-1.7544688042987184,-1.4743291746387561,-2.308489325076321,-0.4314971610503873,-2.3712405125055227,-2.381806798091906,-1.7183460338419638,-1.830398637908397,-1.8104827847331584,-2.2705706404721644,1.0,0.0,0.0
1.321442756652544,1.4129106203916921,1.173718672795067,0.8474017463650069,-0.5793203081671255,-1.1678810822623942,1.2752462802677602,1.4992548547890239,1.4481738496608427,1.152709305624383,0.8644393649600338,1.306244362134986,1.4786137881791481,1.451057722527015,1.1357450619164138,0.7581834467741407,0.708245909175971,0.0,1.0,0.0
0.5280406546488675,0.9763393039550357,0.44037699286696774,1.6794447121971994,0.7188764608348364,-0.21450877021146011,-0.4040474302779986,-0.1276069747548473,0.6798499587516114,0.08941735339641248,0.4079162705699998,0.32905105425095127,1.393080097198253,1.2949009681073753,0.30061722410166114,0.36855429929831407,0.8947207814653408,0.0,1.0,0.0
0.8165505099229321,1.4129106203916921,0.817675973119831,1.6218819912905695,-1.8775170771690877,-1.4856718529460389,1.2322661852994956,1.4992548547890239,0.48597383674647804,0.16274783286041042,0.4300060977179045,1.288897735367813,1.204905977040284,1.0577740447294046,1.3085301318091211,2.076188217247923,0.7704041999390947,0.0,1.0,0.0
-1.419400868451066,-1.563711991676419,-1.3345224353648093,-1.4394081660165536,0.06977807633385541,0.7388635418394739,-1.1592690990060732,-0.9410378895267829,-1.0578545421832848,-1.2305312769555514,-0.9542897368841371,-0.364814016435937,-0.8422003604357987,-0.8276741753003166,-1.0240683117424287,-0.8243843250721167,-0.8552741738656667,1.0,0.0,0.0
0.5100087886942386,0.3186474506218914,-0.3301631780719774,-0.7015587434861189,0.06977807633385541,0.10328200047218458,1.0971858868278075,0.2791084826311205,-0.6126575212826092,0.5733985178587986,-0.6229423296655628,0.03994060813141449,-0.35750944487739467,-0.24353224210092458,0.3985287637075288,0.45032831790435185,0.38311023441501885,1.0,0.0,0.0
-0.5899350345381312,0.2449406049897288,0.5466583957550981,0.9311293404110138,0.06977807633385541,0.7388635418394739,-0.46544756594694775,-0.1276069747548473,0.737294735642021,0.11874954518201103,0.312193686262411,0.23653571149269983,-0.351807198812002,-0.42282333050865883,-0.4020420601286822,0.48881020901307526,-0.028090766017949846,0.0,1.0,0.0
0.22149893342017443,0.19391278878284657,1.0514950594737174,1.156147249409657,-0.5793203081671255,-0.5322995408951048,0.326614184182496,0.2791084826311205,1.1968529507652999,0.5953976616979978,0.4373693734338724,1.5375327190306154,0.1842039313349393,0.4273634435538227,-0.12558594830035005,0.8928700656546731,0.7130273161577501,1.0,0.0,0.0
0.6722955822858998,0.7155304655643062,0.7326508508093262,0.08862042532307032,-0.5793203081671255,-2.121253394313328,-0.8737584681454593,-0.1276069747548473,0.8737260807567446,-0.5192256261547714,-0.9837428397480101,-0.017881481092492865,0.09296799428865099,0.21915443766097048,0.12207265187919711,-0.4203244684305192,0.7130273161577501,0.0,1.0,0.0
-0.3374889111733253,-0.3730629468491746,-0.18136921402859468,0.2665415626708347,-1.2284186926681067,-0.21450877021146011,-0.032576609480856514,0.2791084826311205,-0.7347276721747302,0.5294002301804003,-0.29895819816295804,-0.38216064320310905,0.16139494707336702,-0.19726357412473486,0.8996054663963806,-1.0023630714499632,0.06275596663584555,1.0,0.0,0.0
1.3575064885618024,1.4129106203916921,1.3862814785713278,1.7945701540104584,-1.2284186926681067,-1.1678810822623942,0.3174041638321537,1.4992548547890239,0.9742544403149622,1.6953548536579672,1.387231940793784,1.236857855066297,1.244821699498035,2.1046026576906907,1.2336566015222814,1.8645378161499435,2.4008639807256342,0.0,1.0,0.0
0.0772440057831422,-0.1746214393779672,0.227814187090707,-0.7643544390206239,-1.2284186926681067,-0.5322995408951048,0.9406155408719873,1.4992548547890239,1.232755936321806,0.8740534836611898,1.5639505579770228,1.132778094463264,0.3153555908389779,0.9305352077948833,1.3258086387983925,1.2969299222962702,1.0572886188458173,1.0,0.0,0.0
-0.2833933133094381,-0.7756157191479097,-0.48958528240417293,-0.4137451389529705,0.7188764608348364,0.10328200047218458,-0.6097378847689783,-0.9410378895267829,-1.158382901741502,0.37540622330600387,0.010299381907710925,-0.41107168781506276,-0.43734088979289687,-0.3302859945562798,0.05871812625187138,-0.9831221258956016,-0.05677920790862217,0.0,1.0,0.0
0.9067098396960771,0.2676196344150092,0.08964836333613783,0.6642476343893671,-1.2284186926681067,-0.8500903115787495,-1.0548888683688595,-0.1276069747548473,0.04077681584580291,0.3827392712524043,0.29010385911450626,1.0518271695497934,0.018838795438542295,1.1618785476758307,0.06447762858162796,-0.016264611788921697,0.36876601346968285,0.0,1.0,0.0
-1.8521656513621625,-1.7281349550097052,-1.9084420109607132,-1.664426075015197,-0.5793203081671255,1.692235853890408,-2.829352789201489,-2.1611842616846864,-1.3881620093031413,-1.1132025098131546,-0.8585671525765488,-1.01820362466609,-0.30618923028885786,-1.3539802735294715,-0.7764097115628816,-1.709467820572759,-0.9269952785923473,0.0,0.0,1.0
-2.0865799087723396,-2.4481941392623723,-1.844673169227835,-1.664426075015197,2.6661716143377796,2.6456081659413417,-1.245229288942602,-2.1611842616846864,-0.8137142403990433,-1.4945210030259442,-2.021964715699541,-2.5620534069444165,-1.6005990871330666,-2.6784208943478953,-2.5215389174792264,-2.4358135152499165,-1.8593696400391955,0.0,0.0,1.0
-0.6259987664473895,-0.3900722189181351,-0.11760037229571668,-0.7015587434861189,0.06977807633385541,-0.21450877021146011,-0.3303672674752599,-0.1276069747548473,-1.4097038006370448,-0.01324531785318509,0.39318971913806294,-0.6365778357883017,-0.026779173084601458,-0.19726357412473486,-0.9031187628175336,0.5465330456761608,-1.6442063258591537,1.0,0.0,0.0
-0.6440306324020184,-1.3822797562741722,-0.8828264730902552,-0.518404631510479,0.7188764608348364,0.7388635418394739,-0.4316774913290259,-0.9410378895267829,-0.9214231970685617,-0.8712119275819614,-1.6832540327649992,-0.1797833309194333,-0.317593722419644,-0.5847636684253218,-1.3581194468683302,-1.1755315814392193,-1.290382209207529,0.0,0.0,1.0
-1.0226998174492277,-0.8833411089179937,-0.8403139119350028,-0.8742469062060078,0.06977807633385541,0.10328200047218458,0.10557369577427904,-0.1276069747548473,-0.7131858808408258,-0.8492127837427622,0.09865869049933079,0.2654467561046535,0.04164777970011458,-0.15677848964556934,-0.36172554382038363,0.38779524485267614,-0.7309575923394201,1.0,0.0,0.0
-1.0587635493584857,-0.6111927558146237,-0.6596355270251814,-1.3242827242032944,0.7188764608348364,0.7388635418394739,-0.2505470911056258,-0.1276069747548473,0.06231860717970638,-0.4972264823155712,0.9012557435398754,0.011029563519460816,-0.6540262402778303,-0.23774865860390082,-0.3905230554691682,-1.4352843464231035,-0.6448922666674035,1.0,0.0,0.0
-0.4997757047649862,-0.4297605204123767,-0.3142209676387576,-0.016039067234438164,-0.5793203081671255,0.7388635418394739,-0.9136685563302767,-0.5343224321408151,0.012054427400597601,-0.5192256261547714,-0.6229423296655628,0.2943578007166072,-0.4202341515967176,0.06299768324133087,0.05295862392211397,0.13285271625738224,-0.30063096397933636,0.0,1.0,0.0
-0.22929771544555094,0.6474933772884636,0.24375639752392642,0.7218103552959968,0.06977807633385541,-1.1678810822623942,0.2713540620804419,-0.1276069747548473,0.4141678656334658,0.00875382598601409,1.1884234964626397,0.34061547209573295,-0.0952061258693175,0.005161848271094038,0.29485772177190456,0.2338676804177817,0.5887107346315036,0.0,0.0,1.0
-0.17520211758166407,1.1521017820009627,1.7263819678133454,1.538154397244563,-0.5793203081671255,-2.121253394313328,0.1301337500418586,0.2791084826311205,1.7353977341128917,1.5413608467835718,1.777485553740104,1.5548793457977874,0.6574903547625572,1.7344533138811749,1.1069475502676291,1.3402220497935846,1.9131604685842056,1.0,0.0,0.0
-0.2833933133094381,0.3073079359092508,0.21718604680189382,0.2613085880429592,-0.5793203081671255,0.10328200047218458,-0.25668710467252076,0.2791084826311205,0.4931544338577799,1.0133813946427863,0.38582644342209405,-0.3705962253583278,0.6688948468933434,0.20180368716989877,0.07023713091138455,-0.04031579373187393,0.6317433974675118,1.0,0.0,0.0
0.13133960364702937,0.1088664284380434,0.19061569607986123,-0.026505016490188976,0.06977807633385541,0.10328200047218458,-0.07555670444912065,-0.1276069747548473,-1.2086470815206107,-0.3505655233875753,-0.2547785438671476,-0.4399827324270164,0.4579117424738026,-0.4112561635146113,0.5367568196216951,0.5272921001217991,-0.15240734754419635,1.0,0.0,0.0
-0.6800943643112763,-0.03854726282628179,0.6529397986432285,-0.13116450904769747,0.7188764608348364,0.10328200047218458,0.615194821826557,-0.1276069747548473,-0.576754535726103,0.08941735339641248,-0.2032356138553703,-0.5845379554867848,-0.220655539307963,0.04564693275025999,0.7095418895144026,-0.32411974065871024,-0.29106815001577885,0.0,0.0,1.0
0.726391180149787,1.055715906943519,1.2162312339503198,1.3079035136180441,-1.8775170771690877,-1.1678810822623942,0.6029147946927671,1.4992548547890239,0.33518129740915276,1.1233771138387834,1.777485553740104,1.4334529584275815,1.88347325882205,1.5782965594615361,0.8247319361095409,0.9313519567633965,1.2150750492445144,1.0,0.0,0.0
0.9608054375599636,0.602135318437902,0.9611558670188064,0.44969567464647453,-1.2284186926681067,0.42107277115582925,0.9682456019230146,1.4992548547890239,-0.61983811839391,0.28740964794920615,0.5478185091733969,1.0055694981706675,0.5947656480432347,0.4678485280329887,0.65770636854659,1.4316165411768034,0.6891202812488565,1.0,0.0,0.0
-1.2931778067686628,-1.643088594664902,-1.323894295075996,-0.9632074748798901,0.06977807633385541,-0.8500903115787495,-0.9013885291964866,-0.9410378895267829,-1.7759142533134074,-1.6191828181147403,-2.051417818563414,-1.56751347229321,-0.6483239942124372,-1.5217041949431587,-1.0701443303804843,-1.3487000914284755,-2.2992590823628367,1.0,0.0,0.0
1.2132515609247703,1.4129106203916921,1.301256356260824,1.4387278793149296,0.06977807633385541,-0.21450877021146011,2.1379181864164956,1.4992548547890239,1.3835484756591312,1.152709305624383,0.3490100648422525,0.8667964840332896,1.9690069498029448,1.7460204808752224,1.5504292296589117,0.8591984109345399,0.28748209477944464,1.0,0.0,0.0
-0.2833933133094381,-0.07823556432052343,-0.18136921402859468,-0.5393365300219806,-1.8775170771690877,-1.1678810822623942,-0.37948737601041904,0.2791084826311205,-0.41878139927747593,-0.9958737426707577,-1.0058326668959148,-0.364814016435937,-0.4259363976621107,-0.10472623817235627,-0.8973592604877769,-0.025885084566102386,0.16794692023497695,1.0,0.0,0.0
1.8263350033821566,1.4129106203916921,1.2481156548167587,1.2346418688277883,-0.5793203081671255,-0.8500903115787495,0.27442406886388915,0.6858239400170884,1.2902007132122155,0.5953976616979978,0.7392636777885735,1.2426400639886874,1.6040632016177931,0.4851992785240596,0.9053649687261371,0.5128613909560276,1.6645273055317127,0.0,0.0,1.0
2.3492591160663983,1.4129106203916921,0.7539071313869526,1.946326418218846,-1.8775170771690877,0.10328200047218458,0.8454453305851164,1.4992548547890239,1.7353977341128917,1.783351429014765,1.777485553740104,1.8960296722188403,2.0830518711108046,1.4452741390299906,1.9535943927418957,2.3551819277861687,1.9227232825477631,0.0,1.0,0.0
-0.13913838567240586,-0.8776713515616734,-0.0591456007072449,-0.7434225405091222,0.06977807633385541,-0.21450877021146011,-1.420219675599107,-0.9410378895267829,-1.215827678631912,-0.9665415508851586,-0.46095026391426097,-0.717528760701772,-0.9790542660052308,-1.6258086978895847,-0.6036246416701743,-0.8340047978492977,-0.7213947783758626,1.0,0.0,0.0
0.36575386105720636,-0.4581093071939778,-0.45238679139332716,-0.32478457027908814,0.06977807633385541,-0.21450877021146011,-0.37948737601041904,-0.5343224321408151,-0.662921701061718,-0.7098848727611657,-0.10014975383181364,-0.9661637443645734,0.37808029755830047,-0.7987562578151982,-0.9952708000936442,-0.2808276131613963,-0.3054123709611152,1.0,0.0,0.0
-0.46371197285572824,-0.6508810573088649,-0.053831530562838306,0.2665415626708347,0.06977807633385541,-0.21450877021146011,0.09329366864048946,-0.1276069747548473,0.8737260807567446,-0.6292213453507683,0.5478185091733969,-0.520933657340487,0.42940051214683767,-0.012188902219977258,-0.684257674286771,-0.3914630500989765,-0.7596460342300925,0.0,0.0,1.0
0.3296901291479485,0.0351595828058808,0.2968970989679916,0.6066849134827372,-0.5793203081671255,0.7388635418394739,-1.414079662032212,-0.9410378895267829,-0.47622617616788554,0.28740964794920615,0.20174455052288642,-0.06992136139400941,-0.08380163373853135,0.23072160465501718,0.9572004896939498,-0.37703234093320526,0.08188159456296032,1.0,0.0,0.0
0.18543520151091622,-0.49779760868821943,-0.07508781114046431,-0.727723616625496,0.7188764608348364,0.10328200047218458,-0.4286074845455782,-0.5343224321408151,0.31363950607524926,0.1407486890212102,0.2827405833985384,-0.7059643428569904,-0.36321169094278777,-0.4459576644967535,-0.9146377674770475,-0.6127339239741371,-0.9748093484101344,0.0,0.0,1.0
-1.1489228791316308,-0.7812854765042301,-1.4461179083973463,-0.42421108820872133,-0.5793203081671255,0.42107277115582925,-1.9851009237534387,-1.3477533469127507,-0.3900590108322706,-1.0765372700811555,-0.5124931939260383,-0.734875387468944,-0.26627350783110715,-1.2845772715651875,-0.9722327907746167,-0.025885084566102386,-0.2815053360522216,1.0,0.0,0.0
-0.40961637499184106,-0.7472669323663087,-0.6596355270251814,-0.9056447539732604,0.7188764608348364,1.0566543125231187,0.007333478703960335,-0.5343224321408151,-0.5480321472808978,-1.0985364139203546,-1.1162818026354395,-0.7695686410032885,0.44650725034301647,0.1208335182115677,0.289098219442148,0.027027515708392603,-0.09024905678107327,1.0,0.0,0.0
-0.4997757047649862,-0.571504454320382,-0.1229144424401229,-1.172526459994907,0.06977807633385541,0.7388635418394739,-0.28124715894010033,-0.1276069747548473,-1.1871052901867072,-1.2598634687411505,-0.6965750868252459,-1.1107189674243418,-0.9904587581360166,-0.7871890908211507,-1.1738153723161087,-0.8291945614607072,-1.0847817089910445,0.0,0.0,1.0
-0.048979055899260784,-0.41275124834341625,0.8973870252859287,0.18804694325270332,2.0170732298367984,1.0566543125231187,1.462516694058055,0.6858239400170884,-0.12437691771412608,-0.7245509686539655,0.3048304105464431,0.09198048843293144,-0.07809938767313827,-0.8508085092884113,-0.16014296227889163,-0.001833902623150149,0.21576099005276403,1.0,0.0,0.0
-0.9325404876760826,-1.4616563592626555,-1.30263801449837,-1.5231357600625606,1.3679748453358174,1.0566543125231187,-2.0557110797727303,-2.1611842616846864,-1.8046366417586122,-0.3872307631195743,-1.5728048970254744,-0.9141238640630569,-1.0816946951823045,-1.0416667646901927,-1.3638789491980867,-0.6367851059170894,-1.902402302875204,0.0,0.0,1.0
0.8706461077868186,0.7552187670585478,0.9133292357191481,0.674713583645118,-0.5793203081671255,-0.21450877021146011,1.8401275284220924,1.4992548547890239,-0.6988246866182241,0.46340279866280165,1.0558845335752103,0.8957075286452433,0.9140914277052418,0.1844529366788279,0.5425163219514517,0.38779524485267614,0.8325624907022178,1.0,0.0,0.0
0.9968691694692222,1.4129106203916921,1.5031910217482713,1.1456813001539061,-1.2284186926681067,-0.8500903115787495,1.7756573859696951,1.4992548547890239,0.9096290663132508,1.2260397850883809,1.239966426474418,1.7052167777799463,2.0830518711108046,1.8559085673186726,1.4409986853935308,1.378703940902308,1.5402107240054665,0.0,1.0,0.0
-0.15717025162703513,0.5284284728057395,0.03119359174766606,-0.13116450904769747,0.7188764608348364,0.42107277115582925,0.7564151338651399,0.2791084826311205,-0.2536276657175479,-0.9958737426707577,0.3269202376943478,0.42734860593159396,-1.2584643232094872,0.167102186187757,1.0263145176510329,0.7870448651056832,0.010160489836279688,1.0,0.0,0.0
1.2673471587886573,1.4129106203916921,1.040866919184904,0.5857530149712357,-0.5793203081671255,-0.8500903115787495,1.8892476369572515,1.4992548547890239,0.8091007067550332,0.6760611891083962,0.6729941963448584,1.479710629806708,1.0167318568823154,1.8674757343127202,0.254541205463606,1.4893393778398882,1.7697182591308445,0.0,0.0,1.0
1.2853790247432861,1.4129106203916921,1.5085050918926783,1.3236024375016706,-0.5793203081671255,-1.8034626236296836,0.6428248828775844,1.0925393974030562,1.7353977341128917,0.617396805537197,-0.004427169524225893,0.43313081485398436,1.0281363490131015,0.9594531252800017,0.6231493545680489,1.1959149581358712,0.8038740488115451,0.0,0.0,1.0
0.7624549120590449,0.6191445905068624,-0.10165816186249689,0.5334232686924815,-1.2284186926681067,-0.8500903115787495,-0.5268477016158969,-0.1276069747548473,0.9957962316488657,0.6613950932155963,0.3269202376943478,1.0229161249378396,0.674597092958736,0.7049754514109594,1.3546061504471771,1.3546527589593558,-0.2528168941615493,1.0,0.0,0.0
0.25756266532943234,0.2449406049897288,0.2968970989679916,-0.08406773739681872,-1.2284186926681067,0.10328200047218458,1.0756958393436755,1.0925393974030562,0.28491711763004396,1.7393531413363665,1.1147907393029566,0.19606024903596453,0.8171532445935608,0.5835201979734623,1.0551120292998175,0.05107869765134484,1.4398011773881139,1.0,0.0,0.0
1.8443668693367858,1.4129106203916921,1.0196106386072785,1.1142834523866536,-1.8775170771690877,-1.8034626236296836,1.1002558936112548,1.4992548547890239,1.4553544467721435,1.0500466343747854,1.777485553740104,2.0926247755801257,1.9975181801299098,2.1046026576906907,2.080303443996548,1.311360631462042,1.6023690147685896,1.0,0.0,0.0
-0.7702536940844213,-0.41842100569973617,-0.7924872806353442,-0.7067917181139942,0.7188764608348364,1.0566543125231187,-1.3987296281149748,-1.3477533469127507,0.32800070029785194,0.0014207780396147103,-0.5198564696420072,-1.0124214157436997,-0.5228745807737917,0.1208335182115677,-0.16014296227889163,-0.7810921975748027,0.42136149026924874,0.0,1.0,0.0
1.7001119416997534,1.4129106203916921,1.8698618617123215,1.7841042047547082,-0.5793203081671255,-2.121253394313328,1.3366464159367093,1.4992548547890239,0.8019201096437324,1.783351429014765,0.776080056368415,0.8205388126541638,0.703108323285701,1.3064681351014227,1.3488466481174197,1.3498425225707655,1.4015499215338838,0.0,1.0,0.0
-2.0865799087723396,-1.5523724769637786,-1.0688189281444833,-1.664426075015197,0.7188764608348364,1.692235853890408,-0.6496479729537952,-0.5343224321408151,-1.3307172324127317,-1.3625261399907476,-1.0058326668959148,-0.19134774876421495,-0.9619475278090516,-0.9838309297199559,-0.8743212511687489,-1.3246489094855232,-1.0178420112461428,1.0,0.0,0.0
0.023148407919255022,0.4887401713114978,0.8336181835530504,1.0357888329685223,-1.2284186926681067,-0.8500903115787495,0.5169546047562384,0.2791084826311205,1.2183947420992032,0.46340279866280165,0.930708846403749,0.5025173219226734,-0.859307098631978,0.9305352077948833,-0.2810925112037869,0.2482983895835529,1.253326305098744,1.0,0.0,0.0
-1.0226998174492277,-0.18596095409060778,0.5626006061883175,-0.03697096574593979,-1.2284186926681067,-0.8500903115787495,-0.2321270504049412,0.2791084826311205,0.2346529378509352,0.24341136027080776,0.695084023492763,0.1844958311911829,0.19560842346572546,-0.7062189218628192,1.0435930246403033,-0.10284886678354961,-0.013746545072613857,1.0,0.0,0.0
-2.0865799087723396,-1.5580422343200988,-1.1219596295885486,-1.1672934853670316,0.7188764608348364,1.0566543125231187,-1.764060435345222,-1.7544688042987184,-1.2732724555223216,-1.1938660372235523,-0.6376688810974996,-1.2205809369497658,-0.8422003604357987,-1.1399876841395955,-0.8512832418497214,-0.38665281371038596,-1.1373771857906105,1.0,0.0,0.0
0.09527587173777115,-0.27667707179173084,-0.18136921402859468,-0.7329565912533713,0.06977807633385541,0.10328200047218458,-0.35799732852628674,-0.5343224321408151,0.8952678720906481,1.4753634152659734,-0.5566728482218487,0.2249712936479182,0.39518703575448005,0.0572140997443067,0.9744789966832204,0.12804247986879172,0.2540122459069939,0.0,1.0,0.0
-0.21126584949092198,0.22793133292076753,-0.1282285125845295,0.2665415626708347,0.7188764608348364,1.3744450832067634,0.7410650999479026,0.2791084826311205,0.15566636962662211,-0.7172179207075651,0.5404552334574291,-0.8678661926839312,-0.220655539307963,0.26542310563715976,-0.8224857302009368,0.3589338265211334,-0.3293194058700087,1.0,0.0,0.0
0.41984945892109354,0.5567772595873405,0.4775754838778135,1.3706992091525494,0.06977807633385541,-0.5322995408951048,-0.21370700970425618,-0.1276069747548473,0.572141002082093,0.4194045109844033,0.9601619492676227,-0.27808088260007596,0.34386682116594286,0.45049777754191783,-0.004636399375455174,0.623496827893608,-0.24803548717977053,1.0,0.0,0.0
0.22149893342017443,0.9423207598171147,1.035552849040498,1.6323479405463206,-0.5793203081671255,-0.21450877021146011,0.7901852084830617,0.6858239400170884,1.4122708641043364,0.07475125750361267,1.7038527965804209,0.5545572022241904,0.45220949640840996,0.26542310563715976,0.1508701635279817,0.5224818637332086,1.2007308282991784,1.0,0.0,0.0
-0.8784448898121956,-0.9343689251248756,-0.8987686835234746,-0.35618241804634077,0.06977807633385541,0.42107277115582925,-0.7233281357565342,-0.5343224321408151,-1.1727440959641047,-0.41656295490517387,-1.2046411112270594,-0.7290931785465532,-0.9220318053513009,-0.6888681713717479,-1.093182339699512,-0.5213394325909186,-0.6114224177949524,1.0,0.0,0.0
-0.19323398353629304,0.12587570050700386,-1.1538440504549878,-0.18872722995432722,-0.5793203081671255,1.0566543125231187,-1.358819539930158,-0.5343224321408151,0.4644320454125746,-0.19657151651318,-0.49040336677813356,-0.20291216660899658,0.26403537625044066,0.3116917736133491,-0.24653549722524534,0.5561535184533418,0.46439415310525706,1.0,0.0,0.0
-0.3735526430825832,-0.7926249912168702,-0.19731142446181446,-0.8428490584387552,0.06977807633385541,0.10328200047218458,0.27749407564733686,-0.1276069747548473,0.20593054940573088,0.13341564107481083,-1.0426490454757564,-0.3532495985911554,-1.3268912759942029,0.03986334925323581,-1.0183088094126718,-0.2086740673325396,-0.7309575923394201,1.0,0.0,0.0
0.0051165419646260705,0.8005768259091094,0.5147739748886593,-0.13639748367557297,-0.5793203081671255,0.10328200047218458,-0.9658586716488831,-0.5343224321408151,0.6654887645290087,0.06741820955721226,-0.03388027238809848,-0.6828355071674275,-0.5855992874931143,-0.5963308354193694,-0.5690676276916327,-0.14133075789227306,0.26357505987055113,1.0,0.0,0.0
0.2755945312840613,-0.51480688075718,-0.8775124029458486,-1.062633992809523,0.06977807633385541,0.10328200047218458,-1.3557495331467102,-0.9410378895267829,-0.09565452926892078,-0.4092299069587745,-0.7702078439849289,-0.9314704908302289,-0.4943633504468267,-0.7698383403300798,-1.2486889026029484,-1.0071733078385536,-0.9509023135012409,0.0,1.0,0.0
-0.012915323990002881,-0.43543027776869664,0.3447237302676506,0.6799465582729931,-1.2284186926681067,-0.21450877021146011,0.8546553509354582,0.6858239400170884,0.5649604049707921,-0.511892578208371,-0.2105988895713382,1.7399100313142912,0.09296799428865099,-0.017972485717001024,0.07023713091138455,0.4936204454016658,-0.04721639394506495,1.0,0.0,0.0
2.078781126746963,1.4129106203916921,1.6626131260804669,1.611416042034819,-1.8775170771690877,-1.1678810822623942,1.032715744375411,1.4992548547890239,1.4050902669930356,1.1673754015171816,1.0485212578592413,1.3120265710573764,1.370271112936681,0.9074008738067882,0.9802384990129778,1.4941496142284791,1.1433539445178338,1.0,0.0,0.0
0.22149893342017443,1.1861203261388837,1.7742085991130043,1.4648927524543067,-0.5793203081671255,-0.8500903115787495,1.1585860224967566,1.0925393974030562,1.6061469861094697,1.2333728330347802,0.7392636777885735,1.6127014350216948,0.8798779513128842,0.9710202922740493,1.8038473321682162,0.979454320649301,1.5210850960783515,0.0,1.0,0.0
-0.06701092185389006,-0.3277048879986131,-0.872198332801442,-0.2619888747445831,2.0170732298367984,-0.5322995408951048,-0.5421977355331341,-1.7544688042987184,-0.11001572349152343,-0.3798977151731749,-0.6744852596773412,-0.7580042231585069,-0.4487453819236826,-0.578980084928298,-0.7764097115628816,-0.603113451196956,-1.9454349657112122,1.0,0.0,0.0
0.7624549120590449,1.027367120161918,0.5997990971991632,0.6380827612499899,-1.2284186926681067,0.10328200047218458,-0.20756699613736163,0.2791084826311205,1.4840768352173488,0.31674183973480574,0.5036388548775875,0.4909529040778917,0.23552414592347573,0.780162036872267,1.250935108511552,0.7100810828882362,0.961660479210243,0.0,0.0,1.0
0.1133077376924001,1.4129106203916921,-0.053831530562838306,0.48109352241372716,-0.5793203081671255,-1.4856718529460389,0.5630047065079498,0.2791084826311205,1.2902007132122155,1.4386981755339743,-0.21796216528730608,0.6297259182152697,1.7523215993180115,1.3990054710538014,0.7613774104822143,0.3541235901325429,0.7178087231395285,1.0,0.0,0.0
-1.34727340463255,-0.6678903293778258,-1.2069847518990529,-0.04743691500169078,1.3679748453358174,1.0566543125231187,-0.7601682171579038,-1.3477533469127507,-1.0434933479606827,-0.4312290507979737,-0.7333914654050874,-0.48624040380614253,-0.7167509469971532,-0.5037934994669904,-0.885840255828263,-0.8291945614607072,-0.4536359873962552,1.0,0.0,0.0
-0.44568010690109927,-1.263214851791448,-0.9093968238122878,-0.6544619718352399,0.06977807633385541,0.7388635418394739,-0.09090673836635793,-0.1276069747548473,-0.6988246866182241,1.5926921824083706,-0.11487630526375046,-0.8273907302271959,-0.865009344697371,-0.619465169407464,-0.5690676276916327,-0.18462288538958735,0.3735474204514616,0.0,1.0,0.0
0.22149893342017443,-0.06122629225156296,-0.399246089949262,0.0729215014394442,0.7188764608348364,-0.21450877021146011,0.5783547404251871,0.6858239400170884,-0.18182169460453568,0.6760611891083962,0.7687167806524461,0.045722817053804904,0.6460858626317711,0.3868783590746568,0.5885923405895068,0.36374406290972394,0.3448589785607893,0.0,0.0,1.0
-0.17520211758166407,0.7382094949895867,0.6369975882100091,1.3706992091525494,-1.2284186926681067,-0.21450877021146011,0.07487362793980447,0.2791084826311205,1.103505188318384,0.19941307259240942,0.09865869049933079,0.7916277680422101,0.19560842346572546,1.1040427127055938,1.0320740199807894,0.6427377734479697,0.7990926418297667,1.0,0.0,0.0
-0.6620624983566473,0.38668453889773413,-0.26639433633909904,0.564821116459734,-0.5793203081671255,0.7388635418394739,-0.6588579933041374,-0.5343224321408151,0.5649604049707921,-0.24790285213797877,0.930708846403749,-0.22025879337616863,0.6118723862394135,-0.07002473719021408,-0.3098900228525715,-0.2712071403842153,0.8995021884471193,0.0,0.0,1.0
1.7722394055182693,1.3732223188974506,2.071796527199769,2.2655378705192466,-0.5793203081671255,-0.21450877021146011,1.0112256968912792,1.4992548547890239,1.43381265543824,1.4973625591051725,1.0632478092911783,1.8092965383829793,1.7409171071872251,1.514677140994275,0.7153013918441592,1.2199661400788233,2.1283237827642476,1.0,0.0,0.0
0.942773571605335,1.237148142345766,0.817675973119831,0.07815447606731933,-0.5793203081671255,-0.5322995408951048,0.219163946761835,0.2791084826311205,1.0101574258714683,0.5294002301804003,-0.15169268384359197,-0.0294458989372745,0.46931623460458877,0.7396769523931019,0.40428826603728624,0.5128613909560276,0.15360269928964096,1.0,0.0,0.0
-0.26536144735480915,0.44338211246093623,0.44569106301137473,0.9939250359455186,0.7188764608348364,0.10328200047218458,0.8607953645023536,0.2791084826311205,0.5003350309690807,0.06008516161081287,-0.10014975383181364,-0.41685389673745354,-1.0360767266591606,-0.017972485717001024,-0.2810925112037869,-0.5213394325909186,-0.36757066172423825,1.0,0.0,0.0
1.7542075395636407,1.4129106203916921,2.071796527199769,1.7003766107087008,-1.8775170771690877,-2.121253394313328,1.2138461445988111,1.4992548547890239,1.5199798207738549,1.783351429014765,1.777485553740104,2.0926247755801257,2.0830518711108046,2.1046026576906907,2.080303443996548,1.8452968705955815,2.4008639807256342,1.0,0.0,0.0
1.7001119416997534,1.4129106203916921,0.8708166745638962,2.1294805301944857,-1.8775170771690877,-2.121253394313328,0.8485153373685637,1.4992548547890239,1.7353977341128917,1.61469132624757,1.777485553740104,1.236857855066297,2.0830518711108046,2.1046026576906907,2.080303443996548,1.50377008700566,2.123542375782469,1.0,0.0,0.0
-1.419400868451066,-0.4297605204123767,-0.7712310000577183,-0.2724548240003339,-0.5793203081671255,-0.8500903115787495,-0.582107823717951,-0.5343224321408151,0.5936827934159964,-1.3698591879371473,-0.7407547411210563,-0.30699192721202967,-1.0531834648553395,-1.1052861831574532,-0.74185269758434,-0.8195740886835262,-0.4153847315420253,0.0,0.0,1.0
0.3116582631933195,0.9763393039550357,0.49351769431103293,0.4078318776234713,0.06977807633385541,-0.8500903115787495,0.9191254933878554,0.6858239400170884,-0.13873811193672772,0.41207146303800285,0.4152795462859677,0.17293141334640125,0.25263088411965534,0.7917292038663146,1.216378094533011,1.2536377947989568,1.1146655026271612,0.0,1.0,0.0
-1.275145940814034,-1.4049587856994534,-1.6321103634515741,-1.664426075015197,0.06977807633385541,1.3744450832067634,-1.5583699808542424,-1.3477533469127507,-2.7237530720051693,-1.7731768249891362,-1.07210214833963,-1.1338478031139048,0.024541041503935365,-1.469651943469945,-0.9779922931043736,-2.022133185831138,-1.4481686396062265,1.0,0.0,0.0
-0.8784448898121956,-1.0647733443202407,-0.4736430719709532,-0.581200327044984,0.7188764608348364,1.0566543125231187,0.45862447587073657,-0.1276069747548473,-0.36851721949836713,-0.790548400171563,0.01766265762367881,-0.1335256595403076,-1.4979586579559925,-0.8855100102705535,0.3870097590480149,-1.6036426200237692,-1.242568139389742,1.0,0.0,0.0
-0.8243492919483085,-1.881218403630351,-1.865929449805461,-1.1044977898325266,0.7188764608348364,0.7388635418394739,-1.245229288942602,-1.3477533469127507,-0.2392664714949453,-1.6998463455251382,-0.6818485353933101,-0.4573293591941889,-1.1330149097708413,-1.1631220181276902,-1.1680558699863517,-1.319838673096933,-1.5437967792418006,0.0,1.0,0.0
0.4378813248757225,-0.6225322705272642,-0.5586681942814575,-0.021272041862313663,0.06977807633385541,0.10328200047218458,-1.4908298316183983,-1.3477533469127507,-0.8352560317329468,-0.7685492563323639,-0.1958723381394014,-1.1801054744930308,-1.4124249669750977,-0.35920391204139823,-0.7072956836057985,-0.8291945614607072,-0.6687993015762971,0.0,1.0,0.0
-0.26536144735480915,-1.2575450944351279,-0.7978013507797509,-0.8794798808338832,0.7188764608348364,2.010026624574053,-0.7908682849923784,-0.9410378895267829,0.09104099562491066,-0.47522733847637205,-0.3578644038907043,-0.6943999250122092,-0.9391385435474797,-0.8276741753003166,-0.8282452325306938,-0.07879768484059738,-0.931776685574126,1.0,0.0,0.0
1.3935702204710605,1.4129106203916921,1.7742085991130043,1.3497673106410477,-1.8775170771690877,-1.4856718529460389,0.8331653034513263,1.4992548547890239,1.2902007132122155,1.1233771138387834,1.151607117882798,1.427670749505191,1.0737543175362454,1.740236897378199,1.2336566015222814,1.1959149581358712,0.6556504323764054,0.0,1.0,0.0
-0.8423811579029375,-1.4673261166189753,-0.3248491079275708,-0.9684404495077654,0.7188764608348364,1.0566543125231187,-0.3764173692269717,-0.5343224321408151,-1.7256500735342992,-1.6265158660611403,-0.8732937040084856,-1.3130962797080177,-1.5492788725445297,-1.128420517145548,-1.1277393536780536,-1.675796165852626,-1.32385205807998,0.0,1.0,0.0
-0.6981262302659056,-0.01019847604468073,0.12684685434698323,-0.08406773739681872,0.7188764608348364,1.3744450832067634,-0.5698277965841614,-0.5343224321408151,-0.2679888599401506,-0.08657579731718305,-0.6303056053815318,0.08041607058814981,-0.5171723347083986,-1.0300995976961456,-0.33292803217159905,-0.38665281371038596,-1.0704374880457086,0.0,1.0,0.0
0.041180273873884295,0.9309812451044741,0.15873127521342242,-0.4032791896972195,0.06977807633385541,-0.21450877021146011,-0.5084276609152123,-0.1276069747548473,0.1484857725153213,0.3240748876812051,0.9969783278474641,0.45625965054354767,0.8570689670513119,0.7859456203692913,-0.9088782651472905,0.26753933513791495,0.44526852517814225,0.0,1.0,0.0
0.5100087886942386,-0.4297605204123767,-0.6277511061587421,-0.9108777286011358,1.3679748453358174,0.10328200047218458,0.36345426558386557,-0.1276069747548473,-0.16746050038193303,0.22874526437800796,-0.3431378524587675,-1.4460870849230048,-0.11801511013088936,-0.39390541302354043,-0.10254793898132247,-0.5261496689795089,-0.864836987829224,1.0,0.0,0.0
2.1328767246108495,1.4129106203916921,1.9442588437340123,1.8050361032662094,0.06977807633385541,-0.8500903115787495,0.9835956358402519,1.4992548547890239,1.4050902669930356,0.47073584660920104,1.7038527965804209,1.3814130781260654,0.8171532445935608,0.9421023747889309,1.4870747040315861,0.6523582462251507,1.1720423864085059,0.0,1.0,0.0
1.3935702204710605,1.3051852306216079,0.9770980774520265,1.1038175031309025,-1.2284186926681067,-1.8034626236296836,0.2621440417300996,1.0925393974030562,0.6870305558629132,1.028047490535586,0.9380721221197169,0.5082995308450637,0.8627712131167046,1.0751247952204754,0.4273262753563134,0.7966653378828642,0.990348921100915,1.0,0.0,0.0
-1.52759206417884,-0.6111927558146237,-1.0422485774224508,-0.6858598196024925,1.3679748453358174,0.42107277115582925,-1.475479797701161,-1.7544688042987184,-1.2948142468562256,-1.780509872935536,-1.2635473169548055,-1.3651361600095342,-1.5435766264791366,-1.458084776475898,-2.170209275364055,-1.8778260941734246,-1.9454349657112122,0.0,1.0,0.0
1.4476658183349476,1.146432024644642,1.705125687235719,2.291702743658624,-1.2284186926681067,-1.1678810822623942,1.3581364634208413,1.4992548547890239,1.4840768352173488,0.932717867232389,1.777485553740104,1.167471347997608,1.894877750952836,2.1046026576906907,2.0630249370072775,2.004034671419066,1.56411775891436,0.0,1.0,0.0
-0.8964767557668246,-1.7394744697223459,-0.25576619605028583,-0.3771143165578424,0.7188764608348364,0.10328200047218458,-1.5399499401535575,-0.9410378895267829,-0.08129333504631812,-0.6438874412435671,-0.5493095725058798,-0.9199060729854478,-0.9562452817436585,-0.17412924013664022,0.029920614603086804,-0.5213394325909186,-1.3860103488431033,0.0,1.0,0.0
-0.26536144735480915,0.3753450241850935,-0.1494847931621555,-0.010806092606562666,-0.5793203081671255,0.42107277115582925,-0.7478881900241138,-0.5343224321408151,-0.2679888599401506,-0.12324103704918203,0.6509043691969536,-0.3879428521254999,-0.5913015335585073,-0.18569640713068775,0.10479414488992653,-0.2279150128869013,0.24923083892521514,1.0,0.0,0.0
0.6903274482405284,1.061385664299839,0.2915830288235854,0.5124913701809798,0.06977807633385541,-0.5322995408951048,0.7809751881327199,0.2791084826311205,0.7085723471968166,-0.13790713294198184,0.5699083363213017,1.1038670498513101,0.355271313296729,0.5719530309794149,0.8362509407690548,1.0227464481466153,1.3011403749165311,1.0,0.0,0.0
0.6542637163312706,1.2825062011963275,1.450050320304206,0.9886920613176435,0.06977807633385541,-0.21450877021146011,2.1379181864164956,1.4992548547890239,1.3045619074348183,1.5853591344619702,0.4962755791616186,1.5317505101082243,0.2241196537926904,0.6008709484645333,0.7210608941739166,1.1574330670271478,1.0429443979004804,0.0,1.0,0.0
0.18543520151091622,0.08618739901276223,0.24907046766833338,0.6642476343893671,0.7188764608348364,-1.1678810822623942,0.43713442838660427,0.2791084826311205,0.13412457829271862,0.2214122164316086,0.35637334055822145,-0.3937250610478907,-0.5399813189699705,0.25385593864311223,0.3697312520587443,-0.18462288538958735,0.03406752474517323,0.0,0.0,1.0
-1.1128591472223728,-0.16328192466532662,0.12684685434698323,-0.32478457027908814,2.0170732298367984,1.0566543125231187,0.8822854119864855,0.2791084826311205,0.8450036923115394,0.06008516161081287,0.04711576048755245,-0.07570357031640022,-0.865009344697371,0.41001269306275184,-1.0528658233912134,-0.2856378495499865,-0.6162038247767312,0.0,1.0,0.0
0.1493714696016583,-0.2483282850101298,1.30657042640523,0.4025989029955958,0.06977807633385541,0.42107277115582925,1.115605927528492,1.0925393974030562,-0.47622617616788554,0.4487367027700018,0.9675252249835905,0.13245595088966594,-0.6654307324086164,-0.21461432461580618,-0.16590246460864863,-0.603113451196956,0.014941896818058464,1.0,0.0,0.0
-0.39158450903721215,-0.5034673660445393,-0.7659169299133117,-0.5864333016728593,-1.2284186926681067,-0.8500903115787495,0.0503135736722249,0.2791084826311205,1.3476454901026251,0.20674612053880878,-0.28423164673102125,-0.12196124169552594,1.119372286059389,-0.9606965957318612,0.277579214782634,-0.016264611788921697,-0.1285003126353028,1.0,0.0,0.0
1.4837295502442054,1.4129106203916921,1.1577764623618476,1.3706992091525494,-1.8775170771690877,-0.8500903115787495,0.4985345640555534,1.4992548547890239,1.4912574323286496,1.783351429014765,1.777485553740104,1.2310756461439059,2.0602428868492324,2.012065321738312,1.9881514067204378,1.5951645783888782,1.9179418755659847,1.0,0.0,0.0
1.7902712714728986,1.4129106203916921,1.7263819678133454,1.491057625593684,-1.2284186926681067,-1.1678810822623942,0.7472051135147972,1.0925393974030562,1.1250469796522875,1.783351429014765,1.232603150758449,1.7688210759262448,1.062349825405459,2.1046026576906907,0.7037823871846451,0.8159062834372256,1.2437634911351865,1.0,0.0,0.0
0.18543520151091622,-0.044217020182602484,0.4775754838778135,0.010125805904938959,0.06977807633385541,0.10328200047218458,0.07487362793980447,0.2791084826311205,-0.741908269286031,-1.0105398385635576,1.4976810765333086,-0.8794306105287124,-0.9961610042014096,0.47363211153001206,-0.43659907410722376,0.5465330456761608,0.010160489836279688,1.0,0.0,0.0
-1.9423249811353074,-1.6090700505269806,-1.270753593631931,-1.4080103182493011,2.0170732298367984,1.692235853890408,-0.5176376812655545,-1.3477533469127507,-2.0056933608750467,-0.8052144960643629,-1.2561840412388376,-1.3246606975527992,-1.6747282859831754,-2.0711446271604084,-2.3545133499162763,-1.8249134938989295,-1.1421585927723892,0.0,0.0,1.0
1.9164943331553015,1.4129106203916921,1.4128518292933605,1.763172306243206,-1.2284186926681067,-1.4856718529460389,1.1677960428470993,1.4992548547890239,1.7353977341128917,1.783351429014765,1.4829545251013718,1.1963823926095616,1.341759882609716,1.8906100683008145,2.0687844393370343,1.6336464694976016,1.501959468151237,1.0,0.0,0.0
0.0772440057831422,1.2258086276331253,0.44569106301137473,0.09385339995094583,-1.2284186926681067,-1.4856718529460389,0.21302393319494,0.6858239400170884,0.36390368585435806,-0.7318840166003648,-0.15169268384359197,0.02837619028663286,1.233417207367249,0.08034843373240176,-0.3098900228525715,0.6523582462251507,0.9951303280826934,0.0,1.0,0.0
-0.9686042195853406,-0.7812854765042301,-1.7277636260508915,-1.58069848096919,0.7188764608348364,1.0566543125231187,-1.4263596891660018,-1.3477533469127507,-1.0434933479606827,-0.5412247699939706,-1.3519066255464254,-1.2784030261736732,-0.38031842913896696,-1.770398285315177,-1.340840939879059,-1.4112331644801512,-1.4768570814968989,0.0,1.0,0.0
-0.8423811579029375,-0.44110003512501733,-0.6649495971695879,0.015358780532814456,0.06977807633385541,-0.5322995408951048,0.11785372290806903,-0.5343224321408151,-0.19618288882713833,0.89605262750039,-0.29895819816295804,0.06885165274336817,0.00743430330775656,-0.7467040063419847,-0.021914906364725754,-0.49247801425937593,0.18229114118031328,0.0,1.0,0.0
1.6279844778812378,1.4129106203916921,1.5085050918926783,1.6846776868250748,-1.2284186926681067,-0.8500903115787495,1.6129470264469805,1.4992548547890239,1.060421605650576,1.783351429014765,0.8276229863801923,1.8150787473053707,2.0830518711108046,1.3643039700716595,1.262454113171066,1.2295866128560045,1.0859770607364891,1.0,0.0,0.0
0.9247417056507058,1.203129598207844,0.7539071313869526,0.6276168119942389,0.06977807633385541,-0.5322995408951048,1.1677960428470993,1.0925393974030562,1.3691872814365296,0.7200594767867945,0.4520959248658092,1.1096492587737006,0.9882206265553505,0.34639327459549085,1.118466554927143,0.7966653378828642,-0.14284453358063914,1.0,0.0,0.0
-0.8784448898121956,-0.28801658650437145,-1.1007033490109226,-1.6434941765036952,0.7188764608348364,0.10328200047218458,-0.8798984817123544,-0.9410378895267829,0.5865021963046956,-0.11590798910278265,-0.6376688810974996,-1.6079889347499452,-1.6120035792638523,-0.15677848964556934,-0.7130551859355555,-1.0793268536674105,-0.6974877434669691,1.0,0.0,0.0
-0.5719031685835023,-0.16895168202164731,0.10559057376935724,0.35550213134471703,0.06977807633385541,-0.8500903115787495,-0.5053576541317646,-0.1276069747548473,-0.9357843912911643,1.0573796823211847,0.1354750690791723,-0.22025879337616863,0.030243287569328436,0.010945431768117393,0.6519468662168334,0.3396928809667717,0.4165800832874699,1.0,0.0,0.0
1.9164943331553015,1.4129106203916921,1.0302387788960916,1.1456813001539061,-1.8775170771690877,-0.8500903115787495,1.2537562327836276,1.4992548547890239,1.7353977341128917,1.4460312234803747,1.777485553740104,1.9191585079084037,2.0830518711108046,1.5262443079883226,1.8153663368277304,2.3744228733405306,2.319580062035396,1.0,0.0,0.0
0.3477219951025774,0.2732893917713299,0.05244987232529206,0.07815447606731933,0.06977807633385541,-0.5322995408951048,-0.008016555213276948,-0.1276069747548473,0.5075156280803825,-0.3139002836555763,-0.6008525025176581,-0.3590318075135462,0.28684436051201295,0.21915443766097048,-0.6497006603082294,-0.5983032148083656,-0.3627892547424595,0.0,0.0,1.0
-0.5178075707196155,-0.3844024615618152,-0.941281244678727,-1.0364691196701459,0.06977807633385541,-0.8500903115787495,-0.6649980068710324,-0.1276069747548473,-0.8711590172894529,-0.15990627678118102,-0.5051299182100704,-0.3995072699702815,-0.23206003143874915,-0.15099490614854558,-0.8340047348604508,-0.352981158990253,0.12013285041718985,1.0,0.0,0.0
0.5100087886942386,1.35621304682849,1.131206111639815,1.93062749433522,-1.2284186926681067,-0.8500903115787495,1.091045873260913,1.0925393974030562,0.5649604049707921,1.783351429014765,1.5639505579770228,2.0348026863562185,0.731619553612666,1.6534831449228438,1.3142896341388786,1.7202307244922301,1.1720423864085059,1.0,0.0,0.0
0.8886779737414479,0.7438792523459073,0.39786443171171576,-0.0526698896295661,-0.5793203081671255,-0.21450877021146011,0.7379950931644553,1.0925393974030562,1.0101574258714683,1.3140363604451777,0.8055331592322876,-0.041010316782055724,0.4978274649315537,0.9016172903097649,0.11631314954944053,0.6908401373338742,-0.042434986963286174,0.0,1.0,0.0
-0.3735526430825832,-0.843652807423752,-0.13885665287334267,0.051989602927942205,0.7188764608348364,1.3744450832067634,-0.014156568780171512,-0.1276069747548473,-0.08129333504631812,0.49273499044840124,-0.4241338853344195,-0.5440624930300499,-0.8422003604357987,-0.4980099159699666,0.3524527450694737,-0.5983032148083656,0.741715758048422,0.0,0.0,1.0
-0.8964767557668246,-1.4106285430557732,-1.3717209263756547,-1.3452146227147959,0.7188764608348364,0.7388635418394739,-1.8009005167465915,-1.7544688042987184,-1.7112888793116965,-0.9152102152603598,-1.1825512840791546,-1.4460870849230048,-1.1501216479670204,-1.9786072912080295,-0.9952708000936442,-0.6271646331399083,-1.4433872326244477,1.0,0.0,0.0
0.2395307993748034,0.2619498770586893,-0.0591456007072449,-1.0678669674373986,-0.5793203081671255,-0.21450877021146011,-0.20756699613736163,0.2791084826311205,0.22029174362833354,-0.18923846856678062,-0.7039383625412148,0.005247354597069997,-0.24916676963492795,0.1497514356966861,-0.36172554382038363,0.9217314839862155,0.08188159456296032,1.0,0.0,0.0
1.7001119416997534,1.2201388702768046,1.0302387788960916,1.1456813001539061,-0.5793203081671255,-1.8034626236296836,1.9936278675944652,1.4992548547890239,0.06231860717970638,0.19941307259240942,0.4079162705699998,1.1096492587737006,0.6688948468933434,1.375871137065707,0.8189724337797835,0.7774243923285021,0.2827006877976662,1.0,0.0,0.0
0.25756266532943234,0.9820090613113563,0.9877262177408389,0.5752870657154847,-0.5793203081671255,-1.4856718529460389,0.206883919628045,0.6858239400170884,0.3998066714108642,1.321369408391578,1.1884234964626397,1.0865204230841374,0.5890634019778412,1.2081472156520199,1.4294796807340169,1.4027551228452602,1.3393916307707605,0.0,0.0,1.0
-0.9505723536307117,-0.9400386824811958,-0.9040827536678813,-0.35618241804634077,-0.5793203081671255,0.10328200047218458,-0.8461284070944325,-0.1276069747548473,-0.2464470686062461,-1.3331939482051485,-0.7407547411210563,-1.3073140707856268,-1.0246722345283745,-1.220957853097927,-0.13710495295986405,-1.3487000914284755,-0.931776685574126,1.0,0.0,0.0
-2.0865799087723396,-2.93012351454959,-2.604585199877967,-1.664426075015197,2.6661716143377796,1.3744450832067634,-1.5368799333701102,-2.1611842616846864,-2.78837844600688,-3.3057838457866935,-1.8157929956524284,-2.1052589020755486,-3.048969587742886,-2.898197067234795,-2.2047662893425963,-2.4358135152499165,-2.380543001053075,0.0,1.0,0.0
1.9525580650645595,1.4129106203916921,1.2534297249611648,1.2084769956884112,-1.2284186926681067,-0.8500903115787495,0.9406155408719873,1.0925393974030562,1.7353977341128917,0.8520543398219906,1.4314115950895934,1.2079468104543434,0.6460858626317711,1.5262443079883226,1.66561927625405,0.883249592877492,1.329828816807203,1.0,0.0,0.0
1.4296339523803183,1.4129106203916921,1.3915955487157348,1.716075534592327,-0.5793203081671255,-1.1678810822623942,1.450236666924265,1.4992548547890239,-0.01666796104460771,0.5880646137515984,1.777485553740104,0.4793884862331101,0.6574903547625572,0.03407976575621245,1.3142896341388786,0.8880598292660823,0.5552408857590524,0.0,1.0,0.0
-1.275145940814034,-0.8720015942053531,-0.7393465791912791,-0.5968992509286104,1.3679748453358174,0.42107277115582925,-1.509249872319083,-1.7544688042987184,-2.0056933608750467,-0.2845680918699778,-0.9837428397480101,-0.7117465517793812,-0.8992228210897286,-0.2898009100771139,-1.277486414251733,-1.0360347261700964,-1.5485781862235795,0.0,1.0,0.0
-0.3555207771279542,-0.14060289524004624,-0.7340325090468725,0.062455552183693204,0.06977807633385541,-0.5322995408951048,-1.0211187937509376,-0.5343224321408151,-0.6772828952843196,-0.6438874412435671,-0.24005199243521183,-0.8736484016063216,-0.9448407896128728,-0.7409204228449614,-0.5114726043940635,-0.3577913953788432,-0.4153847315420253,1.0,0.0,0.0
-0.6620624983566473,-0.47511857926293827,-1.0635048580000768,-1.172526459994907,0.06977807633385541,0.42107277115582925,-0.21370700970425618,-0.1276069747548473,0.033596218734501075,0.5660654699123993,-0.40940733390248263,-0.8620839837615404,-0.4487453819236826,-1.180472768618761,-0.43659907410722376,-0.603113451196956,-0.8791812087745602,1.0,0.0,0.0
1.898462467200673,1.3392037747595296,0.7911056223977984,1.6951436360808259,-1.2284186926681067,-0.8500903115787495,0.8761453984195909,1.4992548547890239,1.6851335543337829,0.7127264288403952,0.9601619492676227,0.6586369628272234,1.9461979655413726,0.5893037814704857,1.262454113171066,1.1766740125815092,2.214389108436264,1.0,0.0,0.0
-1.383337136541808,-1.2858938812167289,-1.5364571008522567,-1.308583800319668,0.7188764608348364,0.7388635418394739,-0.8614784410116698,-0.9410378895267829,-1.2732724555223216,-1.5091870989187435,-1.2340942140909323,-1.6022067258275545,-0.8707115907627637,-1.0821518491693587,-1.490588000452739,-1.6613654566868545,-1.7876485353125149,1.0,0.0,0.0
0.8886779737414479,1.4129106203916921,0.4616332734445941,-0.24628995086095676,-1.2284186926681067,-0.21450877021146011,0.25293402137975685,0.2791084826311205,1.1250469796522875,1.783351429014765,0.9159822949718122,0.7800633501974286,1.4558048039175757,0.780162036872267,0.692263382525132,0.5321023365103896,0.5934921416132823,1.0,0.0,0.0
-0.8604130238575666,-0.8209737779984713,-0.10697223200690349,-0.43991001209234765,0.06977807633385541,1.0566543125231187,-1.5123198791025305,-1.3477533469127507,-1.3378978295240325,-0.9225432632067597,-0.29895819816295804,-1.2379275637169382,-0.6711329784740091,-0.046890403202119436,-0.07375042733253791,-0.838815034237888,-0.8313671389567732,1.0,0.0,0.0
-0.3374889111733253,-1.2915636385730491,-0.9997360162671984,-1.371379495854173,0.06977807633385541,0.10328200047218458,-1.134709044738493,-0.9410378895267829,0.11258278695881516,-0.3358994274947765,-1.2193676626589962,-0.7464398053137257,-0.8479026065011919,-0.31293524406520856,-0.690017176616528,-0.3096890314929387,-0.1763143824530899,0.0,1.0,0.0
-1.1308910131770018,-0.27667707179173084,-0.4683290018265466,-0.4189781135808458,1.3679748453358174,0.10328200047218458,1.1892860903312312,-0.1276069747548473,-0.9214231970685617,-1.4285235715083455,-1.2340942140909323,-1.1627588477258584,-0.4202341515967176,-1.4927862774580403,-1.093182339699512,-0.396273286487567,-1.161284220699504,1.0,0.0,0.0
-1.1669547450862598,-1.716795440297065,-1.722449555906485,-1.664426075015197,1.3679748453358174,0.42107277115582925,-0.7816582646420357,-1.3477533469127507,-2.0056933608750467,-2.6678086744499114,-1.8967890285280797,-0.7233109696241629,-1.5150653961521718,-0.9780473462229321,-0.9088782651472905,-0.6512158150828605,-1.290382209207529,0.0,1.0,0.0
1.1411240971062537,1.4129106203916921,0.7432789910981394,1.1038175031309025,-1.2284186926681067,-1.8034626236296836,0.76869516099893,1.0925393974030562,1.2902007132122155,0.4047384150916035,1.3356890107820056,1.1906001836871714,1.1250745321247826,2.1046026576906907,1.5389102249993978,1.878968525315715,1.2963589679347527,0.0,1.0,0.0
-0.2473295814001802,0.8686139141849522,1.168404602650661,1.402097056919802,-0.5793203081671255,-0.8500903115787495,0.38187430628455016,1.0925393974030562,0.4644320454125746,0.6467289973227965,1.3577788379299105,0.514081739767455,0.6289791244355923,0.6413560329436991,0.5425163219514517,0.7341322648311885,1.1576981654631697,1.0,0.0,0.0
0.7804867780136735,0.15989424464492563,0.45631920330018716,-0.13639748367557297,0.7188764608348364,-0.5322995408951048,0.05338358045567219,0.2791084826311205,-1.1009381248510923,-0.7465501124931647,-0.2105988895713382,0.2596645471822623,-0.5798970414277216,-0.3996889965205638,0.5021998056431531,-0.5502008509224611,-0.31497518492467236,1.0,0.0,0.0
-0.5719031685835023,0.14855472993228505,-0.48958528240417293,0.08338745069519483,-0.5793203081671255,-0.8500903115787495,-0.588247837284846,-0.9410378895267829,-0.6270187155052118,-0.7172179207075651,0.054479036203520334,0.305922218561388,-0.6198127638854722,0.5719530309794149,-0.3674850461501406,-0.5020984870365566,-0.2193470452890982,1.0,0.0,0.0
2.024685528883076,1.4129106203916921,0.9930402878852459,1.3079035136180441,-1.8775170771690877,-1.4856718529460389,0.5384446522403706,1.4992548547890239,1.268658921878312,1.006048346696387,1.4387748708055623,2.0926247755801257,2.0830518711108046,1.0751247952204754,1.464036694712558,2.3744228733405306,2.2000448874909284,1.0,0.0,0.0
-0.03094718994463183,0.29029866384029035,-0.006004899263179719,0.46539459853010107,0.06977807633385541,-0.5322995408951048,-0.2259870368380462,-0.1276069747548473,-0.46186498194528286,0.1774139287532092,-0.22532544100327503,1.1385603033856544,-0.27197575389649986,0.04564693275025999,-0.09102893432180889,-0.07879768484059738,0.32573335063367453,0.0,0.0,1.0
0.3116582631933195,-0.07256580696420355,-0.26108026619469243,0.32410428357746446,0.06977807633385541,-1.1678810822623942,-0.37027735566007675,0.2791084826311205,0.3854454771882615,-0.2919011398163771,-0.40204405818651373,-0.49780482165092377,-0.6312172560162584,-0.3707710790354454,-0.8743212511687489,0.20500626208623896,-0.3484450337971235,0.0,1.0,0.0
-1.9783887130445656,-0.5941834837456632,-0.8934546133790681,-0.4817738091153509,0.7188764608348364,0.10328200047218458,-1.2759293567770764,-0.9410378895267829,-1.0219515566267787,-0.9958737426707577,0.8791659163919706,-0.0005348543253208209,-1.5036609040213855,-0.364987495538422,-1.0643848280507273,-0.9638811803412396,-0.6448922666674035,0.0,1.0,0.0
-0.3735526430825832,-1.1271406752397626,-0.9944219461227922,-1.334748673459045,0.7188764608348364,1.0566543125231187,0.2713540620804419,-0.1276069747548473,0.9096290663132508,-0.3432324754411759,0.12074851764723549,0.3926553523972491,-0.4145319055313246,-0.7756219238271032,0.5194783126324245,-0.16538193983522528,0.33529616459723177,1.0,0.0,0.0
-0.17520211758166407,0.02948982544956011,-0.04320339027402512,0.21944479101995595,1.3679748453358174,-0.21450877021146011,0.08715365507359447,-0.1276069747548473,-2.271375453993192,-1.3478600440979482,-0.26950509529908445,-1.0297680425108717,-1.395318228778919,-0.6657338373836533,-0.2753330088740299,-0.8291945614607072,-1.1660656276812829,1.0,0.0,0.0
0.6181999844220126,-0.5998532411019831,-0.4683290018265466,0.863100670248633,-0.5793203081671255,-1.1678810822623942,-0.7294681493234293,-0.1276069747548473,0.7013917500855148,0.37540622330600387,0.23856092910272794,-0.20869437553138698,-0.5114700886430056,0.49098286202108293,0.2487817031338494,0.036647988485573296,-0.3054123709611152,0.0,0.0,1.0
-0.21126584949092198,-0.3390444027112537,-0.5852385450034902,-0.21489210309370432,-0.5793203081671255,-0.21450877021146011,-0.6097378847689783,-0.1276069747548473,-0.7347276721747302,-0.8418797357963619,0.24592420481869687,-0.538280284107659,0.5662544177162697,-0.15099490614854558,-0.13134545063010705,-1.0023630714499632,-0.05677920790862217,1.0,0.0,0.0
0.49197692273960963,0.19958254613916646,0.21718604680189382,0.44446270001859906,1.3679748453358174,0.42107277115582925,-0.4500975320297104,-0.5343224321408151,0.09104099562491066,-1.2231982290091514,-0.2105988895713382,-0.1046146149283539,0.08156350215786566,-0.12207698866342716,-0.4020420601286822,-0.2086740673325396,-1.0560932671003724,1.0,0.0,0.0
-0.4997757047649862,-0.07823556432052343,0.5360302554662849,0.46016162390222554,0.06977807633385541,0.7388635418394739,0.7594851406485872,0.6858239400170884,1.232755936321806,1.2040406412491806,0.5625450606053337,0.4736062773107197,1.6838946465332953,0.20758727066692295,0.692263382525132,0.20500626208623896,0.8708137465564473,1.0,0.0,0.0
-0.44568010690109927,0.04649909751852139,-0.6118088957255228,-1.0155372211586444,0.06977807633385541,-0.21450877021146011,-0.480797599864185,-0.1276069747548473,-0.01666796104460771,0.6833942370547955,-0.6450321568134686,0.13823815981205717,0.2412263919888692,0.5083336125121546,-0.5460296183726051,0.2194369712520105,0.6221805835039543,0.0,1.0,0.0
-0.30142517926406703,-0.07823556432052343,-0.3726757392272294,-0.35094944341846523,0.06977807633385541,-0.5322995408951048,0.1454837839590959,-0.5343224321408151,-0.023848558155908525,-0.1452401808883812,0.8791659163919706,-0.3995072699702815,-0.0952061258693175,-0.1278605721604509,-0.04495291568375333,-0.32411974065871024,-0.3771334756877958,0.0,1.0,0.0
-1.599719527997356,-1.4446470871936945,-1.127273699732955,-1.4708060137838062,2.0170732298367984,1.692235853890408,-0.3457173013924972,-0.9410378895267829,-1.4240649948596475,-2.6971408662355105,-1.1457349054993131,-1.156976638803468,-1.37821149058274,-2.1231968786336215,-1.634575558696662,-1.6276938019667215,-2.2131937566908197,1.0,0.0,0.0
0.8706461077868186,1.322194502690569,1.853919651279102,1.9672583167303481,-1.2284186926681067,-0.5322995408951048,0.9989456697574892,1.0925393974030562,1.189672353653999,1.2407058809811795,0.7613535049364782,1.2137290193767336,0.5434454334546974,1.3411696360835645,0.7095418895144026,1.07084881203252,1.2437634911351865,1.0,0.0,0.0
1.105060365196996,1.4129106203916921,0.4244347824337483,1.2712726912229164,-1.2284186926681067,-0.5322995408951048,0.17618385179357046,0.6858239400170884,1.7353977341128917,1.4166990316947752,1.5197709036812133,1.3467198245917205,2.0374339025876607,1.7113189798930806,2.080303443996548,1.7202307244922301,1.8175323289486316,1.0,0.0,0.0
2.060749260792334,1.4129106203916921,1.7901508095462237,1.5067565494773105,-1.8775170771690877,-0.8500903115787495,0.6428248828775844,1.4992548547890239,1.6923141514450848,-0.18923846856678062,1.3283257350660378,1.3351554067469398,1.592658709487008,2.006281738241288,1.5849862436374538,1.7587126156009536,1.8940348406570913,0.0,1.0,0.0
-0.8784448898121956,-0.5601649396077415,-0.5639822644258642,-0.7224906419976205,1.3679748453358174,0.10328200047218458,-0.029506602697408794,-0.5343224321408151,-0.7921724490651398,-0.9885406947243578,-0.29895819816295804,-1.0066392068213088,-1.0075654963321958,-1.2498757705830454,-0.46539658575600834,-0.8628662161808401,-1.0274048252097001,1.0,0.0,0.0
-0.7341899621751635,-0.14060289524004624,-0.6224370360143359,-0.13116450904769747,0.06977807633385541,0.42107277115582925,-1.7794104692624593,-1.3477533469127507,-0.35415602527576445,-1.3771922358835473,-0.8585671525765488,-0.717528760701772,-1.5036609040213855,-0.8392413422943638,-1.0183088094126718,-0.10284886678354961,-1.2377867324079634,1.0,0.0,0.0
0.9067098396960771,1.1124134805067212,0.4084925720005289,0.19327991788057883,0.06977807633385541,-0.5322995408951048,-0.14616686046841249,-0.1276069747548473,0.6726693616403105,1.0573796823211847,1.777485553740104,-0.30120971828963883,1.1250745321247826,1.4973263905032042,1.3373276434579058,1.5230110325600215,0.961660479210243,0.0,1.0,0.0
1.249315292834028,0.7155304655643062,0.09496243348054405,-0.8742469062060078,-0.5793203081671255,-0.21450877021146011,-0.3395772878256022,-0.1276069747548473,0.5146962251916833,-0.26990199597717796,0.4520959248658092,1.5317505101082243,-0.34610495274660896,0.2712066891341831,0.9744789966832204,-0.2712071403842153,-0.22890985925265575,0.0,1.0,0.0
0.18543520151091622,0.07484788430012244,1.035552849040498,0.7532082030632494,0.06977807633385541,0.10328200047218458,0.7318550795975599,0.6858239400170884,0.4428902540786711,-0.23323675624517898,-0.3578644038907043,-0.38216064320310905,0.28684436051201295,-0.11050982166937963,0.12207265187919711,0.26753933513791495,-0.08546764979929448,0.0,1.0,0.0
0.1493714696016583,0.2676196344150092,-0.07508781114046431,0.28224048655446116,-1.2284186926681067,-0.8500903115787495,-0.7386781696737715,-0.1276069747548473,-0.42596199638877674,0.8520543398219906,0.9896150521314953,0.01681177244185122,0.00743430330775656,0.167102186187757,-0.11982644597059347,0.6379275370593792,0.03406752474517323,1.0,0.0,0.0
-1.473496466314953,-1.3199124253546501,-1.8924998005274938,-1.606863354108567,1.3679748453358174,1.3744450832067634,-2.0925511611740997,-2.1611842616846864,-1.9410679868733358,-1.7585107290963364,-1.41817610699014,-1.3940472046214878,-1.9199248667950741,-1.3828981910145899,-0.9664732884448597,-1.9884615311110052,-1.5916108490595877,1.0,0.0,0.0
-0.40961637499184106,-0.9060201383432744,-1.4992586098414113,-1.1097307644604018,0.06977807633385541,0.7388635418394739,-1.8254605710141711,-1.3477533469127507,-0.42596199638877674,-0.7098848727611657,-0.6818485353933101,-0.7290931785465532,0.06445676396168605,-0.9549130122348375,-0.6554601626379863,-0.8195740886835262,-0.31975659190645117,0.0,1.0,0.0
-0.08504278780851901,-0.5941834837456632,-0.8562561223682227,-0.43991001209234765,-0.5793203081671255,1.0566543125231187,-0.8952485156295916,-0.9410378895267829,-1.194285887298008,-0.4092299069587745,-0.3431378524587675,-0.23760542014334066,-0.9904587581360166,-1.2961444385592347,-0.16590246460864863,-0.25677643121844407,-0.20022141736198343,1.0,0.0,0.0
-0.3735526430825832,-0.14627265259636613,-0.510841562981799,-0.19919317921007804,-0.5793203081671255,0.42107277115582925,0.2590740349466519,0.2791084826311205,0.5075156280803825,0.3020757438420059,0.4447326491498413,0.1498025776568388,-0.21495329324256995,-0.7409204228449614,0.08751563790065595,-0.25196619482985355,0.2587936528887727,1.0,0.0,0.0
-0.8784448898121956,-1.6034002931706608,-0.5161556331262055,-1.664426075015197,0.7188764608348364,1.3744450832067634,-0.588247837284846,-0.5343224321408151,-1.8620814186490222,-1.2451973728483505,-1.9115155799600165,-1.6658110239738526,-2.689728085623128,-0.966480179228885,-1.536664019090794,-1.473766237531827,-1.5772666281142516,0.0,0.0,1.0
0.3477219951025774,1.4072408630353723,1.2374875145279454,1.2712726912229164,0.7188764608348364,-0.21450877021146011,1.8032874470207225,1.4992548547890239,0.694211152974214,1.783351429014765,0.29010385911450626,0.08619827951054022,0.41229377395065886,1.2428487166341617,0.9226434757154086,0.7870448651056832,0.3878916413967976,1.0,0.0,0.0
-0.7522218281297924,-0.2936863438606913,-0.1229144424401229,-0.6963257688582434,0.06977807633385541,1.0566543125231187,0.6581749167948217,0.2791084826311205,-1.3953426064144427,0.11141649723561164,-0.8880202554404224,-0.33012076290159253,-0.6141105178200792,-0.6888681713717479,-1.081663335039998,-0.9927425986727824,-0.5683897549589442,1.0,0.0,0.0
0.9968691694692222,0.3753450241850935,0.7060805000872936,-0.18349425532645172,-1.2284186926681067,-0.21450877021146011,1.057275798642991,1.4992548547890239,-0.2895306512740541,-0.5778900097259696,0.8349862620961612,0.5487749933017991,0.258333130185048,0.5893037814704857,-0.3098900228525715,0.3493133537439524,0.23010521099810036,1.0,0.0,0.0
0.041180273873884295,0.2449406049897288,0.6210553777767897,-0.36664836730209155,-1.2284186926681067,-0.8500903115787495,1.0603458054264383,0.6858239400170884,-0.6485605068391154,0.13341564107481083,0.4520959248658092,-0.1046146149283539,-0.4430431358582895,0.4678485280329887,0.21998419148506482,-0.6079236875855466,0.10100722249007509,1.0,0.0,0.0
0.7444230461044156,1.293845715908968,1.0940076206289693,2.2864697690307487,-1.8775170771690877,-1.1678810822623942,0.9559655747892246,1.4992548547890239,1.563063403441662,1.61469132624757,1.7038527965804209,1.7167811956247279,1.0338385950784943,1.1965800486579725,1.6137837552862384,0.8399574653801778,1.3393916307707605,1.0,0.0,0.0
0.5100087886942386,-0.2426585276538099,-1.0581907878556702,-0.33525051953483914,0.06977807633385541,0.10328200047218458,0.36038425880041786,-0.1276069747548473,-0.10283512638022159,0.0014207780396147103,0.9822517764155273,-1.1222833852691234,0.6175746323048061,-0.873942843276506,-0.4308395717774668,0.1761448437546962,-0.07590483583573694,1.0,0.0,0.0
-0.6440306324020184,-1.2518753370788074,-0.3248491079275708,-1.0103042465307688,0.06977807633385541,0.42107277115582925,0.27442406886388915,0.2791084826311205,-1.6107605197534793,-0.10857494115638223,-0.4388604367663552,-0.5151514484180962,-0.4430431358582895,-0.9896145132169796,-0.8109667255414232,-0.2760173767728058,-0.5970781968496165,1.0,0.0,0.0
0.023148407919255022,0.8289256126907105,1.402223689004548,0.6956454821566197,0.7188764608348364,-0.21450877021146011,1.0542057918595429,0.6858239400170884,0.981435037426263,0.7787238603579927,0.5404552334574291,-0.1393078684626984,0.39518703575448005,0.5950873649675099,0.5540353266109657,0.8447677017687687,0.942534851283128,1.0,0.0,0.0
0.16740333555628728,0.34132648004717175,0.227814187090707,0.3188713089495889,-0.5793203081671255,0.10328200047218458,0.9989456697574892,1.0925393974030562,0.5505992107481895,0.9180517713395893,-0.4167706096184505,0.8031921858869918,-0.4715543661852545,0.5372515299972731,0.39276926137777224,-0.18943312177817753,0.2540122459069939,0.0,0.0,1.0
-1.455464600360324,-1.8358603447797892,-1.9137560811051197,-1.627795252620069,1.3679748453358174,1.0566543125231187,-0.9013885291964866,-0.9410378895267829,0.1269439811814168,-1.4358566194547455,-1.1236450783514078,-0.49202261272853337,-1.7089417623755332,-1.0532339316842403,-1.6691325726752033,-1.0793268536674105,-1.8306811981485231,1.0,0.0,0.0
-0.6259987664473895,-0.19730046880324836,0.27564081839036597,-0.04220394037381529,0.7188764608348364,1.0566543125231187,0.6704549439286108,0.6858239400170884,0.4716126425238764,-0.02791141374598489,0.5993614391851753,-0.5035870305733146,1.3075464062173583,0.28277385612823064,0.5137188103026672,0.7774243923285021,0.5695851067043888,1.0,0.0,0.0
1.591920745971979,0.664502649357424,0.5360302554662849,2.0771507839157315,-0.5793203081671255,0.42107277115582925,1.3734864973380785,1.0925393974030562,0.5218768223029842,0.06741820955721226,1.777485553740104,0.7338056788183028,0.22982189985808307,0.8148635378544097,1.4928342063613427,0.7389425012197787,1.4493639913516707,1.0,0.0,0.0
0.4559131908303514,0.44338211246093623,-0.21856770503944045,0.004892831277063459,-0.5793203081671255,-1.1678810822623942,-0.27510714537320535,-0.1276069747548473,-0.18182169460453568,-1.0032067906171576,-0.3431378524587675,-0.20291216660899658,-1.0018632502668028,0.6182216989556041,-0.15438345994913463,0.22424720764060066,-0.4631988013598124,1.0,0.0,0.0
-1.1489228791316308,-1.025085042825999,-1.3132661547871833,-1.664426075015197,-0.5793203081671255,-0.21450877021146011,-0.8829684884958021,-0.5343224321408151,-1.8405396273151182,-0.45322819463717284,-0.4462237124823242,0.1902780401135733,-0.4088296594659319,-0.7177860888568663,-1.1162203490185396,-0.8676764525694307,-1.0800003020092659,1.0,0.0,0.0
-0.9686042195853406,-1.161159219377684,-1.0847611385777027,-1.3033508256917927,0.7188764608348364,0.7388635418394739,-1.205319200757785,-0.9410378895267829,-1.3307172324127317,-0.4972264823155712,-0.24005199243521183,0.051505025976196134,-1.43523395123667,-0.7871890908211507,-1.2429294002731919,-0.8147638522949356,-0.3054123709611152,1.0,0.0,0.0
0.7083593141951577,-0.13493313788372555,0.7964196925422046,0.6433157358778654,0.7188764608348364,0.42107277115582925,1.450236666924265,1.0925393974030562,1.2830201161009147,0.46340279866280165,1.085337636439083,0.34639768101812335,0.6917038311549148,1.3064681351014227,0.49644030331339656,0.9313519567633965,0.11057003645363264,0.0,0.0,1.0
-0.6440306324020184,-0.5488254248951009,-0.9519093849675399,-1.664426075015197,0.7188764608348364,-0.21450877021146011,-0.2382670639718362,-0.5343224321408151,-0.1890022917158365,-0.7098848727611657,-1.1457349054993131,-0.5151514484180962,-0.5456835650353635,-0.3360695780533036,-0.4078015624584392,-0.5886827420311849,-0.6114224177949524,0.0,0.0,1.0
-0.012915323990002881,0.04649909751852139,-0.28765061691672505,-0.4817738091153509,0.06977807633385541,1.0566543125231187,-0.07248669766567337,0.2791084826311205,-0.12437691771412608,-0.26990199597717796,0.6729941963448584,-0.717528760701772,0.3381645751005502,-0.20304715762175865,-0.4884345950750359,-0.08841815761777841,-0.635329452703846,0.0,1.0,0.0
-1.1669547450862598,-0.27667707179173084,-0.0591456007072449,-0.12069855979194666,0.7188764608348364,1.0566543125231187,-0.8706884613620121,-0.9410378895267829,-0.39723960794357244,0.01608687393241451,-0.5198564696420072,-0.3185563450568113,0.07015901002707953,-0.006405318722953492,-0.06223142267302432,0.19538578930905826,-0.8504927668838879,1.0,0.0,0.0
0.7083593141951577,0.9536602745297553,0.3022111691123986,-0.5655014031613578,0.06977807633385541,-0.8500903115787495,-0.28431716572354804,-0.1276069747548473,-0.40442020505487325,1.5780260865155709,-0.8217507739967073,-0.012099272170102046,0.7772375221358098,0.19602010367287542,0.7728964151417282,-0.6464055786942701,-0.3293194058700087,0.0,0.0,1.0
1.7181438076543827,1.4129106203916921,0.9292714461523676,1.0410218075963977,0.06977807633385541,-1.4856718529460389,1.1217459410953874,1.0925393974030562,1.5774245976642645,1.3067033124987781,1.6743996937165473,1.5722259725649594,0.9369004119668141,1.190796465160949,1.1127070525973866,1.407565359233851,1.1098840956453828,1.0,0.0,0.0
-0.9866360855399697,-0.7926249912168702,0.1799875557910488,-1.1254296883440282,1.3679748453358174,0.42107277115582925,-0.7785882578585884,-0.9410378895267829,-0.21054408304973998,-1.0032067906171576,-1.9409686828238897,-1.4692159206125677,-0.4886611043814337,-0.567412917934251,-0.4826750927452789,-0.4203244684305192,0.057974559654066775,0.0,1.0,0.0
-0.46371197285572824,-0.20863998351588814,-0.6011807554367096,0.3450361820889661,0.06977807633385541,0.7388635418394739,-0.8123583324765102,-0.9410378895267829,0.4716126425238764,-0.3798977151731749,0.12074851764723549,0.6644191717496138,0.258333130185048,0.3984455260687043,0.7844154198012423,0.28197004430368616,0.06275596663584555,0.0,1.0,0.0
0.2755945312840613,-0.11792386581476508,0.3553518705564637,-0.031737991118064475,0.7188764608348364,-0.8500903115787495,1.272176273484313,1.0925393974030562,-0.9860485710702727,0.29474269589560653,0.18701799909095065,1.098084840928919,0.13858596281179555,0.5430351134942965,0.006882605284058819,0.6042558823392463,0.3639846064879041,0.0,1.0,0.0
0.5100087886942386,-0.3673931894928547,-0.6702636673139944,-0.03697096574593979,0.06977807633385541,1.0566543125231187,1.8677575894731189,1.0925393974030562,0.9455320518697569,0.07475125750361267,-0.18850906242343352,-0.023663690014883682,-0.4829588583160406,0.7223262019020302,-0.4884345950750359,0.6283070642821985,0.47395696706881457,1.0,0.0,0.0
-0.42764824094647036,-0.7586064470789489,-1.127273699732955,-0.6753938703467417,1.3679748453358174,2.3278173952576973,-0.9474386309481985,-1.3477533469127507,-0.1315575148254269,-1.2965287084731494,-0.10751302954778152,-0.7001821339345995,-0.8707115907627637,-1.0821518491693587,-1.0413468187316999,-1.4593355283660556,-1.1756284416448401,1.0,0.0,0.0
-0.44568010690109927,0.12020594315068399,-0.04851746041843171,0.12525124771819846,0.7188764608348364,0.10328200047218458,0.07794363472325219,-0.5343224321408151,0.10540218984751333,0.2214122164316086,-1.624347827037253,0.3521798899405146,-1.406722720909705,-0.9202115112526953,-0.3271685298418421,-0.37703234093320526,0.010160489836279688,0.0,1.0,0.0
0.0051165419646260705,1.0727251790124794,0.5466583957550981,1.4858246509658088,-0.5793203081671255,-1.1678810822623942,0.20995392641149274,0.2791084826311205,0.5865021963046956,1.7686853331219652,1.6007669365568642,0.7858455591198198,0.17850168526954582,1.1271770466936881,1.8902398671145701,1.1141409395298334,0.9520976652466855,0.0,1.0,0.0
0.4559131908303514,0.81191634062175,0.5997990971991632,1.3131364882459196,-0.5793203081671255,-0.5322995408951048,-0.27510714537320535,0.2791084826311205,1.5702440005529636,1.783351429014765,0.7539902292205093,0.6297259182152697,0.3381645751005502,1.6650503119168913,0.4158072706967994,1.4989598506170692,1.1672609794267275,1.0,0.0,0.0
1.195219694970141,1.2541574144147263,1.1471483220730345,1.391631107664051,-0.5793203081671255,-0.5322995408951048,1.2691062667008648,1.4992548547890239,1.4553544467721435,1.6440235180331684,1.777485553740104,2.0926247755801257,1.4957205263753268,1.4221398050418965,1.3834036620959618,1.6192157603318305,1.855783584802861,0.0,1.0,0.0
1.4296339523803183,1.1577715393572827,1.6413568455028413,2.0980826824272336,-0.5793203081671255,-0.21450877021146011,2.1379181864164956,1.4992548547890239,0.6367663760838044,0.7127264288403952,0.8718026406760028,1.7283456134695094,1.6040632016177931,1.3643039700716595,0.847769945428568,2.2156850725170463,1.5115222821147944,0.0,0.0,1.0
0.36575386105720636,0.6588328920011042,-0.22388177518384705,0.42353080150709743,0.06977807633385541,0.10328200047218458,-0.5299177083993446,-0.1276069747548473,-0.1602799032706322,0.1700808808068098,0.39318971913806294,-0.15087228630747962,0.047350025765507245,-0.12207698866342716,1.0896690432783587,-0.37222210454461474,0.18707254816209204,1.0,0.0,0.0
1.249315292834028,1.4129106203916921,0.7857915522533914,2.0038891391254756,-0.5793203081671255,0.10328200047218458,0.9805256290568046,1.0925393974030562,0.6367663760838044,0.37540622330600387,1.1368805664508612,1.6069192260993035,1.2904396680211787,1.0751247952204754,1.3834036620959618,1.3257913406278135,0.942534851283128,1.0,0.0,0.0
-1.2931778067686628,-0.8776713515616734,-0.8562561223682227,-1.3033508256917927,1.3679748453358174,1.0566543125231187,-0.7847282714254834,-0.9410378895267829,-0.9860485710702727,-0.8052144960643629,-0.40940733390248263,-0.8967772372958849,-0.34040270668121586,-0.7871890908211507,-0.37324454847989763,-0.9302095256211065,-1.4290430116791117,0.0,0.0,1.0
-0.40961637499184106,-0.15194240995268604,-0.399246089949262,0.28224048655446116,0.7188764608348364,-0.21450877021146011,0.5630047065079498,0.2791084826311205,0.7013917500855148,0.16274783286041042,0.37109989199015825,0.051505025976196134,-0.728155439127939,-0.5211442499580612,-0.5287511113833341,-0.035505557343283416,-0.36757066172423825,1.0,0.0,0.0
-1.6177513939519852,-0.543155667538781,-0.28765061691672505,-0.3718813419299671,0.06977807633385541,-0.21450877021146011,-2.6758524500291165,-2.1611842616846864,-0.21054408304973998,-0.9152102152603598,-0.9174733583042955,-0.052574734626837365,-0.317593722419644,-0.6310323364015111,-0.9319162744663181,-0.40589375926474763,-1.2521309533532994,1.0,0.0,0.0
-0.5178075707196155,-0.3673931894928547,-0.8828264730902552,-0.5236376061383543,1.3679748453358174,0.7388635418394739,0.6888749846292962,-0.1276069747548473,0.4285290598560685,-1.0105398385635576,-0.8512038768605809,0.011029563519460816,-0.3689139370081808,-0.017972485717001024,-0.4884345950750359,-1.0600859081130485,-0.5683897549589442,1.0,0.0,0.0
-0.8784448898121956,-0.6225322705272642,-0.3035928273499448,-0.10499963590832034,0.7188764608348364,1.0566543125231187,-0.46544756594694775,-0.5343224321408151,-0.6772828952843196,-0.24056980419157836,-0.32841130102683064,-0.023663690014883682,-0.5114700886430056,-0.34185316155032697,-1.2486889026029484,-0.37703234093320526,-0.5540455340136078,1.0,0.0,0.0
-0.6981262302659056,-0.12359362317108497,1.0993216907733763,0.46016162390222554,0.7188764608348364,1.0566543125231187,0.6704549439286108,0.2791084826311205,0.18438875807182742,-1.2085321331163517,-0.3431378524587675,0.49673511300028295,-0.1123128640654963,-0.5384950004491325,-1.1047013443590255,-0.8147638522949356,-0.032872172999728624,0.0,1.0,0.0
-1.7620063215890176,-0.35038391742389347,-1.0422485774224508,-0.9004117793453849,-0.5793203081671255,0.42107277115582925,-2.820142768851147,-1.7544688042987184,-1.6394829081986841,-0.3285663795483761,-0.689211811109278,-1.3998294135438787,-0.7794756537164762,-0.4459576644967535,-1.098941842029269,-1.0552756717244582,-0.7118319644123055,1.0,0.0,0.0
0.5641043865581254,-0.6848996014467863,-0.8137435612129703,-0.3928132404414687,-1.2284186926681067,0.10328200047218458,-1.3803095874142897,-0.5343224321408151,-0.19618288882713833,-0.3652316192803751,-0.18850906242343352,-0.31277413613442046,-0.7566666694549039,-0.5442785839461559,-0.8397642371902078,-0.85805597979225,-1.0465304531368151,1.0,0.0,0.0
0.0051165419646260705,-0.12359362317108497,0.9611558670188064,-0.07883476276894322,0.06977807633385541,-1.1678810822623942,0.09636367542393676,-0.1276069747548473,1.1968529507652999,0.7053933808939947,0.5772716120372706,0.24810012933748066,-0.10090837193471015,0.19602010367287542,0.4618832893348554,-0.5934929784197753,0.04363033870873079,0.0,1.0,0.0
-0.048979055899260784,0.07484788430012244,-0.35673352879401,-0.42944406283659664,-0.5793203081671255,0.42107277115582925,-1.0211187937509376,-0.1276069747548473,-0.023848558155908525,0.544066326073199,0.37846316770612615,-0.5903201644091757,-0.4715543661852545,-0.5211442499580612,-0.26381400421451634,-0.16538193983522528,0.3735474204514616,1.0,0.0,0.0
-1.0948272812677438,-0.4637790645502977,-1.0581907878556702,-0.727723616625496,0.7188764608348364,-0.5322995408951048,-0.41325745062834085,-0.9410378895267829,-0.9429649884024651,0.3020757438420059,-0.453586988198292,-1.2610563994065012,-0.4829588583160406,-0.6136815859104402,-1.4157144701658992,-0.49247801425937593,-1.0895631159728234,1.0,0.0,0.0
-0.5358394366742444,-0.021537990757321317,0.32878151983443116,-0.0526698896295661,0.06977807633385541,0.10328200047218458,0.08715365507359447,-0.1276069747548473,-0.12437691771412608,-0.7465501124931647,-0.9174733583042955,-0.27808088260007596,-0.36321169094278777,0.028296182259188278,0.39276926137777224,-0.05955673928623565,-0.14762594056241757,1.0,0.0,0.0
1.4837295502442054,1.4129106203916921,0.9770980774520265,1.4439608539428053,-1.2284186926681067,-1.4856718529460389,0.8270252898844318,1.0925393974030562,1.7353977341128917,1.1160440658923838,1.777485553740104,1.3871952870484558,1.7523215993180115,1.1734457146698782,0.6289088568978054,0.613876355116427,2.4008639807256342,1.0,0.0,0.0
-0.5899350345381312,0.08051764165644235,-0.44707272124892056,-0.29861969713971104,0.06977807633385541,0.10328200047218458,-1.5338099265866627,-1.3477533469127507,0.16284696673792293,-2.0078343592739296,0.4373693734338724,-0.717528760701772,-0.6255150099508653,-0.5905472519223456,-1.1277393536780536,0.055888934039935015,-0.3293194058700087,0.0,1.0,0.0
0.22149893342017443,1.2541574144147263,1.3862814785713278,1.5957171181511924,-0.5793203081671255,-2.121253394313328,1.2905963141849977,1.0925393974030562,0.8952678720906481,0.5880646137515984,1.232603150758449,0.34061547209573295,0.60617014017402,1.1213934631966647,1.04935252697006,0.2531086259721434,1.2198564562262928,0.0,1.0,0.0
-2.0865799087723396,-0.6792298440904659,-1.8234168886502087,-1.664426075015197,0.7188764608348364,2.010026624574053,-1.4877598248349508,-1.7544688042987184,0.10540218984751333,-0.3505655233875753,-0.7039383625412148,-1.1858876834154217,-0.7167509469971532,-1.365547440523519,-1.5942590423883634,-0.5357701417566899,-0.44407317343269764,1.0,0.0,0.0
-0.10307465376314795,-0.021537990757321317,0.09496243348054405,-0.31431862102333735,0.06977807633385541,-0.21450877021146011,-0.21370700970425618,-0.5343224321408151,-1.345078426635334,-0.9665415508851586,-0.8217507739967073,0.27701117394943436,-0.14652634045785431,-1.3597638570264952,-0.15438345994913463,-0.6752669970258127,-0.7118319644123055,0.0,1.0,0.0
-1.52759206417884,-1.6544281093775426,-1.6214822231627612,-1.664426075015197,2.0170732298367984,2.6456081659413417,-1.0763789158529917,-1.7544688042987184,-2.5155157557774337,-1.2525304207947505,-1.6464376541851575,-1.2321453547945473,-1.976947327449004,-2.1810327136038583,-1.5712210330693357,-2.050994604162681,-1.7446158724765062,1.0,0.0,0.0
0.4018175929664646,-0.04988677753892237,-0.3833038795160426,-0.19396020458220253,-0.5793203081671255,1.0566543125231187,-0.2873871725069953,-0.5343224321408151,1.0101574258714683,1.4753634152659734,0.5257286820254923,0.6933302163615674,0.21841740772729692,0.38109477557763344,0.1508701635279817,1.0227464481466153,0.3592031995061253,1.0,0.0,0.0
-0.8784448898121956,-1.1158011605271225,-1.2282410324766788,-1.4969708869231833,2.0170732298367984,2.010026624574053,-1.0088387666171477,-1.3477533469127507,-1.8333590302038174,-1.780509872935536,-1.1310083540673763,-1.1916698923378122,-1.7317507466371052,-1.620025114392561,-2.170209275364055,-2.031753658608319,-2.313603303308173,0.0,1.0,0.0
-0.5358394366742444,-0.11792386581476508,0.31283930940121174,-0.42421108820872133,0.7188764608348364,0.10328200047218458,0.36652427236731283,-0.1276069747548473,0.9096290663132508,0.9547170110715882,0.8791659163919706,0.9997872892482763,0.1670971931387605,-0.5847636684253218,-0.23501649256573176,0.14247318903456327,-0.3388822198335659,0.0,1.0,0.0
-0.6620624983566473,-1.0137455281133585,0.11621871405817043,0.08338745069519483,-0.5793203081671255,0.7388635418394739,0.24372400102941458,-0.1276069747548473,0.3208201031865501,-1.9125047359707321,-1.4549924855699816,-1.0066392068213088,-1.3839137366481327,-0.9896145132169796,-0.6612196649677433,-0.7185591245231268,-0.7548646272483137,1.0,0.0,0.0
1.195219694970141,0.4603913845298967,0.8442463238418636,2.0143550883812265,-1.2284186926681067,-0.21450877021146011,0.8024652356168518,0.6858239400170884,0.7875589154211298,0.7567247165187935,0.6803574720608262,1.1269958855408726,0.45220949640840996,0.6413560329436991,0.2372626984743354,0.5080511545674373,1.0859770607364891,0.0,0.0,1.0
-0.012915323990002881,-0.3787327042054945,-0.4311305108157012,-0.3195515956512128,-1.2284186926681067,0.42107277115582925,-0.008016555213276948,0.2791084826311205,0.36390368585435806,-0.02791141374598489,0.37846316770612615,0.6065970825257064,0.839962228855133,0.37531119208060926,1.3373276434579058,-0.3048787951043485,0.4930825949959294,1.0,0.0,0.0
-0.39158450903721215,0.4603913845298967,0.3500378004120568,0.12525124771819846,0.06977807633385541,-0.21450877021146011,-0.6312279322531106,-0.5343224321408151,-0.21054408304973998,-0.5632239138331698,-0.8953835311563904,-0.30120971828963883,0.577658909847055,-0.31293524406520856,-0.11982644597059347,0.15209366181174397,-0.2575983011433281,0.0,1.0,0.0
0.0772440057831422,0.19958254613916646,0.7539071313869526,0.8055379493420036,-1.8775170771690877,-0.8500903115787495,-0.5544777626669242,-0.1276069747548473,0.48597383674647804,0.24341136027080776,1.158970393598766,0.42734860593159396,0.5092319570623398,-0.4112561635146113,-0.22349748790621776,-0.37222210454461474,0.4835197810323718,0.0,1.0,0.0
0.8886779737414479,0.7949070685527887,0.12153278420257664,0.2979394104380873,-1.2284186926681067,-0.8500903115787495,-0.10011675871670064,0.6858239400170884,-0.8424366288442486,0.5513993740195994,0.5772716120372706,0.7800633501974286,-0.10090837193471015,1.1329606301907122,0.254541205463606,0.7774243923285021,0.4261428972510275,1.0,0.0,0.0
1.7181438076543827,0.8289256126907105,0.6954523597984804,1.2922045897344179,0.06977807633385541,-0.5322995408951048,1.5085667958097668,1.0925393974030562,0.3567230887430562,0.4854019425020008,0.10602196621529868,0.8263210215765543,0.41229377395065886,0.8264307048484573,0.6058708475787783,0.13285271625738224,0.5217710368866016,0.0,0.0,1.0
0.4018175929664646,0.182573274070206,-0.19731142446181446,0.2508426387872086,0.06977807633385541,-0.5322995408951048,1.1954261038981266,0.6858239400170884,1.0101574258714683,0.3314079356276055,-0.3578644038907043,0.3521798899405146,-0.00967243488842265,-0.017972485717001024,0.16238916818749569,0.5657739912305225,-0.3627892547424595,1.0,0.0,0.0
-0.13913838567240586,-0.12359362317108497,0.3075252392568048,-0.46084191060384927,0.06977807633385541,-0.21450877021146011,0.5353746454569229,0.2791084826311205,-0.6126575212826092,0.02341992187881389,0.08393213906739397,-0.5498447019524407,0.19560842346572546,0.09769918422347264,0.34669324273971713,-0.7859024339633933,0.18707254816209204,0.0,1.0,0.0
0.05921213982851324,-0.11792386581476508,-0.17605514388418808,0.11478529846244745,1.3679748453358174,0.42107277115582925,0.6827349710624008,0.2791084826311205,-0.11001572349152343,-0.42389600285157325,-0.18114578670746456,0.8783609018780713,-0.7224531930625463,-0.619465169407464,0.5252378149621811,-0.2808276131613963,-0.40582191757846814,1.0,0.0,0.0
-0.7702536940844213,-2.0343018522509966,-2.115690746592567,-1.664426075015197,0.06977807633385541,1.0566543125231187,-2.537702144773981,-1.7544688042987184,-1.5604963399743705,-1.787842920881936,-0.5713993996537855,-0.8273907302271959,-1.6519193017216034,-1.550622112428277,-2.2508423079806517,-1.868205621396244,-1.7015832096404984,0.0,0.0,1.0
-1.6538151258612432,-1.297233395929369,-0.9253390342455072,-1.235322155529412,1.3679748453358174,1.0566543125231187,-1.9052807473838052,-2.1611842616846864,-0.928603794179863,-2.0078343592739296,-1.580168172741443,-1.0066392068213088,-1.7488574848332843,-1.475435526966969,-1.6288160563669047,-1.964410349168053,-1.1230329648452744,1.0,0.0,0.0
-0.3735526430825832,-0.4467697924813372,-1.3345224353648093,-0.9108777286011358,0.7188764608348364,0.10328200047218458,-1.6474001775742184,-1.7544688042987184,-1.6107605197534793,-0.8492127837427622,-1.2120043869430277,-1.4056116224662696,-1.6291103174600314,-0.5442785839461559,-2.1183737543962424,-0.9157788164553351,0.12969566438074742,1.0,0.0,0.0
0.2755945312840613,0.5681167742999802,0.5360302554662849,0.1723480193690772,-0.5793203081671255,0.42107277115582925,-0.5728978033676088,0.2791084826311205,0.9455320518697569,0.3607401274132041,0.5330919577414601,0.288575591794216,0.2925466065774056,-0.006405318722953492,-0.44811807876673737,-0.09322839400636858,0.12969566438074742,1.0,0.0,0.0
0.8886779737414479,0.5737865316563009,0.004623241025633469,0.2979394104380873,-0.5793203081671255,-0.5322995408951048,1.2568262395670757,1.0925393974030562,1.067602202761878,0.20674612053880878,0.42264282200193554,0.6528547539048322,0.13858596281179555,0.8264307048484573,1.1357450619164138,1.171863776192919,0.579147920667946,0.0,1.0,0.0
-0.7341899621751635,-1.1951777635156053,-1.2282410324766788,-1.3452146227147959,0.7188764608348364,0.7388635418394739,-0.06941669088222609,-0.5343224321408151,-1.0506739450719835,-0.4898934343691718,-1.226730938374964,-0.8909950283734941,-1.5492788725445297,-0.5500621674431796,-0.9664732884448597,-1.0552756717244582,-1.682457581713383,0.0,0.0,1.0
-1.52759206417884,-1.5920607784580203,-0.7924872806353442,-1.5702325317134391,0.7188764608348364,1.0566543125231187,-0.493077626997975,-0.5343224321408151,-0.03820975237851118,-1.3771922358835473,-1.0205592183278518,-1.3362251153975804,-1.4808519197598138,-1.0474503481872164,-0.5575486230321186,-1.343889855039885,-0.8218043249932155,1.0,0.0,0.0
0.05921213982851324,-0.3900722189181351,-0.0963440917180903,-0.6701608957188663,0.7188764608348364,0.7388635418394739,-0.39176740314420905,-0.9410378895267829,0.20593054940573088,-0.4018968590123741,-0.1958723381394014,0.6759835895943954,-1.2584643232094872,-0.5153606664610374,-0.10254793898132247,-0.17500241261240632,-0.7309575923394201,1.0,0.0,0.0
-0.39158450903721215,0.22793133292076753,0.5626006061883175,0.884032568760135,0.06977807633385541,0.42107277115582925,1.0634158122098856,0.6858239400170884,1.3332842958800235,1.0940449220531836,0.4373693734338724,0.17293141334640125,0.2412263919888692,0.20180368716989877,0.7383394011631872,0.3396928809667717,-0.1715329754713111,1.0,0.0,0.0
1.1411240971062537,1.1010739657940805,0.5200880450330655,0.774140101574751,0.06977807633385541,-0.8500903115787495,0.12706374325841133,0.2791084826311205,0.3782648800769597,1.4753634152659734,0.4300060977179045,1.57800818148735,0.8741757052474907,0.20758727066692295,1.2797326201603367,1.369083468125127,0.3592031995061253,1.0,0.0,0.0
1.2853790247432861,1.4129106203916921,1.040866919184904,2.2446059720077454,-1.2284186926681067,-1.1678810822623942,0.4709045030045266,0.6858239400170884,0.8880872749793473,1.783351429014765,1.777485553740104,1.7688210759262448,1.7808328296449762,1.370087553568683,1.095428545608116,1.580733869223107,1.0429443979004804,0.0,1.0,0.0
-0.8604130238575666,-0.299356101217012,-1.148529980310581,-1.0783329166931495,0.7188764608348364,1.0566543125231187,-0.3088772199911276,-0.9410378895267829,-0.08129333504631812,-0.511892578208371,-0.46095026391426097,-0.364814016435937,0.26403537625044066,0.30012460661930157,0.16238916818749569,0.4695692634587135,-0.7739902551754285,1.0,0.0,0.0
1.6460163438358664,1.4129106203916921,1.2853141458276045,0.9782261120618925,-1.8775170771690877,-1.1678810822623942,0.7533451270816927,1.4992548547890239,1.02451862009407,1.783351429014765,1.313599183634101,0.9014897375676345,1.3360576365443233,1.8269906498335542,0.88232695940711,1.3931346500680792,1.7744996661126236,1.0,0.0,0.0
-0.012915323990002881,-0.41842100569973617,-0.35673352879401,-0.7067917181139942,0.06977807633385541,0.42107277115582925,0.004263471920513053,-0.1276069747548473,-0.576754535726103,0.49273499044840124,-0.3505011281747364,0.02837619028663286,-0.5684925492969355,-0.567412917934251,-0.10830744131107947,-0.6800772334144033,-0.39625910361491057,1.0,0.0,0.0
-1.3653052705871789,-0.6168625131709435,-0.16542700359537527,-0.2044261538379535,0.7188764608348364,1.0566543125231187,0.12399373647496403,-0.1276069747548473,-0.41878139927747593,-1.1205355577595544,-0.3505011281747364,-1.1801054744930308,-0.7224531930625463,-0.7929726743181745,-0.06223142267302432,-1.031224489781506,-0.898306836701675,1.0,0.0,0.0
0.5641043865581254,1.2995154732652878,1.3862814785713278,0.010125805904938959,-1.2284186926681067,-2.121253394313328,-0.026436595913961514,0.2791084826311205,-0.5121291617243916,0.7053933808939947,-0.3505011281747364,0.1902780401135733,0.8114509985281682,0.37531119208060926,1.2278970991925249,0.3396928809667717,0.41179867630569117,0.0,0.0,1.0
-0.44568010690109927,-0.8720015942053531,-0.4842712122597664,-0.7381895658812467,0.06977807633385541,-1.4856718529460389,-0.6926280679220597,-0.1276069747548473,-0.21772468016104182,0.04541906571801307,-0.7849343954168657,-0.6134490000987385,-0.5342790729045774,-1.0069652637080506,0.2603007077933634,-0.7714717247976217,-0.2862867430340004,1.0,0.0,0.0
-1.0226998174492277,-0.35605367478021416,-0.3726757392272294,0.18804694325270332,0.7188764608348364,0.7388635418394739,-0.8983185224130393,-0.9410378895267829,-0.48340677327918735,-0.7612162083859645,-0.4462237124823242,-0.630795626865911,-0.5456835650353635,-1.4638683599729219,-1.093182339699512,-0.5405803781452804,-1.2138796974990698,1.0,0.0,0.0
-0.5538713026288733,0.04649909751852139,0.3659800108452769,0.5334232686924815,-0.5793203081671255,-0.5322995408951048,-0.2413370707552835,-0.1276069747548473,-0.36851721949836713,-0.5045595302619716,-1.1015552512035032,-0.7290931785465532,-0.5342790729045774,0.2133708541639463,-1.139258358337567,-0.5020984870365566,0.09144440852651788,1.0,0.0,0.0
-0.8063174259936796,-1.1781684914466448,-1.3292083652204028,-1.099264815204651,0.7188764608348364,0.10328200047218458,-1.4908298316183983,-1.3477533469127507,-0.3900590108322706,-1.2451973728483505,-0.21796216528730608,-0.9141238640630569,-2.0111608038413618,-1.469651943469945,-1.335081437549302,-1.8393442030647011,-0.9604651274647983,0.0,1.0,0.0
1.3034108906979154,0.9139719730355137,0.9186433058635544,0.6485487105057409,-1.2284186926681067,-0.5322995408951048,-1.140849058305388,-0.1276069747548473,0.773197721198527,1.2333728330347802,0.8644393649600338,1.4218885405828008,0.36667580542751516,0.7223262019020302,1.0090360106617622,0.3493133537439524,0.048411745690509225,0.0,1.0,0.0
1.3575064885618024,0.8345953700470303,0.9558417968744002,0.7218103552959968,-1.8775170771690877,-0.5322995408951048,0.4954645572721061,1.4992548547890239,-0.21054408304973998,1.453364271426774,0.4741857520137139,0.8263210215765543,0.8228554906589542,-0.4575248314908006,0.456123787005098,0.9409724295405776,0.09622581550829631,0.0,0.0,1.0
0.5821362525127547,0.5340982301620593,1.0833794803401569,1.0619537061078994,-0.5793203081671255,-0.5322995408951048,0.7656251542154826,1.0925393974030562,0.3854454771882615,0.4854019425020008,0.35637334055822145,-0.15087228630747962,1.256226191628821,1.005721793256191,0.2372626984743354,-0.035505557343283416,0.679557467285299,1.0,0.0,0.0
-0.6800943643112763,0.42070308303565507,-0.27170840648350564,-0.8742469062060078,0.7188764608348364,0.42107277115582925,-0.36106733530973445,-0.5343224321408151,-1.093757527739791,-0.45322819463717284,1.0632478092911783,0.4909529040778917,-0.1693353247194262,0.03986334925323581,-0.04495291568375333,-0.05474650289764514,0.4165800832874699,1.0,0.0,0.0
-0.7161580962205345,-0.5374859101824611,-0.6543214568807747,-1.3452146227147959,0.7188764608348364,1.0566543125231187,-0.6128078915524255,-0.9410378895267829,-1.02913215373808,-1.2965287084731494,0.19438127480691852,-0.7001821339345995,-0.8307958683050131,-1.1862563521157847,-0.7188146882653125,-1.2332544181023046,-1.4338244186608904,0.0,1.0,0.0
0.2936263972386902,0.8572743994723115,-0.10165816186249689,-0.12593153441982216,0.7188764608348364,0.42107277115582925,-0.05099665018154108,0.2791084826311205,1.5702440005529636,-0.19657151651318,0.48891230344565073,0.45047744162115644,0.047350025765507245,0.3232589406073966,0.7901749221309988,0.5561535184533418,0.5456780717954952,0.0,1.0,0.0
0.4739450567849804,0.8912929436102325,0.6051131673435702,0.9677601628061415,-1.8775170771690877,-1.4856718529460389,-0.5514077558834765,0.2791084826311205,1.4194514612156373,1.4900295111587731,0.26801403196660156,1.1906001836871714,0.6802993390241295,0.8495650388365514,0.467642791664612,0.8110960470486354,0.19663536212564928,1.0,0.0,0.0
0.023148407919255022,-0.543155667538781,0.06307801261410524,0.08862042532307032,-0.5793203081671255,-0.5322995408951048,-0.4777275930807377,0.2791084826311205,0.572141002082093,-0.6365543932971678,0.17965472337498173,0.288575591794216,-0.4487453819236826,0.47941569502703624,-0.6439411579784724,0.2964007534694574,0.12969566438074742,0.0,1.0,0.0
0.0772440057831422,0.7212002229206261,0.5413443256106919,1.0410218075963977,-1.2284186926681067,-0.8500903115787495,0.40950436733557743,0.6858239400170884,0.9886156345375638,1.4386981755339743,1.0264314307113367,1.3351554067469398,1.4044845893290385,1.3180353020954703,0.7556179081524578,0.7197015556654166,1.0142559560098086,1.0,0.0,0.0
0.13133960364702937,0.7382094949895867,0.270326748245959,-0.031737991118064475,0.06977807633385541,-0.5322995408951048,0.5200246115396857,0.6858239400170884,-0.09565452926892078,0.9913822508035872,0.776080056368415,-0.041010316782055724,1.284737421955786,0.38109477557763344,0.20270568449579424,-0.5020984870365566,0.7321529440848644,1.0,0.0,0.0
-0.4997757047649862,-1.824520830067149,-1.292009874209557,-0.9893723480192672,1.3679748453358174,0.42107277115582925,-0.2904571792904426,-0.1276069747548473,-1.4958709659726597,-0.9812076467779584,-0.30632147387892594,-0.7059643428569904,-0.7452621773241181,-0.4980099159699666,-0.9376757767960751,-0.44918588676206195,-0.6018596038313949,0.0,0.0,1.0
2.2771316522478817,1.4129106203916921,0.950527726729994,0.8787995941322595,-1.8775170771690877,-1.4856718529460389,0.8792154052030382,1.4992548547890239,1.476896238106048,0.3827392712524043,0.62145126633308,0.9477474089467602,1.4444003117867896,1.3990054710538014,0.9802384990129778,1.4989598506170692,1.3107031888800886,1.0,0.0,0.0
-1.7079107237251303,-2.039971609607317,-0.45238679139332716,-0.7381895658812467,0.7188764608348364,1.692235853890408,-0.9505086377316457,-0.9410378895267829,-2.127763511767167,-0.6365543932971678,-2.3754019500660197,-1.1627588477258584,-2.2278461543262953,-0.6657338373836533,-1.6460945633561759,-1.6613654566868545,-1.4577314535697838,0.0,1.0,0.0
0.7083593141951577,1.4129106203916921,1.046180989329311,1.1299823762702796,0.06977807633385541,-1.8034626236296836,1.2077061310319157,0.6858239400170884,0.30645890896394745,0.7347255726795943,0.4373693734338724,1.1038670498513101,0.6004678941086273,0.5661694474823915,1.250935108511552,0.5994456459506557,0.8851579675017833,1.0,0.0,0.0
1.159155963060883,1.4129106203916921,1.131206111639815,1.1875450971769095,-0.5793203081671255,-1.4856718529460389,0.04724356688877762,0.2791084826311205,1.5558828063303611,1.783351429014765,0.4962755791616186,1.6705235242456022,0.9140914277052418,0.7107590349079835,1.1357450619164138,2.0954291628022848,1.023818769973366,0.0,1.0,0.0
1.5558570140627213,1.4129106203916921,1.8645477915679145,1.4962906002215595,0.06977807633385541,-0.5322995408951048,1.428746619440133,1.0925393974030562,1.2758395189896128,1.7613522851755659,1.777485553740104,1.3525020335141118,1.4444003117867896,1.2717666341192801,1.8153663368277304,0.8255267562144066,0.6747760603035201,1.0,0.0,0.0
-0.6981262302659056,0.04649909751852139,0.32878151983443116,0.05722257755581771,0.7188764608348364,0.7388635418394739,0.031893532971540337,-0.1276069747548473,-0.6844634923956214,-0.20390456445957936,0.7687167806524461,-0.8852128194511033,-0.186442062915605,-0.1625620731425931,-0.24653549722524534,-0.46361659592783316,-0.3341008128517875,0.0,0.0,1.0
-0.7161580962205345,-0.5658346969640622,-0.18668328417300126,0.3188713089495889,-1.2284186926681067,0.42107277115582925,-0.7970082985592729,-0.5343224321408151,-0.39723960794357244,-0.2919011398163771,0.0029361061917430394,-0.041010316782055724,-0.186442062915605,-0.22039790811282994,-0.08526943199205189,-0.2231047764983108,0.4261428972510275,0.0,0.0,1.0
-0.012915323990002881,0.636153862575823,-0.021947109696399122,0.46539459853010107,-0.5793203081671255,-0.21450877021146011,-0.31194722677457487,-0.1276069747548473,0.5936827934159964,0.3900723191988037,0.025025933339647744,0.3695265167076866,0.7943442603319893,0.10348276772049682,0.40428826603728624,0.24348815319496273,0.3878916413967976,0.0,1.0,0.0
0.0772440057831422,0.5227587154494188,0.5041458345998461,0.45492864927435006,-1.2284186926681067,-0.5322995408951048,-0.24440707753873075,0.2791084826311205,0.1269439811814168,-0.01324531785318509,0.4447326491498413,0.41578418808681233,-0.699644208800974,0.5372515299972731,0.277579214782634,0.08475035237147777,-0.0711234288539585,1.0,0.0,0.0
-0.048979055899260784,0.9196417303918335,1.2056030936615068,0.44446270001859906,-0.5793203081671255,-0.5322995408951048,0.1362737636087536,0.2791084826311205,0.2131111465170317,-1.3918583317763464,0.9527986735516537,-0.2896453004448576,0.09296799428865099,0.6876247009198885,-0.19469997625743318,0.8543881745459497,0.4309243042328059,1.0,0.0,0.0
-0.8243492919483085,0.0011410386679590494,-0.34079131836079024,-0.4137451389529705,0.7188764608348364,-0.5322995408951048,-0.7908682849923784,-0.9410378895267829,0.18438875807182742,-0.45322819463717284,0.3490100648422525,-0.37637843428071865,-0.3347004606158228,-0.24353224210092458,-0.33292803217159905,0.16652437097751552,0.34007757157901053,1.0,0.0,0.0
-1.0587635493584857,-1.2462055797224871,-0.7021480881804337,-1.1044977898325266,1.3679748453358174,0.42107277115582925,-1.3803095874142897,-1.7544688042987184,-0.6701022981730188,-1.1205355577595544,-0.8364773254286441,-1.01820362466609,-0.9733520199398378,-1.4002489415056611,-0.8512832418497214,-0.5646315600882327,-0.16675156848953268,0.0,1.0,0.0
0.2395307993748034,-0.19730046880324836,-1.0475626475668574,-1.2562540540409137,0.06977807633385541,0.42107277115582925,-0.4009774234945513,-0.1276069747548473,-0.6701022981730188,0.1774139287532092,0.27537730768256946,0.20762466688074616,0.45220949640840996,0.32904252410442,-0.21197848324670376,-0.08360792122918789,0.18707254816209204,1.0,0.0,0.0
-0.7702536940844213,-1.7621534991476266,-1.525828960563444,-0.7224906419976205,0.7188764608348364,1.0566543125231187,-1.576790021554927,-1.7544688042987184,-1.0578545421832848,-1.6631811057931392,-2.2723160900424633,-1.4807803384573488,-1.7944754533564282,-1.9959580416991005,-1.905272168195237,-1.483386710309008,-1.7972113492760724,0.0,1.0,0.0
0.9067098396960771,-0.04988677753892237,-0.35673352879401,0.28224048655446116,0.06977807633385541,-0.8500903115787495,0.19767389927770274,0.2791084826311205,0.11258278695881516,0.11141649723561164,-0.6965750868252459,0.3001400096389976,-0.2035488011117842,-0.012188902219977258,0.08175613557089854,-0.18462288538958735,0.06275596663584555,1.0,0.0,0.0
1.1230922311516252,1.4129106203916921,1.1524623922174415,1.920161545079469,0.7188764608348364,-0.5322995408951048,2.1379181864164956,1.4992548547890239,0.816281303866335,1.504695607051573,0.7687167806524461,0.9304007821795881,1.4615070499829683,1.040423294238333,1.7347333042111333,1.3931346500680792,1.3680800726614333,1.0,0.0,0.0
-0.319457045218696,-0.015868233401001425,-0.2504521259058796,-0.1573293821870746,-0.5793203081671255,-1.4856718529460389,-0.41325745062834085,-0.1276069747548473,0.4716126425238764,-0.11590798910278265,0.09129541478336185,0.5603394111465807,0.12147922461561594,1.040423294238333,0.5252378149621811,0.15690389820033449,-0.028090766017949846,1.0,0.0,0.0
0.22149893342017443,0.5624470169436604,1.003668428174059,1.0200899090848958,0.06977807633385541,-0.8500903115787495,0.5016045708390011,0.2791084826311205,0.3854454771882615,-0.4018968590123741,-0.4462237124823242,0.4851706951555013,0.4978274649315537,1.2081472156520199,0.12207265187919711,0.07512987959429708,0.27791928081588746,0.0,1.0,0.0
-0.08504278780851901,-1.0307548001823192,-0.7234043687580597,-1.2824189271802908,0.7188764608348364,0.42107277115582925,-0.2904571792904426,-0.9410378895267829,0.2346529378509352,-0.2919011398163771,-1.153098181215281,-0.5035870305733146,-0.5798970414277216,-0.0989426546753325,-0.18894047392767618,-0.5357701417566899,-0.9652465344465768,1.0,0.0,0.0
0.7444230461044156,0.09185715636908293,0.32346744969002417,0.2717745372987102,-0.5793203081671255,-0.21450877021146011,0.529234631890028,0.2791084826311205,1.1968529507652999,1.504695607051573,1.777485553740104,1.3004621532125948,0.771535276070417,1.3411696360835645,0.0011231029543018224,0.8688188837117209,0.961660479210243,0.0,0.0,1.0
1.4656976842895761,1.4129106203916921,1.179032742939474,1.2608067419671654,-1.2284186926681067,-1.4856718529460389,1.2537562327836276,1.0925393974030562,0.7444753327533228,1.4460312234803747,1.0779743607231151,1.1906001836871714,2.0317316565222674,0.820647121351433,1.060871531629574,1.1141409395298334,1.0811956537547107,1.0,0.0,0.0
-0.7522218281297924,0.14855472993228505,0.09496243348054405,-0.5498024792777314,-0.5793203081671255,-0.8500903115787495,-0.03564661626430379,0.2791084826311205,0.29927831185264664,0.7200594767867945,-0.880656979724454,-0.5440624930300499,0.00173205724236349,0.167102186187757,0.11631314954944053,0.06550940681711605,-0.10459327772640925,1.0,0.0,0.0
-1.0226998174492277,-1.5807212637453796,-1.1910425414658332,-0.8742469062060078,1.3679748453358174,2.3278173952576973,-0.46851757273039546,-0.9410378895267829,-0.31825303971925833,-0.42389600285157325,-1.2340942140909323,-0.5093692394957055,-0.46585212011986177,-0.08159190418426121,-1.1853343769756226,-0.32411974065871024,-1.4625128605515627,1.0,0.0,0.0
-2.0865799087723396,-2.64663564673358,-2.2219721494806977,-1.664426075015197,2.0170732298367984,2.010026624574053,-1.8684406659824355,-2.1611842616846864,-3.068421733347628,-1.4725218591867444,-2.5153041886694174,-2.4521914374189926,-1.880009144337323,-2.794092564288369,-2.573374438447039,-2.04618436777409,-1.8067741632396297,1.0,0.0,0.0
-0.6079669004927605,-1.3879495136304925,-0.5480400539926443,-0.6649279210909907,0.06977807633385541,1.3744450832067634,-1.0702389022860967,-0.9410378895267829,-0.05975154371241465,-0.8198805919571627,-1.0426490454757564,-1.9433570522486077,0.047350025765507245,-0.35920391204139823,-0.20621898091694718,-0.38184257732179544,-0.9987163833190279,1.0,0.0,0.0
0.4018175929664646,1.4129106203916921,1.0196106386072785,0.03629067904431608,0.06977807633385541,-0.5322995408951048,0.5660747132913979,0.6858239400170884,0.7085723471968166,-0.16723932472758038,1.1442438421668302,1.5375327190306154,1.923388981279801,2.046766822720454,0.2257436938148214,0.9121110112090345,0.24923083892521514,1.0,0.0,0.0
0.4018175929664646,0.6758421640700646,0.3447237302676506,0.1985128925084543,-0.5793203081671255,0.42107277115582925,0.3112641502652587,0.2791084826311205,0.6295857789725026,0.6100637575907976,0.5993614391851753,0.514081739767455,-0.4031274134005388,-0.13364415565747467,-0.13710495295986405,0.7389425012197787,-0.07590483583573694,1.0,0.0,0.0
0.5100087886942386,-0.19163071144692767,-0.46301493168214036,-0.4189781135808458,0.7188764608348364,0.10328200047218458,-0.06941669088222609,-0.1276069747548473,0.6367663760838044,0.7200594767867945,-1.4255393827061085,0.6123792914480977,-0.5171723347083986,-1.27301010457114,-1.1219798513482966,-1.3775615097600182,-0.1763143824530899,1.0,0.0,0.0
-0.03094718994463183,0.14855472993228505,0.49351769431103293,-0.016039067234438164,-0.5793203081671255,0.10328200047218458,-0.385627389577314,-0.1276069747548473,-0.6341993126165126,-0.5705569617795692,-0.8143874982807394,0.02259398136424245,-0.20925104717717727,-0.012188902219977258,-0.07375042733253791,-0.6223543967513178,-0.4823244292869272,1.0,0.0,0.0
1.411602086425689,1.4129106203916921,0.7857915522533914,0.8997314926437612,-1.2284186926681067,-0.5322995408951048,1.4440966533573705,1.4992548547890239,1.7353977341128917,0.654062045269196,1.777485553740104,0.444695232698766,1.6040632016177931,2.1046026576906907,1.4582771923828015,0.9024905384318541,0.9377534443013494,1.0,0.0,0.0
0.7083593141951577,1.237148142345766,0.9080151655747412,1.637580915174196,0.06977807633385541,0.42107277115582925,0.817815269534089,1.0925393974030562,1.7353977341128917,0.4194045109844033,0.7539902292205093,1.4739284208843169,1.381675605067467,0.6702739504288177,1.1587830712354417,0.8062858106600452,0.9951303280826934,1.0,0.0,0.0
-0.048979055899260784,-0.49212785133189874,-0.420502370526888,-0.5131716568826035,1.3679748453358174,2.010026624574053,-0.14309685368496478,-0.5343224321408151,-0.7490888663973319,-1.1132025098131546,0.03238920905561563,-0.561409119797222,-0.5684925492969355,-0.8450249257913875,-0.0795099296622949,-0.3674118681560242,-0.39625910361491057,0.0,1.0,0.0
1.2312834268793988,0.9593300318860752,0.8389322536974566,1.082885604619401,-1.2284186926681067,-0.8500903115787495,1.2967363277518922,1.4992548547890239,0.241833534962237,0.690727285001195,1.306235907918132,1.0402627517050116,1.0452430872092804,0.6240052824526283,1.4294796807340169,1.3354118134049944,0.8851579675017833,1.0,0.0,0.0
-1.0226998174492277,-1.8585393742050702,-1.9243842213939328,-1.2300891809015366,2.6661716143377796,2.010026624574053,-0.45316753881315813,-1.3477533469127507,-1.093757527739791,-2.169161414094725,-1.999874888551636,-1.740979739964932,-0.762368915520297,-1.6662937823687507,-0.8167262278711798,-1.2380646544908953,-1.6298621049138176,0.0,1.0,0.0
1.159155963060883,1.4129106203916921,1.5935302142031824,0.5962189642269866,-0.5793203081671255,-0.8500903115787495,1.9352977387089634,1.4992548547890239,0.4644320454125746,1.7026879016043677,0.7834433320843829,1.288897735367813,0.8741757052474907,1.8327742333305777,1.6310622622755089,1.5326315053372024,1.5975876077868112,0.0,1.0,0.0
-0.15717025162703513,-0.06122629225156296,0.72733678066492,1.0357888329685223,0.06977807633385541,0.42107277115582925,0.8792154052030382,0.6858239400170884,0.0982215927362125,1.4240320796411745,0.48891230344565073,1.0344805427826211,0.8855801973782769,0.5083336125121546,-0.3502065391608701,0.517671627344618,1.038162990918702,0.0,1.0,0.0
-0.2473295814001802,0.7041909508516656,-0.10165816186249689,0.020591755160689958,0.06977807633385541,-0.5322995408951048,-0.8277083663937476,-0.9410378895267829,-0.05975154371241465,0.2727435520564074,0.12811179336320339,-0.017881481092492865,-0.5684925492969355,0.01672901526514116,-0.3847635531394112,-0.4395654139848809,-0.5827339759042801,1.0,0.0,0.0
1.8083031374275278,1.4129106203916921,2.071796527199769,1.6218819912905695,0.06977807633385541,0.10328200047218458,1.2875263074015502,1.4992548547890239,1.7353977341128917,1.783351429014765,0.21647110195482325,1.3525020335141118,0.7772375221358098,1.5493786419764175,1.999670411379951,0.9265417203748064,1.6310574566592622,1.0,0.0,0.0
0.7624549120590449,0.5511075022310198,0.6476257284988223,-0.10499963590832034,-0.5793203081671255,-0.21450877021146011,0.20074390606115045,0.6858239400170884,0.32800070029785194,1.336035504284378,-0.9837428397480101,0.8147566037317734,0.66319260082795,0.167102186187757,0.5828328382597503,0.5561535184533418,0.6317433974675118,1.0,0.0,0.0
0.8526142418321899,1.4129106203916921,1.7954648796906298,1.9515593928467212,-1.2284186926681067,-2.121253394313328,1.044995771509201,1.4992548547890239,0.6295857789725026,1.4093659837483759,-0.5493095725058798,0.6644191717496138,2.0659451329146257,0.8958337068127408,1.7635308158599177,1.9463118347559807,1.4923966541876794,1.0,0.0,0.0
-0.06701092185389006,-0.3957419762744558,0.2012438363686744,-0.2567559001167078,0.7188764608348364,-0.8500903115787495,1.0419257647257538,0.2791084826311205,-0.7131858808408258,0.690727285001195,-0.9174733583042955,0.6644191717496138,-1.247059831078701,-0.23196507510687706,0.6001113452490209,-0.5502008509224611,-0.3293194058700087,1.0,0.0,0.0
0.2755945312840613,0.49440992866781763,0.11090464391376384,-0.6230641240679875,1.3679748453358174,-0.21450877021146011,0.5016045708390011,-0.1276069747548473,0.17002756384922477,0.28007660000280676,0.18701799909095065,0.5256461576122367,-0.34040270668121586,-0.3534203285443745,0.5252378149621811,-0.3577913953788432,0.7464971650302011,1.0,0.0,0.0
0.4378813248757225,0.2449406049897288,-0.08571595142927749,-0.581200327044984,0.06977807633385541,-0.5322995408951048,0.18539387214391317,0.2791084826311205,0.18438875807182742,0.3680731753596045,0.26801403196660156,-0.31277413613442046,0.42940051214683767,0.167102186187757,0.7671369128119717,0.6186865915050175,-0.3819148826695746,0.0,0.0,1.0
0.8886779737414479,1.2541574144147263,1.2481156548167587,0.7113444060402457,-1.8775170771690877,-1.1678810822623942,-0.24747708432217846,0.6858239400170884,0.6295857789725026,0.3900723191988037,0.6656309206288904,1.2079468104543434,0.37808029755830047,1.329602469089517,0.3812502567182583,0.580204700396294,0.45004993215992106,1.0,0.0,0.0
0.9608054375599636,0.6134748331505426,-0.1229144424401229,0.49155947166947817,-0.5793203081671255,-0.21450877021146011,0.23144397389562502,0.6858239400170884,0.7013917500855148,0.6320629014299968,0.9748885006995583,0.6875480074391771,0.4807207267353749,1.2370651331371383,0.7037823871846451,0.7293220284425976,1.2102936422627353,1.0,0.0,0.0
-0.6800943643112763,-0.6111927558146237,0.32346744969002417,-0.2829207732560849,0.06977807633385541,1.0566543125231187,-0.47465758629729,-0.1276069747548473,-0.5264903559469943,-1.4138574756155462,-0.8143874982807394,-0.23760542014334066,-0.39172292126975267,-1.1746891851217376,-0.540270116042848,-0.8628662161808401,-0.9987163833190279,1.0,0.0,0.0
0.4559131908303514,1.4129106203916921,1.2002890235170998,1.6061830674069435,0.06977807633385541,0.7388635418394739,1.259896246350523,1.0925393974030562,1.7353977341128917,0.5953976616979978,0.8644393649600338,1.7803854937710257,1.398782343263646,1.5262443079883226,0.4273262753563134,0.9938850298150722,1.4493639913516707,1.0,0.0,0.0
-2.0144524449538235,-2.039971609607317,-2.5780148491559345,-1.664426075015197,1.3679748453358174,1.692235853890408,-2.2521915139133677,-2.1611842616846864,-1.9985127637637454,-1.567851482489942,-2.544757291533291,-1.4865625473797397,-1.9598405892528248,-1.9959580416991005,-1.8188796332488832,-1.7575701844586635,-1.8402440121120804,1.0,0.0,0.0
1.03293290137848,1.4129106203916921,1.5935302142031824,2.0457529361484794,-0.5793203081671255,-1.1678810822623942,1.5730369382621632,1.4992548547890239,1.4625350438834452,1.1380432097315831,1.615493487988801,1.0402627517050116,1.0566475793400665,1.2775502176163043,1.5331507226696413,1.388324413679489,1.798406701021517,0.0,1.0,0.0
-0.6981262302659056,0.19958254613916646,0.4138066421449351,0.564821116459734,0.06977807633385541,-0.21450877021146011,0.27442406886388915,0.6858239400170884,0.8880872749793473,0.9987152987499865,0.7466269535045413,-0.08148577923879104,-0.015374680953815317,1.0809083787174987,1.4122011737447464,0.9024905384318541,0.5887107346315036,1.0,0.0,0.0
-0.13913838567240586,-0.15194240995268604,-0.10165816186249689,-0.25152292548883226,0.7188764608348364,1.0566543125231187,0.02882352618809262,-0.1276069747548473,0.3567230887430562,-0.9005441193675605,-1.0426490454757564,-0.38216064320310905,-0.23776227750414222,-0.2666665760890192,0.18542717750652285,-0.5117189598137376,-0.24325408019799175,0.0,0.0,1.0
0.25756266532943234,-0.5828439690330226,-0.399246089949262,-0.32478457027908814,1.3679748453358174,0.42107277115582925,-0.00494654842982923,-0.5343224321408151,0.29927831185264664,-0.8785449755283609,-0.5272197453579751,-0.8100441034600239,-0.6939419627355814,-0.6483830868925824,-1.1853343769756226,0.012596806542621056,-1.1565028137177251,1.0,0.0,0.0
0.8345823758775607,1.0500461495871982,1.4925628814594583,1.8207350271498355,0.06977807633385541,-0.21450877021146011,2.1379181864164956,1.4992548547890239,0.6152245847499009,1.6660226618723686,0.6656309206288904,0.5429927843794087,0.60617014017402,-0.42282333050865883,0.4273262753563134,1.657697651440554,0.8995021884471193,1.0,0.0,0.0
-1.4374327344056952,-2.66364491880254,-3.130678144174212,-1.664426075015197,2.0170732298367984,2.010026624574053,-2.040361045855493,-2.1611842616846864,-1.6251217139760816,-1.6558480578467394,-1.0573755969076932,-2.0416546039292505,-2.051076526299113,-1.620025114392561,-0.736093195254583,-2.04618436777409,-1.4577314535697838,0.0,1.0,0.0
-0.7161580962205345,0.006810796024279745,-0.45770086153773376,-0.7015587434861189,1.3679748453358174,1.0566543125231187,-0.9013885291964866,-0.9410378895267829,-1.2804530526336229,-0.07924274937078367,-0.08542320239987683,-0.20291216660899658,-0.0952061258693175,-0.4922263324729428,-0.45963708342625137,-0.3914630500989765,0.5074268159412654,1.0,0.0,0.0
1.0870284992423673,1.4129106203916921,0.5785428166215376,1.2608067419671654,-0.5793203081671255,-0.5322995408951048,1.2967363277518922,1.4992548547890239,0.816281303866335,0.9840492028571868,0.21647110195482325,0.7338056788183028,1.1307767781901752,0.5893037814704857,1.417960676074503,0.6331173006707886,0.7943112348479883,0.0,1.0,0.0
-2.0865799087723396,-2.65797516144622,-1.4301756979641265,-1.1358956375997789,-1.2284186926681067,1.0566543125231187,-2.2030714053782083,-1.7544688042987184,-0.7634500606199345,0.10408344928921123,-0.46095026391426097,-1.9317926344038265,-1.4523406894328488,-1.5390549454342295,-1.7094490889835017,-1.9451694036136908,-2.0840957681827947,1.0,0.0,0.0
-1.3292415386779208,-1.2065172782282458,-1.0900752087221093,-0.7329565912533713,0.7188764608348364,0.42107277115582925,-0.03871662304775152,0.2791084826311205,-1.1655634988528032,-0.04991055758518407,-0.6523954325294364,-1.0297680425108717,-0.6198127638854722,-0.6946517548687717,-0.44235857643698034,-0.41551423204192867,-0.43451035946914013,1.0,0.0,0.0
-1.0046679514945986,-0.8720015942053531,-1.5045726799858177,-1.664426075015197,2.0170732298367984,2.010026624574053,-0.9228785766806189,-1.3477533469127507,-1.8764426128716245,-0.753883160439564,-1.5507150698775698,-1.3304429064751901,-1.332593522059596,-1.3308459395413768,-1.340840939879059,-1.0360347261700964,-0.3914776966331318,0.0,0.0,1.0
0.3296901291479485,-0.4637790645502977,-0.9944219461227922,0.2770075119265857,-0.5793203081671255,0.10328200047218458,0.25293402137975685,0.2791084826311205,0.29927831185264664,-0.11590798910278265,0.27537730768256946,-0.34746738966876495,0.6802993390241295,0.005161848271094038,0.04719912159235738,0.2194369712520105,0.4165800832874699,1.0,0.0,0.0
-0.319457045218696,-0.00452871868836084,0.7539071313869526,1.4648927524543067,-0.5793203081671255,-0.8500903115787495,0.9283355137381973,1.0925393974030562,0.4428902540786711,0.3607401274132041,0.702447299208732,0.444695232698766,0.4864229728007676,0.7165426184050069,1.6598597739242935,0.40703619040703787,0.8325624907022178,1.0,0.0,0.0
0.3296901291479485,0.5170889580930988,0.12153278420257664,0.42353080150709743,-1.2284186926681067,-0.5322995408951048,-0.4961476337814223,-0.1276069747548473,1.4984380294399515,1.783351429014765,1.2694195293382906,1.4681462119619264,0.965411642293779,1.040423294238333,1.216378094533011,1.1526228306385569,0.2827006877976662,1.0,0.0,0.0
0.2755945312840613,0.3243172079782113,1.4181658994377675,0.6014519388548618,0.7188764608348364,0.10328200047218458,2.0642380236137563,1.0925393974030562,-0.5121291617243916,0.05275211366441349,0.3195569619783799,0.10932711520010349,0.07015901002707953,0.06878126673835422,0.10479414488992653,0.6042558823392463,0.3113891296883382,0.0,1.0,0.0
1.591920745971979,1.4072408630353723,1.4447362501598,1.6585128136856977,-0.5793203081671255,-0.5322995408951048,1.5975969925297433,1.4992548547890239,1.7353977341128917,1.6586896139259681,0.9086190192558443,2.0926247755801257,0.4636139885391953,1.2949009681073753,1.083909540948602,1.3017401586848611,1.4158941424792204,1.0,0.0,0.0
0.3116582631933195,-0.917359653055915,-0.6171229658699293,-0.9736734241356408,0.7188764608348364,1.692235853890408,0.08408364829014675,-0.1276069747548473,0.10540218984751333,-0.6145552494579686,-0.5198564696420072,0.2654467561046535,-0.038183665215387595,-0.2261814916098533,-0.11982644597059347,-0.848435507015069,-0.48710583626870596,0.0,1.0,0.0
0.3116582631933195,0.12020594315068399,0.21718604680189382,-0.03697096574593979,-0.5793203081671255,-0.8500903115787495,0.10557369577427904,0.2791084826311205,0.7444753327533228,0.01608687393241451,0.157564896227077,-0.3879428521254999,0.8741757052474907,0.06878126673835422,0.7383394011631872,0.1809550801432867,0.24444943194343635,0.0,0.0,1.0
0.041180273873884295,-0.04988677753892237,-0.3248491079275708,-0.6021322255564857,-0.5793203081671255,-0.5322995408951048,-0.9535786445150936,-0.5343224321408151,0.32800070029785194,-0.5192256261547714,-0.843840601144612,0.5487749933017991,-0.7680711615856901,-0.4575248314908006,-0.2868520135335439,-1.406422928091561,-0.9939349763372491,1.0,0.0,0.0
-0.5538713026288733,-0.044217020182602484,-0.17074107373978187,0.12001827309032295,0.06977807633385541,0.10328200047218458,0.4985345640555534,0.2791084826311205,-0.7993530461764407,0.10408344928921123,0.1133852419312676,1.1385603033856544,0.6403836165663784,0.10926635121752017,0.646187363887076,-0.4010835228761575,-0.39625910361491057,1.0,0.0,0.0
-0.7341899621751635,-0.3050258585733319,-1.0528767177112637,-0.06313583888531692,-0.5793203081671255,0.10328200047218458,-0.6588579933041374,-0.1276069747548473,0.15566636962662211,0.11141649723561164,-0.7481180168370242,-0.20291216660899658,-0.03248141914999453,0.13818426870263859,-0.05071241801351033,-0.46361659592783316,-0.14762594056241757,0.0,0.0,1.0
0.6722955822858998,-0.19730046880324836,-0.16011293345096866,-0.42421108820872133,1.3679748453358174,0.7388635418394739,1.367346483771184,0.2791084826311205,-0.7347276721747302,-0.46789429052997267,-0.9763795640320417,-0.48045819488375174,-0.0952061258693175,-1.0127488472050743,-1.2141318886244072,-1.3005977275425709,-0.5540455340136078,1.0,0.0,0.0
-0.8964767557668246,-1.0591035869639203,-1.0369345072780443,-0.8323831091830044,1.3679748453358174,0.10328200047218458,-0.041786629831198796,-0.5343224321408151,-1.5102321601952624,-0.9372093590995595,-2.0587810942793827,-1.1454122209586863,-0.7110487009317602,-1.0937190161634058,-0.9722327907746167,-2.1231481499915374,-1.1517214067359467,1.0,0.0,0.0
1.8263350033821566,1.4129106203916921,1.853919651279102,1.6689787629414488,-0.5793203081671255,-1.1678810822623942,1.0542057918595429,1.4992548547890239,1.2399365334331067,1.7760183810683656,0.9675252249835905,0.9997872892482763,1.6553834162063303,1.6014308934496302,1.1703020758949558,1.6673181242177348,1.1146655026271612,1.0,0.0,0.0
-0.22929771544555094,0.8005768259091094,0.4244347824337483,0.4758605477858517,-0.5793203081671255,-1.4856718529460389,0.3481042316666283,0.6858239400170884,1.0388798143166726,0.16274783286041042,-0.07069665096794,0.7280234698959124,-0.6312172560162584,0.6008709484645333,0.669225373206104,0.6090661187278364,0.10100722249007509,0.0,0.0,1.0
-0.21126584949092198,0.35266599475981236,0.2968970989679916,0.763674152319,0.06977807633385541,-0.8500903115787495,-0.5176376812655545,-0.1276069747548473,0.6439469731951052,-0.6805526809755661,0.9380721221197169,0.994005080325886,-0.10661061800010323,0.7049754514109594,0.18542717750652285,-0.2086740673325396,0.2683564668523299,0.0,1.0,0.0
-0.26536144735480915,-0.07256580696420355,0.15341720506901582,0.5124913701809798,0.06977807633385541,-0.21450877021146011,-0.06941669088222609,0.2791084826311205,-0.16746050038193303,-1.3918583317763464,-0.09278647811584576,0.6817657985167859,-0.728155439127939,0.8032963708603621,1.1645425735651984,-0.7041284153573555,0.5552408857590524,1.0,0.0,0.0
-0.3555207771279542,-0.14627265259636613,-0.6330651763031487,-0.7486555151369976,-0.5793203081671255,-1.1678810822623942,-0.8860384952792494,-0.5343224321408151,0.6152245847499009,-0.7392170645467653,0.0029361061917430394,-0.6597066714778647,-0.5970037796239004,-0.1914799906277115,-0.5805866323511466,-1.108188271998953,0.32573335063367453,1.0,0.0,0.0
-1.311209672723292,0.09752691372540281,-0.19199735431740786,0.2717745372987102,0.7188764608348364,0.10328200047218458,-0.815428339259958,-0.9410378895267829,-0.5911157299487058,-1.1425347015987535,-2.404855052929893,-1.4171760403110512,-0.7851778997818689,-1.6489430318776794,-0.44235857643698034,-2.031753658608319,-0.9030882436834538,1.0,0.0,0.0
0.023148407919255022,0.18824303142652668,0.1746734856466418,-0.5288705807662298,0.06977807633385541,-0.21450877021146011,1.2537562327836276,1.0925393974030562,-0.6054769241713074,0.4414036548236025,-0.18114578670746456,-0.6539244625554738,-0.351807198812002,0.17866935318180455,-0.34444703683111305,-0.26158666760703425,-0.5444827200500506,0.0,1.0,0.0
-0.8063174259936796,-1.1951777635156053,-1.7065073454732655,-1.444641140644429,0.06977807633385541,1.0566543125231187,-1.7088003132431677,-1.3477533469127507,-1.3163560381901291,-0.6878857289219665,-1.2414574898069008,-1.2668386083288918,-0.796582391912655,-1.2498757705830454,-0.2926115158633009,-0.6945079425801745,-1.0417490461550363,0.0,1.0,0.0
-0.048979055899260784,0.5000796860241383,0.2862689586791792,0.0676885268115687,0.06977807633385541,-0.21450877021146011,0.29591411634802145,0.6858239400170884,0.28491711763004396,-0.511892578208371,0.039752484771584565,0.6991124252839587,1.147883516386354,-0.13942773915449805,0.2372626984743354,0.041458224874163806,-0.1285003126353028,1.0,0.0,0.0
-0.6079669004927605,-1.507014418113217,-1.8606153796610545,-0.44514298672022296,0.06977807633385541,0.42107277115582925,-1.1285690311715986,-0.9410378895267829,-0.2751694570514514,-0.45322819463717284,0.06920558763545716,-0.012099272170102046,-0.6768352245394021,-0.3823382460294929,-0.9031187628175336,-1.343889855039885,-0.7118319644123055,0.0,1.0,0.0
-0.048979055899260784,-0.2596677997227704,0.2065579065130814,-0.1625623568149501,0.06977807633385541,0.10328200047218458,0.28670409599767915,0.6858239400170884,0.0982215927362125,0.28007660000280676,0.5551817848893659,0.21918908472552698,-1.309784537798024,-0.24931582559794835,-0.20621898091694718,0.47918973623589456,-0.06634202187217972,0.0,1.0,0.0
0.25756266532943234,-0.08957507903316402,-0.3833038795160426,0.2665415626708347,-0.5793203081671255,0.42107277115582925,-0.3979074167111036,-0.1276069747548473,-0.42596199638877674,-0.1305740849955814,-0.28423164673102125,0.21918908472552698,0.2925466065774056,-0.3707710790354454,-0.01615540403496876,0.40703619040703787,0.15360269928964096,0.0,1.0,0.0
-1.221050342950147,-1.5126841754695373,0.13747499463579643,-0.42421108820872133,0.7188764608348364,1.692235853890408,-0.9075285427633817,-0.5343224321408151,-1.38098141219184,0.37540622330600387,-0.9763795640320417,-0.9719459532869643,-1.304082291732631,-1.8455848707764848,-1.075903832710241,-0.7955229067405739,-1.0991259299363807,1.0,0.0,0.0
-0.9505723536307117,-0.47511857926293827,-0.4364445809601078,-0.6439960225794891,-1.2284186926681067,-0.5322995408951048,-1.6105600961728492,-1.3477533469127507,-0.00948736393330587,-0.3725646672267755,0.22383437767079217,0.10354490627771226,-0.6426217481470441,-0.5442785839461559,0.03568011693284339,-0.06436697567482617,-1.0513118601185936,0.0,1.0,0.0
-0.5178075707196155,0.15989424464492563,-0.09103002157368409,-0.32478457027908814,-0.5793203081671255,-0.5322995408951048,-0.5452677423165818,-0.5343224321408151,1.2902007132122155,-0.11590798910278265,-0.04124354810406741,-0.017881481092492865,0.577658909847055,0.635572449446675,0.12207265187919711,0.9073007748204444,0.4070172693239124,1.0,0.0,0.0
-1.0046679514945986,-0.7982947485731905,-0.5639822644258642,-0.2567559001167078,0.06977807633385541,0.10328200047218458,-0.7939382917758256,-0.9410378895267829,-0.21772468016104182,-0.9885406947243578,-0.1737825109914967,-0.49780482165092377,-1.3154867838634172,-1.2556593540800691,-1.340840939879059,-0.343360686213072,-0.979590755391913,1.0,0.0,0.0
0.6722955822858998,0.16556400200124552,0.015251381314446278,-0.7067917181139942,-0.5793203081671255,-0.21450877021146011,0.5077445844058961,0.2791084826311205,-0.10283512638022159,-0.7758823042787643,1.4829545251013718,-0.012099272170102046,-0.3289982145504297,0.3579604415895384,-0.22349748790621776,-0.06436697567482617,-0.10937468470818804,0.0,0.0,1.0
-0.03094718994463183,0.06917812694380175,-0.5002134226929857,-1.2876519018081665,-0.5793203081671255,-0.5322995408951048,-0.9167385631137239,-0.1276069747548473,1.7353977341128917,0.8007230041971919,-0.46831353963022887,0.02259398136424245,0.40088928181987277,0.9652367087770252,0.48492129865388256,0.6283070642821985,0.708245909175971,0.0,0.0,1.0
-0.6620624983566473,-0.35038391742389347,-0.4364445809601078,-1.3033508256917927,1.3679748453358174,0.7388635418394739,-0.2965971928573376,-0.9410378895267829,-1.6969276850890938,-0.753883160439564,-0.9395631854522002,-0.1682189130746521,-0.5684925492969355,-1.0300995976961456,-0.3847635531394112,-0.5742520328654133,-0.3771334756877958,0.0,1.0,0.0
-1.8161019194529044,-1.960595006618834,-1.5311430307078502,-1.4708060137838062,2.0170732298367984,2.3278173952576973,-0.5145676744821073,-1.3477533469127507,-1.4886903688613584,-1.1645338454379532,-0.2032356138553703,-1.2205809369497658,-0.6483239942124372,-0.5731965014312743,-2.0607787310986736,-1.406422928091561,-1.0847817089910445,1.0,0.0,0.0
-0.8604130238575666,-0.5828439690330226,-0.3620475989384162,-0.8428490584387552,0.7188764608348364,1.0566543125231187,-0.1123967858504902,0.2791084826311205,-0.5552127443921996,-0.17457237267398082,-0.6597587082454044,-1.1280655941915143,-0.30618923028885786,-0.2550994090949717,-0.9203972698068045,-0.7666614884090313,-0.931776685574126,1.0,0.0,0.0
0.0772440057831422,0.9593300318860752,0.9824121475964327,0.7898390254583771,-0.5793203081671255,-2.121253394313328,1.2046361242484684,1.0925393974030562,1.7353977341128917,1.2260397850883809,-0.06333337525197212,0.2596645471822623,0.06445676396168605,1.4799756400121333,-0.09678843665156547,0.4262771359613996,0.8708137465564473,1.0,0.0,0.0
-1.5816876620427274,-2.261092146503805,-2.136947027170194,-1.664426075015197,2.0170732298367984,2.3278173952576973,-1.846950618498303,-2.1611842616846864,-2.1995694828801797,-2.0518326469523283,-3.2958114145620576,-2.700826421081794,-2.0168630499067546,-2.094278961148503,-1.5827400377288496,-2.4358135152499165,-2.380543001053075,0.0,1.0,0.0
-1.221050342950147,-0.07823556432052343,0.05244987232529206,-0.408512164325095,0.06977807633385541,-0.5322995408951048,-0.7049080950558493,-0.5343224321408151,0.033596218734501075,-0.8125475440107632,-0.6965750868252459,0.14402036873444757,0.44650725034301647,-1.5332713619372058,-0.5863461346809032,-0.0980386303949591,-0.30063096397933636,1.0,0.0,0.0
1.5558570140627213,1.4129106203916921,1.7954648796906298,1.8050361032662094,-1.8775170771690877,0.42107277115582925,0.9774556222733565,1.4992548547890239,1.7353977341128917,1.783351429014765,1.777485553740104,1.7746032848486353,2.0830518711108046,1.8096398993424834,0.859288950088082,2.14834176307678,2.4008639807256342,0.0,1.0,0.0
0.6362318503766419,0.9423207598171147,0.7167086403761068,1.5643192703839401,0.06977807633385541,0.10328200047218458,1.226126171732601,0.6858239400170884,0.4285290598560685,0.8667204357147904,1.4387748708055623,1.0229161249378396,0.42940051214683767,0.34639327459549085,1.060871531629574,1.3257913406278135,1.100321281681825,0.0,1.0,0.0
2.5295777756126885,1.4129106203916921,1.4181658994377675,1.1142834523866536,-1.8775170771690877,-0.21450877021146011,0.48318453013831614,1.4992548547890239,0.6583081674177079,1.24803892892758,0.9233455706877811,2.0926247755801257,0.9540071501629929,0.8553486223335757,1.5504292296589117,1.5951645783888782,1.530647910041909,1.0,0.0,0.0
-0.3374889111733253,-0.9230294104122353,-1.1007033490109226,-0.8219171599272534,0.06977807633385541,0.10328200047218458,-0.6588579933041374,-0.1276069747548473,-0.6557411039504162,-0.6512204891899676,-0.04124354810406741,-0.3705962253583278,-0.5741947953623285,-0.8797264267735297,0.11631314954944053,-0.45880635953924265,-0.7309575923394201,1.0,0.0,0.0
1.249315292834028,1.4129106203916921,0.5997990971991632,0.13048422234607357,-0.5793203081671255,-0.21450877021146011,1.103325900394703,1.0925393974030562,0.7157529443081174,0.9033856754467894,0.7981698835163197,0.3984375613196403,1.2619284376942137,1.1156098796996414,1.1760615782247124,0.5417228092875702,1.253326305098744,1.0,0.0,0.0
1.068996633287738,1.1407622672883222,1.6147864947808088,1.1299823762702796,-1.8775170771690877,-2.121253394313328,1.091045873260913,1.0925393974030562,0.6726693616403105,1.783351429014765,-0.29159492244698915,0.6875480074391771,0.828557736724347,0.8264307048484573,0.8650484524178395,0.4599487906815329,0.8803765605200048,1.0,0.0,0.0
0.0051165419646260705,0.5681167742999802,0.2809548885347722,1.2346418688277883,-0.5793203081671255,-0.21450877021146011,-0.06941669088222609,0.2791084826311205,-0.497767967501789,-0.03524446169238427,0.38582644342209405,0.20184245795835493,0.2754398683812268,0.33482610760144416,0.8074534291202703,0.08475035237147777,-0.12371890565352403,1.0,0.0,0.0
-1.5095601982242108,-1.2802241238604086,-0.7552887896244989,-0.7748203882763747,1.3679748453358174,1.0566543125231187,-0.3549273217428395,-0.5343224321408151,-0.9429649884024651,-1.6631811057931392,-1.2046411112270594,-0.8794306105287124,-0.5114700886430056,-1.3713310240205427,-0.9952708000936442,-0.7281795973003078,-1.0034977903008067,0.0,1.0,0.0
-1.0948272812677438,-1.3539309694925712,-1.127273699732955,-0.7852863375321255,0.7188764608348364,0.7388635418394739,-0.9474386309481985,-0.9410378895267829,-0.36851721949836713,-0.9152102152603598,-0.8143874982807394,-1.01820362466609,-1.3154867838634172,-0.5153606664610374,-1.2486889026029484,-1.3054079639311615,-0.6209852317585101,0.0,1.0,0.0
-0.7341899621751635,-0.6622205720215055,-0.6543214568807747,0.12525124771819846,0.06977807633385541,1.0566543125231187,-1.245229288942602,-0.9410378895267829,0.28491711763004396,-1.0985364139203546,0.4447326491498413,0.31748663640616964,0.20131066953111812,-0.9144279277556719,0.7153013918441592,0.12804247986879172,-0.6879249295034119,1.0,0.0,0.0
0.0772440057831422,0.44338211246093623,0.33940966012324436,-0.12069855979194666,0.06977807633385541,1.0566543125231187,-0.9873487191330154,-0.9410378895267829,0.4787932396351772,-0.02791141374598489,-1.293000419818679,0.46204185946593807,0.6574903547625572,1.0693412117234513,-0.15438345994913463,-0.3914630500989765,-0.18587719641664743,1.0,0.0,0.0
0.5100087886942386,0.44338211246093623,0.3500378004120568,0.13048422234607357,0.06977807633385541,0.42107277115582925,1.4655867008415022,1.0925393974030562,0.18438875807182742,-0.753883160439564,-1.3224535226825522,0.49673511300028295,-0.37461618307357386,-0.9144279277556719,0.3524527450694737,-0.46361659592783316,-0.04721639394506495,0.0,0.0,1.0
0.3116582631933195,0.3016381785529309,0.1959297662242682,-0.617831149440112,-0.5793203081671255,-0.8500903115787495,-0.05713666374843608,0.2791084826311205,0.04795741295710373,0.04541906571801307,-0.6376688810974996,0.3521798899405146,0.8456644749205258,0.3232589406073966,0.8016939267905129,0.01740704293121157,0.6699946533217414,1.0,0.0,0.0
0.6181999844220126,0.28462890648396966,-0.48958528240417293,0.3031723850659628,-0.5793203081671255,-0.5322995408951048,-0.5606177762338191,-0.5343224321408151,1.0532410085392752,-0.1305740849955814,0.3416467891262846,-0.7001821339345995,-0.4487453819236826,0.04564693275025999,-0.2868520135335439,0.022217279319802087,0.09622581550829631,0.0,1.0,0.0
-1.1128591472223728,-0.889010866274314,-0.5161556331262055,-0.5864333016728593,0.7188764608348364,0.10328200047218458,-1.8561606388486458,-1.3477533469127507,-0.6413799097278134,-0.511892578208371,-0.998469391179947,-0.19134774876421495,-0.7110487009317602,-0.5327114169521088,-0.09102893432180889,-0.45399612315065213,0.057974559654066775,1.0,0.0,0.0
0.6181999844220126,0.7438792523459073,0.7645352716757658,0.20897884176420495,-1.8775170771690877,-1.8034626236296836,0.6581749167948217,1.4992548547890239,0.6511275703064071,0.8740534836611898,0.3416467891262846,0.2654467561046535,0.8456644749205258,1.1560949641788065,1.1703020758949558,1.0323669209237958,0.8469067116475537,0.0,0.0,1.0
-0.6079669004927605,-0.4637790645502977,-0.8031154209241574,-0.7015587434861189,0.06977807633385541,1.0566543125231187,-0.9474386309481985,-0.9410378895267829,-1.115299319073695,-1.0105398385635576,-0.13696613241165517,-0.9950747889765271,-0.38031842913896696,-1.111069766654477,0.0241611122733294,-1.3583205642056564,-1.1804098486266188,0.0,1.0,0.0
-1.34727340463255,-1.6034002931706608,-1.4673741889749723,-1.664426075015197,1.3679748453358174,2.010026624574053,-1.1009389701205714,-1.7544688042987184,-0.5982963270600066,-2.1838275099875246,-1.6022579998893476,-1.9722680968605615,-1.6405148095908173,-1.567972862919348,-1.3753979538576007,-1.353510327817066,-1.6585505468044897,0.0,0.0,1.0
0.5280406546488675,1.1407622672883222,0.6157413076323827,1.3863981330361754,-1.8775170771690877,-0.8500903115787495,0.6520349032279262,1.0925393974030562,1.7353977341128917,1.526694750890772,1.7406691751602625,1.4681462119619264,1.5299340027676844,1.8906100683008145,2.080303443996548,2.3744228733405306,1.9992257942562224,0.0,1.0,0.0
0.7985186439683027,1.0443763922308784,0.5147739748886593,0.3921329537398448,-0.5793203081671255,-0.8500903115787495,0.3941543334183401,0.2791084826311205,0.7588365269759254,0.49273499044840124,1.777485553740104,1.1963823926095616,1.090861055732424,1.1329606301907122,1.5849862436374538,1.090089757586881,1.3776428866249901,0.0,1.0,0.0
0.5821362525127547,0.14288497257596436,0.5254021151774725,0.3345702328332154,0.7188764608348364,0.7388635418394739,1.2384061988663904,1.0925393974030562,0.6654887645290087,0.28007660000280676,-0.7039383625412148,0.5950326646809249,0.771535276070417,1.3064681351014227,-0.45387758109649434,-0.396273286487567,0.3783288274332404,0.0,1.0,0.0
-2.0865799087723396,-1.6544281093775426,-1.6214822231627612,-1.5754655063413148,2.0170732298367984,0.7388635418394739,0.16697383144322817,-0.9410378895267829,-1.8836232099829258,-1.3771922358835473,-1.9556952342558265,-1.3362251153975804,-1.6918350241793545,-1.2383086035889979,-1.145017860667324,-1.5170583650291412,-1.8545882330574168,0.0,0.0,1.0
1.0509647673331088,1.4129106203916921,1.8592337214235082,0.9886920613176435,-1.8775170771690877,-2.121253394313328,0.9314055205216446,1.4992548547890239,1.476896238106048,1.1380432097315831,1.777485553740104,1.2426400639886874,0.9083891816398492,1.7518040643722466,1.5619482343184257,1.3546527589593558,1.2628891190623015,1.0,0.0,0.0
1.1411240971062537,0.8742836715412721,1.5138191620370847,1.391631107664051,-0.5793203081671255,-1.1678810822623942,0.9743856154899092,1.4992548547890239,1.7353977341128917,1.2333728330347802,0.7245371263566367,0.5256461576122367,-0.5570880571661493,1.0982591292085697,1.204859089873497,1.1430023578613766,1.272451933025859,1.0,0.0,0.0
1.7181438076543827,1.4129106203916921,1.885804072145541,0.9520612389225154,-1.2284186926681067,-1.8034626236296836,1.1923560971146785,1.4992548547890239,0.8378230952002385,0.7200594767867945,0.857076089244066,0.6702013806720051,1.1421812703209613,1.4221398050418965,0.7671369128119717,1.407565359233851,1.8844720266935338,0.0,1.0,0.0
0.7804867780136735,0.15422448728860494,0.6423116583544153,-0.021272041862313663,0.7188764608348364,1.0566543125231187,-0.45623754559660545,-0.5343224321408151,-0.41878139927747593,0.0014207780396147103,-0.5051299182100704,0.15558478657922922,-0.733857685193332,-0.058457570196166556,-0.8455237395199644,0.2386779168063722,-0.5014500572140423,0.0,0.0,1.0
0.8345823758775607,0.8856231862539126,-0.3195350377831642,1.302670538990169,0.06977807633385541,-0.8500903115787495,0.23144397389562502,0.2791084826311205,0.34236189452045357,0.9473839631251878,0.7981698835163197,0.9997872892482763,0.1670971931387605,0.4851992785240596,-0.13134545063010705,0.041458224874163806,-0.04721639394506495,1.0,0.0,0.0
-0.17520211758166407,-0.3163653732859725,-0.19199735431740786,0.8317028224813807,0.06977807633385541,0.10328200047218458,-0.7939382917758256,-0.1276069747548473,-0.5193097588356935,-0.6585535371363669,0.7834433320843829,-0.5093692394957055,-0.13512184832706817,0.03407976575621245,-0.10830744131107947,0.5753944640077036,0.3974544553603552,1.0,0.0,0.0
0.978837303514593,0.6134748331505426,1.5457035829035233,1.8364339510334624,-1.2284186926681067,-0.5322995408951048,1.3642764769877367,1.4992548547890239,0.7516559298646236,1.1160440658923838,-0.07069665096794,0.3868731434748586,2.0830518711108046,-0.1162934051664034,1.1760615782247124,1.4941496142284791,1.1098840956453828,0.0,0.0,1.0
0.36575386105720636,0.7552187670585478,-0.3035928273499448,0.38689997911196966,2.0170732298367984,1.0566543125231187,0.36959427915076054,-0.5343224321408151,0.90244846920195,0.6760611891083962,1.5786771094089596,0.16714920442401085,0.8171532445935608,-0.4575248314908006,0.3524527450694737,0.5898251731734747,-0.013746545072613857,1.0,0.0,0.0
2.800055764932124,1.4129106203916921,2.071796527199769,1.8102690778940853,-0.5793203081671255,0.42107277115582925,1.6375070807145595,1.4992548547890239,1.0101574258714683,0.7567247165187935,0.9086190192558443,1.7456922402366817,0.9369004119668141,1.9310951527799805,1.8614423554657855,1.4123755956224413,1.2820147469894159,0.0,1.0,0.0
0.1133077376924001,-0.28801658650437145,-0.17074107373978187,0.44446270001859906,0.06977807633385541,-0.21450877021146011,1.0634158122098856,0.6858239400170884,0.773197721198527,0.03808601777161369,-0.6303056053815318,-0.8620839837615404,-0.08380163373853135,-0.1278605721604509,-0.3962825577989252,-0.352981158990253,-0.032872172999728624,1.0,0.0,0.0
-1.34727340463255,-1.7281349550097052,-1.6586807141736069,-1.664426075015197,2.0170732298367984,2.3278173952576973,-1.757920421778327,-1.3477533469127507,-0.9932291681815739,-1.2305312769555514,-2.235499711462622,-1.7988018291888395,-1.862902406141144,-1.0416667646901927,-1.6460945633561759,-1.858585148619063,-1.2760379882621928,0.0,1.0,0.0
0.9067098396960771,1.4129106203916921,1.4234799695821736,0.9363623150388892,-1.8775170771690877,-0.5322995408951048,0.9221955001713028,1.4992548547890239,1.7353977341128917,1.783351429014765,1.777485553740104,1.9654161792875293,1.507125018506113,2.1046026576906907,2.080303443996548,1.9607425439217525,1.224637863208072,0.0,1.0,0.0
1.4656976842895761,0.3073079359092508,0.4882036241666267,-0.46607488523172474,0.06977807633385541,0.42107277115582925,1.6436470942814552,1.0925393974030562,0.5362380165255869,-0.15990627678118102,-0.08542320239987683,-0.4688937770389701,0.25263088411965534,0.6644903669317934,0.16238916818749569,0.8159062834372256,0.2253238040163216,0.0,1.0,0.0
-0.8784448898121956,-0.34471416006757355,-0.3886179496604488,-0.6230641240679875,0.06977807633385541,-0.5322995408951048,-0.46237755916350043,-0.5343224321408151,-0.05257094660111383,-0.6805526809755661,0.20910782623885535,-0.31277413613442046,-0.28908249209267906,-0.6888681713717479,-0.3271685298418421,-0.7137488881345365,0.048411745690509225,1.0,0.0,0.0
-0.7882855600390506,-0.43543027776869664,-0.7818591403465315,-0.07883476276894322,0.7188764608348364,0.7388635418394739,-1.4785498044846084,-1.3477533469127507,-0.6341993126165126,-0.15257322883478164,0.3416467891262846,-0.14509007738508922,-0.07239714160774521,-0.20883074111878241,-1.081663335039998,-0.6848874698029938,-0.7692088481936498,0.0,0.0,1.0
-0.5178075707196155,-0.543155667538781,-0.5002134226929857,-0.7695874136484993,1.3679748453358174,1.692235853890408,-0.19528696900357162,-0.5343224321408151,-0.37569781660966894,-0.10124189320998285,-1.0573755969076932,-0.5787557465643944,-0.6084082717546865,-1.0648010986782874,-0.021914906364725754,-0.3674118681560242,-0.6162038247767312,1.0,0.0,0.0
-2.0865799087723396,-2.9414630292622306,-2.7693213743545693,-1.664426075015197,2.6661716143377796,2.963398936624986,-1.2114592143246796,-2.1611842616846864,-2.127763511767167,-2.8804670648955053,-2.4490347072257026,-3.2212252240969605,-1.6120035792638523,-2.3371894680234977,-2.7173619966909617,-2.4358135152499165,-2.380543001053075,1.0,0.0,0.0
-0.08504278780851901,-0.22564925558484944,-0.399246089949262,-0.9370426017405129,1.3679748453358174,1.3744450832067634,0.35117423845007556,-0.5343224321408151,-0.05257094660111383,-0.5705569617795692,-0.7775711197008979,-0.7580042231585069,0.2982488526427991,-0.8103234248092454,-0.5517891207023621,-0.24715595844126304,-0.07590483583573694,0.0,1.0,0.0
-0.5899350345381312,-0.9457084398375161,-0.7978013507797509,-1.2039243077621595,0.7188764608348364,1.3744450832067634,-0.032576609480856514,-0.1276069747548473,-0.3038918454966567,-1.2818626125803496,0.5478185091733969,0.17293141334640125,-0.39172292126975267,-0.13942773915449805,-0.2926115158633009,-0.5357701417566899,-0.4918872432504847,0.0,1.0,0.0
-0.6259987664473895,-0.8606620794927129,0.7113945702317006,0.4287637761349729,0.06977807633385541,1.0566543125231187,-0.6527179797372429,-0.1276069747548473,0.5146962251916833,0.29474269589560653,-0.5861259510857213,0.20762466688074616,-0.7737734076510832,-0.12207698866342716,0.029920614603086804,0.17133460736610603,-0.10459327772640925,0.0,1.0,0.0
0.18543520151091622,-0.00452871868836084,-0.22388177518384705,0.22467776564783143,0.06977807633385541,1.0566543125231187,0.9068454662540655,0.2791084826311205,0.5218768223029842,-0.32123333160197676,-0.048606823820035304,-0.06992136139400941,-0.049588157346173334,0.46206494453596453,0.3582122473992303,0.40703619040703787,-0.07590483583573694,0.0,1.0,0.0
-0.8063174259936796,-0.50913712340086,-0.0591456007072449,-1.334748673459045,0.7188764608348364,-0.8500903115787495,0.12706374325841133,-0.1276069747548473,-1.6825664908664917,-0.8712119275819614,0.1428383447951402,-1.1454122209586863,-0.9733520199398378,-0.8681592597794822,-0.8052072232116663,-1.526678837806322,-1.3812289418613246,1.0,0.0,0.0
1.898462467200673,1.4129106203916921,2.071796527199769,2.150412428705988,-1.8775170771690877,-1.1678810822623942,0.6366848693106889,1.4992548547890239,1.4194514612156373,1.783351429014765,1.777485553740104,1.0576093784721836,1.204905977040284,1.595647309952607,1.8441638484765148,2.0617575080821515,2.276547399199388,1.0,0.0,0.0
2.421386579884914,1.4129106203916921,1.6041583544919955,1.2294088941999128,-0.5793203081671255,-0.21450877021146011,1.198496110681574,1.4992548547890239,0.9957962316488657,1.0647127302675852,1.777485553740104,1.8266431651501522,0.7772375221358098,1.6072144769466545,2.080303443996548,1.4604779595083457,2.1570122246549204,1.0,0.0,0.0
0.41984945892109354,1.4129106203916921,1.7954648796906298,1.1875450971769095,-1.8775170771690877,-1.1678810822623942,1.127885954662282,1.0925393974030562,1.3548260872139268,1.0720457782139845,1.5713138336929917,1.34093761566933,0.9426026580322068,0.8726993728246465,1.0666310339593315,1.4604779595083457,1.0907584677182676,0.0,0.0,1.0
-1.9242931151806784,-2.4595336539750123,-2.0200374839932502,-1.517902785434685,1.3679748453358174,1.692235853890408,-0.9689286784323308,-1.3477533469127507,-1.2230082757432132,-1.5531853865971423,-0.9616530126001055,-1.7641085756544952,-1.914222620729681,-1.0243160141991219,-1.1910938793053794,-1.7287087661271208,-1.3812289418613246,0.0,1.0,0.0
-0.08504278780851901,-0.4581093071939778,-0.574610404714677,-1.0050712719028934,0.7188764608348364,0.10328200047218458,0.17925385857701817,0.2791084826311205,0.09104099562491066,-0.2919011398163771,-0.4388604367663552,0.07463386166575858,0.7259173075472733,-0.1162934051664034,-0.5229916090535774,-0.6079236875855466,0.3735474204514616,0.0,1.0,0.0
-0.9505723536307117,-0.07823556432052343,-0.6118088957255228,-0.717257667369745,0.06977807633385541,1.0566543125231187,-1.5000398519687408,-1.7544688042987184,-0.12437691771412608,0.00875382598601409,-0.8732937040084856,-0.520933657340487,-0.6825374706047952,-1.128420517145548,-1.3753979538576007,-0.6945079425801745,-1.1230329648452744,1.0,0.0,0.0
0.2755945312840613,0.23360109027708822,-0.21856770503944045,0.9101974418995121,-1.2284186926681067,-0.5322995408951048,1.523916829727004,1.4992548547890239,1.5487022092190603,1.563359990622771,0.7392636777885735,0.4909529040778917,-0.06669489554235254,1.1965800486579725,0.9168839733856512,1.0419873937009767,1.482833840224122,1.0,0.0,0.0
-0.048979055899260784,0.14855472993228505,0.4138066421449351,-0.1573293821870746,-0.5793203081671255,-0.5322995408951048,0.446344448736947,0.2791084826311205,0.32800070029785194,0.5587324219659988,0.6803574720608262,-0.046792525704446544,0.423698266081445,-0.046890403202119436,0.9341624803749218,-0.006644139011740665,0.45004993215992106,1.0,0.0,0.0
1.7722394055182693,0.6928514361390251,1.0302387788960916,1.0671866807357748,-1.2284186926681067,-1.4856718529460389,0.48625453692176385,1.0925393974030562,1.2830201161009147,0.4414036548236025,0.7687167806524461,1.5028394654962705,0.8228554906589542,0.6818411174228651,0.07599663324114196,1.599974814777469,1.2581077120805224,0.0,1.0,0.0
0.49197692273960963,-0.08390532167684413,-0.3833038795160426,-1.4080103182493011,0.7188764608348364,0.42107277115582925,-1.3987296281149748,-1.3477533469127507,-0.5193097588356935,-0.1819054206203802,-0.46831353963022887,-0.7406575963913349,-0.9163295592859079,-0.5616293344372272,-0.3098900228525715,-0.8195740886835262,0.24923083892521514,1.0,0.0,0.0
-1.275145940814034,-1.9152369477682725,-1.5364571008522567,-1.664426075015197,2.0170732298367984,0.42107277115582925,-1.3403994992294728,-2.1611842616846864,-2.343181425106204,-0.7978814481179635,-2.323859020054242,-1.914446007636654,-1.4637451815636349,-1.8224505367883899,-1.3062839259005175,-2.4358135152499165,-1.4768570814968989,0.0,1.0,0.0
-0.9505723536307117,0.012480553380599635,0.19061569607986123,0.14618314622970008,0.06977807633385541,0.10328200047218458,0.38801431985144513,0.6858239400170884,0.4572514483012738,-1.0105398385635576,1.0558845335752103,-0.07570357031640022,-0.4259363976621107,0.19602010367287542,-0.02767440869448275,0.9554031387063489,0.7751856069208731,0.0,1.0,0.0
-0.8604130238575666,-0.50913712340086,0.2118719766574876,-0.11023261053619585,-1.2284186926681067,-0.5322995408951048,-0.07862671123256837,0.6858239400170884,0.9598932460923595,-0.6805526809755661,-0.37259095532264114,-0.6712710893226459,0.37808029755830047,-0.2898009100771139,0.4100477683670428,-1.0745166172788199,-0.7166133713940842,1.0,0.0,0.0
0.18543520151091622,0.35833575211613306,1.4075377591489542,1.2922045897344179,0.06977807633385541,0.42107277115582925,0.8270252898844318,0.2791084826311205,0.241833534962237,0.19208002464600898,0.5772716120372706,0.375308725630077,0.9026869355744557,0.4851992785240596,0.5482758242812091,0.5753944640077036,1.3537358517160967,0.0,1.0,0.0
0.9968691694692222,0.5000796860241383,0.9877262177408389,0.6642476343893671,-0.5793203081671255,-2.121253394313328,0.446344448736947,0.6858239400170884,1.6061469861094697,1.0427135864283859,-0.14432940812762304,0.941965200024369,-0.15793083258864005,1.514677140994275,0.6634658708763475,1.0227464481466153,0.5217710368866016,1.0,0.0,0.0
-0.26536144735480915,0.5284284728057395,0.12684685434698323,0.8107709239698787,0.7188764608348364,0.10328200047218458,0.8976354459037228,0.2791084826311205,-0.20336348593843917,0.46340279866280165,1.1368805664508612,0.4793884862331101,0.7145128154164871,1.1560949641788065,0.3985287637075288,1.191104721747281,1.1959494213173993,0.0,1.0,0.0
0.49197692273960963,0.9536602745297553,0.07902022304732464,0.31363833432171345,-0.5793203081671255,-1.1678810822623942,1.5024267822428723,1.0925393974030562,0.7588365269759254,1.380033791962776,0.9012557435398754,1.0518271695497934,0.36667580542751516,0.2769902726312073,0.07599663324114196,0.6812196645566931,0.2731378738341087,0.0,1.0,0.0
-0.1211065197177769,0.012480553380599635,0.5838568867659438,0.13048422234607357,0.06977807633385541,-0.8500903115787495,0.7410650999479026,0.2791084826311205,-0.21054408304973998,-1.1572007974915535,-1.4991721398657916,-0.41685389673745354,-0.13512184832706817,-1.2787936880681638,-0.06799092500278091,-0.7859024339633933,-0.2050028243437622,1.0,0.0,0.0
0.0772440057831422,0.6815119214263845,-0.4948993525485792,-0.07883476276894322,0.7188764608348364,-0.21450877021146011,0.47397450978797384,-0.1276069747548473,0.7444753327533228,0.26541050411000694,0.09129541478336185,0.2307535025703086,0.8798779513128842,0.5372515299972731,0.6289088568978054,0.3348826445781812,1.2915775609529736,1.0,0.0,0.0
-0.7341899621751635,0.4887401713114978,0.8070478328310178,0.7270433299238722,-0.5793203081671255,0.42107277115582925,1.0112256968912792,0.6858239400170884,1.2112141449879024,0.969383106964388,1.7333058994442947,0.24810012933748066,0.2811421144466203,0.8090799543573856,0.7325798988334298,0.7485629739969597,0.5456780717954952,0.0,1.0,0.0
0.6362318503766419,1.027367120161918,1.2162312339503198,1.491057625593684,0.7188764608348364,-0.5322995408951048,-0.10625677228359522,0.2791084826311205,0.4428902540786711,0.11874954518201103,-0.7186649139731517,0.6933302163615674,0.10437248641943714,0.08613201722942511,1.1415045642461712,0.15209366181174397,0.5361152578319377,0.0,1.0,0.0
-0.30142517926406703,-0.11225410845844519,0.036507661892072656,-0.6596949464631154,-0.5793203081671255,-0.8500903115787495,1.2384061988663904,1.0925393974030562,-0.2823500541627522,0.5880646137515984,0.48154902772968283,0.5776860379137527,-0.060992649476959475,0.12661710170859106,1.2797326201603367,-0.20386383094394908,0.7704041999390947,1.0,0.0,0.0
-0.7161580962205345,-0.5544951822514216,-0.16011293345096866,-0.7695874136484993,1.3679748453358174,0.7388635418394739,1.416466592306343,0.2791084826311205,-0.662921701061718,-0.3725646672267755,-0.2326887167192429,-0.8563017748391496,-0.762368915520297,-0.9028607607616244,-0.20045947858719018,-0.32892997704730076,-0.649673673649182,1.0,0.0,0.0
1.3034108906979154,1.4129106203916921,1.4341081098709867,2.2289070481241193,0.06977807633385541,-1.1678810822623942,1.9598577929765426,1.0925393974030562,0.5936827934159964,1.101377969999584,1.556587282261055,1.5028394654962705,1.729512615056439,1.086691962214523,1.1875805828842263,1.3546527589593558,1.5402107240054665,1.0,0.0,0.0
1.2853790247432861,1.0103578480929574,1.6732412663692802,0.8003049747141281,-0.5793203081671255,-1.1678810822623942,1.7817973995365906,1.4992548547890239,1.4122708641043364,1.5706930385691704,1.2105133236105443,1.132778094463264,1.4501025578521831,1.4915428070061807,1.5273912203398845,2.1435315266881894,1.2772333400076374,1.0,0.0,0.0
-0.39158450903721215,-1.1554894620213636,-0.9040827536678813,-0.8114512106715026,0.7188764608348364,1.0566543125231187,-0.029506602697408794,-0.5343224321408151,0.5793215991933948,-0.511892578208371,-1.0352857697597886,-1.2552741904841103,-0.6426217481470441,-0.2550994090949717,0.467642791664612,-0.37703234093320526,-0.372352068706017,1.0,0.0,0.0
-1.0587635493584857,-1.1781684914466448,-1.1007033490109226,-1.664426075015197,0.06977807633385541,1.3744450832067634,-0.9228785766806189,-1.3477533469127507,-1.9482485839846366,-1.5238531948115432,-0.689211811109278,-0.6192312090211293,0.00173205724236349,-1.035883181193169,-1.1795748746458656,-1.108188271998953,-1.0847817089910445,0.0,0.0,1.0
1.0870284992423673,1.293845715908968,0.860188534275083,1.2922045897344179,-1.2284186926681067,-2.121253394313328,0.8331653034513263,1.4992548547890239,1.0532410085392752,0.969383106964388,0.930708846403749,1.011351707093058,1.3873778511328598,0.837997871842504,0.8074534291202703,1.6673181242177348,0.09144440852651788,0.0,1.0,0.0
0.3116582631933195,-0.40708149098709556,-0.18136921402859468,0.004892831277063459,-0.5793203081671255,1.0566543125231187,0.4156443809024724,0.2791084826311205,0.04077681584580291,0.2214122164316086,-0.28423164673102125,0.21918908472552698,-0.15793083258864005,1.1676621311728541,-0.31564952518232847,-0.5838725056425943,-0.35322644077890225,0.0,0.0,1.0
0.6903274482405284,0.6588328920011042,0.7539071313869526,0.04152365367219158,0.06977807633385541,-0.21450877021146011,1.7203972638676415,1.0925393974030562,0.6798499587516114,0.654062045269196,-0.4241338853344195,-0.07570357031640022,0.8855801973782769,0.9247516242978592,0.859288950088082,0.11361177070302052,0.1775097341985345,0.0,1.0,0.0
0.2395307993748034,0.21092206085180706,0.22250011694630079,-0.5341035553941051,0.7188764608348364,0.10328200047218458,1.701977223166957,0.6858239400170884,0.7229335414194193,-0.02057836579958447,-0.32841130102683064,-0.9950747889765271,-0.8250936222396199,-0.4286069140056822,-0.9319162744663181,0.18576531653187722,0.6269619904857331,1.0,0.0,0.0
-0.2473295814001802,-1.0647733443202407,-1.0103641565560115,-0.5916662763007349,1.3679748453358174,2.3278173952576973,-0.5268477016158969,-0.1276069747548473,0.8737260807567446,0.43407060687720206,-0.3652276796066722,0.4678240683883293,0.1670971931387605,0.8958337068127408,-0.15438345994913463,0.3926054812412663,-0.12371890565352403,0.0,1.0,0.0
-1.3292415386779208,-0.4297605204123767,-0.6330651763031487,-0.20965912846582885,0.7188764608348364,0.7388635418394739,-0.34264729460904947,-0.5343224321408151,-1.0075903624041767,-1.1132025098131546,-0.09278647811584576,-1.2147987280273753,-1.4523406894328488,-0.5558457509402034,-0.25229499955500234,-0.049936266509054625,-0.635329452703846,1.0,0.0,0.0
0.22149893342017443,-0.1746214393779672,-0.17074107373978187,-0.22012507772157966,0.06977807633385541,1.3744450832067634,-0.06634668409877836,-0.1276069747548473,0.4428902540786711,-0.15257322883478164,-1.0058326668959148,-0.6192312090211293,-0.060992649476959475,-0.7756219238271032,-0.14862395761937805,-0.343360686213072,0.024504710781615677,1.0,0.0,0.0
1.7181438076543827,1.322194502690569,1.3437689174160758,1.8364339510334624,-0.5793203081671255,-0.21450877021146011,0.9713156087064619,1.4992548547890239,1.7353977341128917,1.431365127587575,1.777485553740104,2.0926247755801257,1.0965633017978176,1.7633712313662933,1.1127070525973866,1.2295866128560045,1.6071504217503687,1.0,0.0,0.0
-2.0865799087723396,-2.4595336539750123,-2.5514444984339018,-1.664426075015197,1.3679748453358174,2.3278173952576973,-1.9083507541672524,-1.7544688042987184,-1.603579922642178,-1.6998463455251382,-2.1839567814508434,-2.2671607519024892,-1.4865541658252068,-1.5911071969074426,-0.8109667255414232,-1.9547898763908718,-2.380543001053075,1.0,0.0,0.0
-0.40961637499184106,0.15989424464492563,-0.28765061691672505,0.4078318776234713,-0.5793203081671255,0.42107277115582925,-0.8430584003109848,-0.1276069747548473,-0.2823500541627522,0.49273499044840124,1.7553957265921993,-0.7695686410032885,0.19560842346572546,-0.781405507324127,-0.02767440869448275,-0.19905359455535857,-0.6257666387402885,0.0,1.0,0.0
1.7181438076543827,1.4129106203916921,1.2268593742391323,2.2603048958913714,-0.5793203081671255,-0.8500903115787495,0.6612449235782689,0.6858239400170884,0.8378230952002385,1.5853591344619702,0.7466269535045413,1.5895725993321315,2.008922672260696,1.0924755457115463,0.893845964066624,1.4316165411768034,2.4008639807256342,0.0,1.0,0.0
0.8165505099229321,1.4129106203916921,2.071796527199769,0.6223838373663638,-1.2284186926681067,-2.121253394313328,1.0357857511588584,1.4992548547890239,1.5702440005529636,1.783351429014765,1.0779743607231151,1.7225634045471183,2.0830518711108046,0.47941569502703624,2.080303443996548,1.3209811042392225,1.7553740381855085,1.0,0.0,0.0
0.1133077376924001,0.07484788430012244,-0.22388177518384705,-0.5968992509286104,0.7188764608348364,-1.1678810822623942,0.2406539942459673,-0.1276069747548473,-1.3953426064144427,0.11874954518201103,0.1428383447951402,0.7164590520511308,0.00743430330775656,-0.058457570196166556,-0.33292803217159905,0.40222595401844735,-0.013746545072613857,0.0,1.0,0.0
-0.1211065197177769,-0.7415971750099883,-0.22388177518384705,-0.08930071202469403,-0.5793203081671255,-0.21450877021146011,-0.06327667731533108,-0.1276069747548473,-0.2608082628288488,-0.11590798910278265,0.061842311919489266,0.5487749933017991,0.047350025765507245,-0.2608829925919955,0.26606021012312,-0.18943312177817753,0.20619817608920682,0.0,1.0,0.0
1.4656976842895761,0.936651002460794,1.179032742939474,0.674713583645118,-1.8775170771690877,-0.8500903115787495,0.26521404851354685,1.4992548547890239,0.5936827934159964,0.7713908124115932,1.247329702190386,0.7800633501974286,0.6917038311549148,0.7454605358901253,0.5252378149621811,0.666788955390922,0.741715758048422,0.0,1.0,0.0
0.2936263972386902,0.6134748331505426,1.2056030936615068,0.6171508627384883,-0.5793203081671255,0.7388635418394739,-0.09090673836635793,0.2791084826311205,-0.1602799032706322,0.9473839631251878,-0.24741526815117973,0.01681177244185122,0.05305227183090072,-0.46909199848484817,0.39276926137777224,0.3829850084640856,0.6939016882306349,1.0,0.0,0.0
-0.2473295814001802,0.02948982544956011,-0.027261179840805717,0.674713583645118,0.06977807633385541,-0.8500903115787495,0.031893532971540337,-0.1276069747548473,0.11976338407011598,0.11874954518201103,0.157564896227077,0.2654467561046535,0.30395109870819176,0.5893037814704857,-0.8109667255414232,-0.04031579373187393,-0.2575983011433281,1.0,0.0,0.0
-1.8701975173167913,-1.2518753370788074,-1.2016706817546463,-1.664426075015197,0.7188764608348364,1.0566543125231187,-0.2873871725069953,-0.9410378895267829,-0.5552127443921996,0.13341564107481083,-0.5419462967899119,-2.012743559317297,-1.0873969412476976,-1.3886817745116138,-1.3696384515278437,-0.7137488881345365,-0.8839626157563388,1.0,0.0,0.0
0.9067098396960771,0.5057494433804582,1.168404602650661,1.491057625593684,0.7188764608348364,1.692235853890408,1.8861776301738042,1.4992548547890239,1.4984380294399515,0.9620500590179876,0.9233455706877811,0.8147566037317734,1.1592880085171402,0.5893037814704857,0.19118667983628024,1.0997102303640622,0.6365248044492906,0.0,0.0,1.0
-2.0865799087723396,-2.714672735009422,-2.49298972684543,-1.664426075015197,1.3679748453358174,1.3744450832067634,-1.791690496396249,-2.1611842616846864,-1.7471918648682025,-2.455150284004317,-2.1986833328827804,-2.4753202731085557,-2.723941562015485,-2.568532807904445,-2.4581843918519004,-2.4358135152499165,-2.380543001053075,1.0,0.0,0.0
-1.7800381875436462,-2.4595336539750123,-1.5949118724407285,-1.664426075015197,2.6661716143377796,2.010026624574053,-0.9259485834640662,-1.7544688042987184,-1.9051650013168298,-2.125163126416326,-1.2856371441027108,-2.2729429608248797,-3.0945875562660294,-2.1983834640949294,-2.4639438941816576,-2.4358135152499165,-2.3327289312352875,0.0,0.0,1.0
-1.275145940814034,-0.3220351306422924,0.03119359174766606,-0.11546558516407116,-0.5793203081671255,-0.8500903115787495,0.20074390606115045,0.2791084826311205,0.22747234073963435,-0.6658865850827673,0.4741857520137139,-0.023663690014883682,-0.5913015335585073,0.5488186969913198,-0.21197848324670376,0.15209366181174397,0.12013285041718985,0.0,1.0,0.0
2.205004188429366,1.2541574144147263,0.5466583957550981,0.7270433299238722,-1.2284186926681067,-0.21450877021146011,-0.02029658234706651,1.0925393974030562,1.7353977341128917,1.1673754015171816,1.468227973669435,1.063391587394575,-0.30048698422346476,0.45049777754191783,1.3488466481174197,0.8688188837117209,1.234200677171629,1.0,0.0,0.0
0.4018175929664646,0.9933485760239962,0.8229900432642372,0.9886920613176435,-0.5793203081671255,-1.1678810822623942,0.8638653712858009,0.2791084826311205,1.7138559427789881,1.7613522851755659,-0.15169268384359197,-0.14509007738508922,1.398782343263646,0.8958337068127408,0.7095418895144026,0.5513432820647513,0.38311023441501885,0.0,1.0,0.0
0.978837303514593,0.44905186981725614,0.22250011694630079,-0.1520964075591993,0.06977807633385541,-2.121253394313328,0.9713156087064619,0.2791084826311205,0.2131111465170317,0.5953976616979978,0.23856092910272794,0.08619827951054022,-0.6084082717546865,0.4678485280329887,0.6519468662168334,0.09918106153724932,0.41179867630569117,0.0,1.0,0.0
-1.0948272812677438,-1.563711991676419,-1.6055400127295416,-1.664426075015197,1.3679748453358174,1.692235853890408,-1.205319200757785,-1.7544688042987184,-1.093757527739791,-2.4111519963259185,-1.153098181215281,-1.3015318618632363,-1.304082291732631,-3.060137405151458,-2.1126142520664857,-1.387181982537199,-2.1462540589459183,0.0,1.0,0.0
-0.10307465376314795,0.8345953700470303,0.42974885257815454,0.7218103552959968,-0.5793203081671255,-0.8500903115787495,-0.9320885970309613,-0.5343224321408151,-0.43314259350007855,0.8667204357147904,1.1957867721786075,0.41000197916442194,1.3189508983481437,0.3868783590746568,0.30637672643141856,0.2915905170808672,1.482833840224122,1.0,0.0,0.0
2.114844858656221,1.3959013483227316,0.7645352716757658,1.2712726912229164,-0.5793203081671255,-0.21450877021146011,0.9866656426236992,1.0925393974030562,0.31363950607524926,1.211373689195581,0.5478185091733969,0.9477474089467602,0.6289791244355923,0.6818411174228651,0.7556179081524578,0.6427377734479697,0.6413062114310694,1.0,0.0,0.0
1.1411240971062537,1.4129106203916921,0.8017337626866108,1.0305558583406467,-1.2284186926681067,-1.8034626236296836,0.025753519404645337,0.6858239400170884,0.8306424980889376,1.1087110179459836,1.2841460807702274,1.2310756461439059,1.5185295106368983,1.4221398050418965,0.23150319614457882,1.4797189050627078,0.5217710368866016,0.0,0.0,1.0
-1.3292415386779208,-0.361723432136534,-0.5055274928373924,-0.36141539267421624,0.7188764608348364,0.7388635418394739,-1.8530906320651983,-1.3477533469127507,-0.21772468016104182,-0.7318840166003648,0.09865869049933079,-1.0586790871228253,0.01313654937314963,-0.34185316155032697,-1.2083723862946503,-0.7137488881345365,-0.7787716621572073,1.0,0.0,0.0
-1.419400868451066,-0.9230294104122353,-0.4364445809601078,-1.5754655063413148,2.0170732298367984,1.692235853890408,0.1485537907425436,-0.5343224321408151,-1.345078426635334,-1.5238531948115432,-0.6008525025176581,-1.0124214157436997,-1.0417789727245534,-0.4922263324729428,-1.4502714841444404,-1.786431602790206,-1.3812289418613246,0.0,1.0,0.0
-1.1669547450862598,-0.996736256044398,-1.3982912770976872,-1.664426075015197,0.7188764608348364,1.692235853890408,-0.2351970571883885,-0.5343224321408151,-1.567676937085672,-0.9518754549923588,-0.7996609468488025,-1.6831576507410246,-1.0417789727245534,-0.6021144189163927,-0.18894047392767618,-0.49247801425937593,-0.7309575923394201,1.0,0.0,0.0
1.1230922311516252,1.4129106203916921,0.7007664299428874,1.2660397165950408,-1.8775170771690877,-2.121253394313328,1.3274363955863666,1.4992548547890239,1.7353977341128917,1.783351429014765,1.777485553740104,2.0926247755801257,2.0830518711108046,1.3585203865746354,1.7520118112004037,2.2108748361284554,2.0374770501104527,1.0,0.0,0.0
-1.7800381875436462,-1.9379159771935532,-1.887185730383087,-1.664426075015197,2.6661716143377796,2.3278173952576973,-1.441709723083239,-2.1611842616846864,-2.666308295114759,-2.528480763468315,-3.038096764503167,-2.880074897675907,-2.1423124633454007,-2.169465546609811,-2.3257158382674916,-2.4358135152499165,-2.380543001053075,0.0,0.0,1.0
-0.6620624983566473,-0.6792298440904659,-1.0103641565560115,-1.2614870286687891,0.06977807633385541,0.10328200047218458,-2.040361045855493,-2.1611842616846864,-0.8711590172894529,-1.3331939482051485,0.06920558763545716,-1.1165011763467327,-0.13512184832706817,-1.2787936880681638,-0.9203972698068045,-1.2765465455996188,-1.0082791972825853,1.0,0.0,0.0
1.2853790247432861,1.4129106203916921,1.6998116170913127,0.9049644672716366,-0.5793203081671255,-0.8500903115787495,1.3028763413187876,1.4992548547890239,0.3208201031865501,0.6027307096443982,1.158970393598766,1.1038670498513101,1.701001384729474,2.081468323702596,1.095428545608116,1.4412370139539836,1.9275046895295416,1.0,0.0,0.0
0.5460725206034965,1.35621304682849,1.1843468130838803,0.9101974418995121,-0.5793203081671255,-2.121253394313328,1.7817973995365906,1.0925393974030562,0.2705559234074413,0.9840492028571868,1.313599183634101,1.410324122738019,1.4843160342445407,-0.17412924013664022,0.893845964066624,0.8399574653801778,1.1576981654631697,1.0,0.0,0.0
-0.5538713026288733,-0.06122629225156296,0.5679146763327245,0.32410428357746446,-0.5793203081671255,0.10328200047218458,-0.11546679263393793,0.6858239400170884,0.3926260742995623,0.5294002301804003,0.6656309206288904,-0.6423600447106922,0.2811421144466203,-1.3192787725473298,-0.16590246460864863,-0.2856378495499865,-0.023309359036171408,1.0,0.0,0.0
-0.6079669004927605,-1.2291963076535266,-0.44707272124892056,-0.6701608957188663,0.06977807633385541,0.10328200047218458,0.3941543334183401,0.6858239400170884,-0.21772468016104182,-0.20390456445957936,-0.4977666424941025,-1.0528968782004344,-1.343998014190382,-0.2261814916098533,-0.3790040508096546,-0.6175441603627276,-0.5588269409953865,1.0,0.0,0.0
-1.0948272812677438,-1.2178567929408861,-0.8031154209241574,-1.664426075015197,0.7188764608348364,-0.5322995408951048,-0.25668710467252076,-0.9410378895267829,-1.4886903688613584,-1.8318412085603344,-0.615579053949595,-1.2437097726393291,-0.9733520199398378,-1.406032525002685,-1.484828498122982,-1.430474110034513,-0.9939349763372491,1.0,0.0,0.0
-0.2833933133094381,-0.3220351306422924,-0.377989809371636,-0.14163045830344828,-0.5793203081671255,0.10328200047218458,-0.8584084342282221,-0.1276069747548473,-0.023848558155908525,-0.24056980419157836,0.010299381907710925,0.045722817053804904,0.15569270100797436,0.13818426870263859,-0.21197848324670376,-0.2760173767728058,0.15838410627141974,1.0,0.0,0.0
-0.19323398353629304,-0.6565508146651852,-0.3726757392272294,-1.381845445109924,1.3679748453358174,0.7388635418394739,0.44327444195349924,-0.1276069747548473,0.6224051818612018,-0.30656723570917693,-0.1737825109914967,-0.31277413613442046,0.5092319570623398,0.37531119208060926,-0.37324454847989763,-0.016264611788921697,0.03884893172695201,0.0,1.0,0.0
1.6460163438358664,1.118083237863041,0.6263694479211959,1.2294088941999128,-1.8775170771690877,0.10328200047218458,1.388836531255316,1.4992548547890239,1.3045619074348183,0.8447212918755913,0.6361778177650168,0.4678240683883293,1.0509453332746739,1.0693412117234513,1.2106185922032544,1.1670535398043287,1.1385725375360547,1.0,0.0,0.0
1.4656976842895761,1.4072408630353723,1.402223689004548,1.2294088941999128,-0.5793203081671255,-0.5322995408951048,1.8186374809379597,1.4992548547890239,1.0532410085392752,1.783351429014765,0.8423495378121291,2.0926247755801257,1.7808328296449762,1.4915428070061807,1.1011880479378726,1.5278212689486124,2.152230817673141,1.0,0.0,0.0
-1.1128591472223728,-0.9230294104122353,-0.9359671745343204,-1.14636158685553,-0.5793203081671255,1.0566543125231187,-0.4500975320297104,-0.5343224321408151,-1.230188872854514,-1.1938660372235523,-0.01915372095616271,-0.6018845822539572,0.17279943920415317,-0.6136815859104402,-1.093182339699512,-1.0697063808902296,-0.7118319644123055,1.0,0.0,0.0
0.5280406546488675,1.0670554216561596,1.439422180015393,1.4125630061755525,-1.8775170771690877,-0.8500903115787495,0.3020541299149164,1.0925393974030562,1.7353977341128917,0.4780688945556015,0.62145126633308,1.3871952870484558,0.7658330300050243,0.7859456203692913,1.4006821690852322,1.094899993975472,0.6747760603035201,1.0,0.0,0.0
-0.10307465376314795,-1.2915636385730491,-0.7287184389024662,-1.664426075015197,0.7188764608348364,0.10328200047218458,-0.701838088272402,-0.9410378895267829,-1.2732724555223216,-0.5925561056187694,-0.9395631854522002,-0.5440624930300499,-1.2926777996018453,-0.9433458452407903,-1.139258358337567,-1.0023630714499632,-1.6537691398227112,0.0,1.0,0.0
0.023148407919255022,0.12020594315068399,-0.0006908291187731252,-0.926576652484762,0.7188764608348364,-0.21450877021146011,-0.6189479051193205,-0.5343224321408151,0.406987268522165,-0.15257322883478164,-1.0647388726236617,-0.23182321122095026,0.07015901002707953,-0.83345775879734,-0.09102893432180889,0.5513432820647513,-0.6783621155398544,1.0,0.0,0.0
-1.4915283322695823,-1.6827768961591436,-1.5045726799858177,-1.334748673459045,0.06977807633385541,1.3744450832067634,-1.5123198791025305,-1.7544688042987184,-1.6107605197534793,-0.8125475440107632,-0.8659304282925178,-0.24338762906573147,-0.5627903032315423,-0.4401740809997297,-1.4041954655063853,-0.4732370687050142,-0.9556837204830194,1.0,0.0,0.0
-0.3374889111733253,-0.49779760868821943,-0.6702636673139944,-0.309085646395462,0.7188764608348364,-0.21450877021146011,0.10557369577427904,-0.5343224321408151,-1.2086470815206107,0.10408344928921123,-0.22532544100327503,-0.2549520469105131,-0.8821160828935498,-0.8681592597794822,-0.8800807534985059,-0.8051433795177549,-0.386696289651353,0.0,1.0,0.0
-0.13913838567240586,-0.01019847604468073,0.38192222127849634,0.03629067904431608,0.06977807633385541,-0.8500903115787495,-0.01108656199672423,-0.1276069747548473,-0.540851550169597,-0.9592085029387587,0.01766265762367881,-0.29542750936724804,0.1271814706810094,-1.0300995976961456,-0.6612196649677433,-0.5261496689795089,0.4548313391416995,1.0,0.0,0.0
1.1411240971062537,0.8856231862539126,0.7804774821089852,0.7479752284353739,-1.2284186926681067,-1.8034626236296836,0.9344755273050928,1.0925393974030562,1.440993252549542,-0.08657579731718305,0.5993614391851753,1.1732535569199984,0.5662544177162697,1.231281549640115,1.7289738018813767,0.7822346287170929,0.7751856069208731,1.0,0.0,0.0
0.41984945892109354,0.22226157556444764,0.8973870252859287,0.17758099399695268,0.06977807633385541,-1.4856718529460389,0.47397450978797384,0.6858239400170884,0.5218768223029842,0.28740964794920615,-0.7996609468488025,0.5892504557585344,0.2241196537926904,0.20758727066692295,0.30637672643141856,0.623496827893608,-0.09024905678107327,0.0,1.0,0.0
-0.7341899621751635,-0.605522998458303,-1.7543339767729242,-0.7434225405091222,1.3679748453358174,1.3744450832067634,-1.846950618498303,-2.1611842616846864,-1.0075903624041767,-0.19657151651318,-1.5286252427296645,-1.1974521012602029,-0.39742516733514577,-0.8855100102705535,-0.540270116042848,-0.9253992892325161,-0.9126510576470112,1.0,0.0,0.0
-2.0865799087723396,-1.5410329622511383,-1.270753593631931,-1.0521680435537724,0.7188764608348364,1.3744450832067634,-0.2321270504049412,-0.9410378895267829,-0.2464470686062461,-0.753883160439564,-1.5212619670136962,-0.34746738966876495,-0.3689139370081808,-0.8450249257913875,-1.2256508932839207,-0.8532457434036594,-1.1039073369181596,0.0,0.0,1.0
0.9247417056507058,0.07484788430012244,0.37660815113408935,0.3031723850659628,-1.2284186926681067,-0.8500903115787495,0.9528955680057773,1.0925393974030562,0.7157529443081174,0.7493916685723941,0.6656309206288904,-0.34168518074637416,0.5263386952585186,0.5488186969913198,-0.46539658575600834,0.3829850084640856,0.8851579675017833,1.0,0.0,0.0
-0.8243492919483085,-0.6622205720215055,-0.983793805833979,-0.507938682254728,0.06977807633385541,1.0566543125231187,-0.6987680814889546,-0.5343224321408151,-0.9214231970685617,-0.26990199597717796,-0.615579053949595,-0.5093692394957055,-0.24916676963492795,-0.712002505359843,-0.9146377674770475,-0.9109685800667447,-1.2138796974990698,0.0,1.0,0.0
-0.40961637499184106,-0.333374645354933,0.1799875557910488,-0.11023261053619585,1.3679748453358174,1.0566543125231187,-0.19221696222012435,-0.5343224321408151,-0.6701022981730188,-0.3432324754411759,-0.2326887167192429,-0.2896453004448576,-0.3860206752043596,0.7223262019020302,0.33517423808020314,-0.300068558715758,-0.04721639394506495,1.0,0.0,0.0
-0.5538713026288733,-1.2462055797224871,-0.6171229658699293,-1.4865049376674326,0.06977807633385541,-0.21450877021146011,-0.606667877985531,-0.5343224321408151,-0.43314259350007855,-0.4312290507979737,-0.8659304282925178,-0.2144765844537778,-0.9505430356782659,-0.6946517548687717,-1.0413468187316999,-0.6319748695284988,-1.1565028137177251,0.0,1.0,0.0
0.6181999844220126,0.182573274070206,0.8920729551415217,0.5124913701809798,-0.5793203081671255,0.42107277115582925,0.7257150660306654,0.2791084826311205,0.5290574194142861,0.21407916848520817,-0.22532544100327503,0.3521798899405146,0.7658330300050243,0.38109477557763344,0.9111244710558946,0.6090661187278364,0.45004993215992106,0.0,1.0,0.0
-0.06701092185389006,-0.3730629468491746,0.39255036156730955,0.2979394104380873,0.06977807633385541,0.10328200047218458,0.19153388571080773,-0.1276069747548473,-0.19618288882713833,-0.5412247699939706,0.312193686262411,0.06885165274336817,0.07015901002707953,-0.6946517548687717,0.8074534291202703,0.3445031173553619,0.048411745690509225,1.0,0.0,0.0
-0.5719031685835023,-0.5374859101824611,-0.6064948255811161,-0.889945830089634,1.3679748453358174,1.692235853890408,-0.6435079593869001,-0.9410378895267829,-0.8065336432877425,0.8080560521435923,-0.7186649139731517,-0.16243670415226127,-0.7680711615856901,-1.8513684542735083,-0.18894047392767618,-0.46361659592783316,-0.6640178945945183,1.0,0.0,0.0
0.36575386105720636,-0.11225410845844519,-0.07508781114046431,0.564821116459734,0.06977807633385541,0.10328200047218458,0.3757342927176551,0.2791084826311205,1.7353977341128917,0.7713908124115932,0.09129541478336185,0.2596645471822623,0.7145128154164871,0.1844529366788279,-0.4308395717774668,-0.5165291962023282,0.010160489836279688,1.0,0.0,0.0
-0.7882855600390506,-0.9060201383432744,-0.420502370526888,-1.3033508256917927,2.0170732298367984,2.010026624574053,-0.1983569757870189,-1.3477533469127507,-1.7112888793116965,-1.0325389824027567,-2.920284353047674,-1.3188784886304084,-1.851497914010358,-1.1168533501515008,-0.9664732884448597,-1.2957874911539806,-1.8593696400391955,1.0,0.0,0.0
-2.0865799087723396,-1.1554894620213636,-1.5523993112854764,-1.627795252620069,0.06977807633385541,0.42107277115582925,-1.6750302386252458,-1.7544688042987184,-0.8639784201781521,-1.7365115852571371,-0.9469264611681687,-1.3940472046214878,-1.3839137366481327,-1.1168533501515008,-0.7303336929248261,-1.319838673096933,-1.1995354765537336,0.0,1.0,0.0
0.6542637163312706,0.9876788186676763,1.0302387788960916,0.19327991788057883,-0.5793203081671255,-1.1678810822623942,0.9283355137381973,1.0925393974030562,0.859364886534142,-0.5705569617795692,-0.2547785438671476,0.8494498572661175,1.3588666208058948,0.34639327459549085,0.4215667730265568,1.4412370139539836,1.4111127354974413,0.0,1.0,0.0
0.5821362525127547,1.390231590966411,1.3437689174160758,0.18281396862482782,0.06977807633385541,-1.1678810822623942,1.1370959750126248,1.0925393974030562,0.8091007067550332,1.60002523035477,1.2178765993265133,1.1096492587737006,1.119372286059389,1.4857592235091566,1.04935252697006,1.0035055025922532,1.4015499215338838,1.0,0.0,0.0
1.5738888800173505,1.1407622672883222,0.7326508508093262,1.705609585336577,-1.8775170771690877,-0.21450877021146011,-1.0579588751523068,0.2791084826311205,0.5649604049707921,1.7540192372291654,1.4829545251013718,1.6473946885560389,0.6974060772203083,0.8553486223335757,1.2912516248198507,1.5278212689486124,1.3632986656796542,0.0,1.0,0.0
-0.26536144735480915,-0.361723432136534,-0.17074107373978187,-0.7538884897648731,0.06977807633385541,-0.21450877021146011,0.8055352424002991,0.2791084826311205,-0.2967112483853549,-0.2845680918699778,-1.9704217856877628,-0.7117465517793812,-0.20925104717717727,-0.39390541302354043,-0.1774214692681626,-0.41551423204192867,-0.4679802083415912,0.0,1.0,0.0
1.3575064885618024,1.1917900834952035,1.630728705214028,2.0248210376369773,-1.2284186926681067,-0.8500903115787495,1.0971858868278075,1.4992548547890239,1.5056186265512523,1.783351429014765,1.777485553740104,2.0926247755801257,1.6553834162063303,2.000498154744265,1.0781500386188445,1.5566826872801547,1.4637082122970075,1.0,0.0,0.0
-0.7522218281297924,-0.4637790645502977,-0.33547724821638364,-1.6016303794806919,0.06977807633385541,-0.21450877021146011,-1.5491599605039001,-0.9410378895267829,-0.08847393215761996,-0.25523590008437813,-0.2032356138553703,-0.7464398053137257,-0.25486901570032106,-1.0416667646901927,-1.5884995400586066,-1.3390796186512945,-0.8791812087745602,1.0,0.0,0.0
-0.3555207771279542,-1.1101314031708023,-0.7924872806353442,-0.999838297275018,0.06977807633385541,0.42107277115582925,-0.7785882578585884,-0.9410378895267829,-0.12437691771412608,-0.8858780234747607,-0.6597587082454044,-1.1165011763467327,-0.049588157346173334,-0.5616293344372272,0.27181971245287656,-0.352981158990253,-1.161284220699504,0.0,0.0,1.0
-1.5095601982242108,-0.16328192466532662,-1.2866958040651506,-0.8009852614157519,0.7188764608348364,0.10328200047218458,-1.6044200826059543,-1.3477533469127507,-0.3613366223870663,-0.7832153522251637,-1.1310083540673763,-0.8967772372958849,-0.9049250671551218,-1.4175996919967322,-1.2026128839648933,-0.8965378709009734,-1.1134701508817169,0.0,0.0,1.0
-0.8784448898121956,0.02382006809324022,-0.4683290018265466,0.2665415626708347,0.06977807633385541,0.42107277115582925,-0.910598549546829,-0.5343224321408151,-0.44750378772268123,-0.04991055758518407,0.2974671348304752,-0.40528947889267236,0.6574903547625572,-0.48644274897591905,0.21422468915530743,0.15209366181174397,-0.09024905678107327,1.0,0.0,0.0
-0.6440306324020184,0.40936356832301446,-0.0591456007072449,-0.005573117978687352,0.06977807633385541,0.10328200047218458,-0.46237755916350043,-0.9410378895267829,-0.8137142403990433,0.11874954518201103,1.239966426474418,-0.520933657340487,-0.7110487009317602,0.09769918422347264,-0.1831809715979192,-0.24234572205267252,-0.5683897549589442,1.0,0.0,0.0
0.6722955822858998,1.4129106203916921,1.1843468130838803,0.4287637761349729,-0.5793203081671255,-0.5322995408951048,1.2905963141849977,1.4992548547890239,1.7353977341128917,0.9107187233931888,1.2915093564861964,0.8610142751108991,1.7409171071872251,1.4626248895210623,1.3546061504471771,1.5663031600573358,1.5688991658961384,1.0,0.0,0.0
0.7804867780136735,0.2676196344150092,0.9398995864411808,0.020591755160689958,-0.5793203081671255,1.0566543125231187,1.3980465516056586,0.6858239400170884,1.0460604114279743,0.3387409835740049,0.22383437767079217,0.8841431108004616,0.20701291559651078,0.5603858639853673,0.7268203965036731,1.5085803233942503,0.8086554557933242,0.0,1.0,0.0
-0.012915323990002881,0.05783861223116117,0.14810313492460925,-0.6963257688582434,-0.5793203081671255,-0.21450877021146011,-0.42553747776213086,0.2791084826311205,-0.47622617616788554,-0.04991055758518407,0.702447299208732,-0.37637843428071865,0.20131066953111812,0.25385593864311223,-0.02767440869448275,-0.4203244684305192,0.3592031995061253,1.0,0.0,0.0
0.2936263972386902,-0.14627265259636613,-0.19199735431740786,-0.9632074748798901,-0.5793203081671255,-0.5322995408951048,-0.45316753881315813,-0.1276069747548473,-0.44750378772268123,0.6320629014299968,-0.03388027238809848,0.16714920442401085,0.2754398683812268,0.47941569502703624,2.080303443996548,0.28197004430368616,0.7943112348479883,1.0,0.0,0.0
0.726391180149787,0.6588328920011042,1.2056030936615068,1.1404483255260307,-0.5793203081671255,0.10328200047218458,0.6704549439286108,0.6858239400170884,0.0694992042910072,-0.5558908658867704,-0.5345830210739441,1.1096492587737006,0.00173205724236349,1.1213934631966647,0.30637672643141856,0.4984306817902563,0.23010521099810036,1.0,0.0,0.0
-1.1669547450862598,-1.7621534991476266,-1.5045726799858177,-1.664426075015197,2.0170732298367984,1.3744450832067634,-0.8706884613620121,-1.3477533469127507,-1.7759142533134074,-1.743844633203537,-1.447629209854013,-1.3593539510871437,-1.7032395163101401,-2.3198387175324267,-1.237169897943435,-1.343889855039885,-1.8832766749480891,0.0,1.0,0.0
-2.0144524449538235,-1.6941164108717839,-1.54708524114107,-1.664426075015197,1.3679748453358174,1.692235853890408,-0.7386781696737715,-0.9410378895267829,-1.43842618908225,-1.3038617564195494,-1.0131959426118833,-1.7698907845768856,-1.845795667944965,-0.42282333050865883,-1.0240683117424287,-1.536299310583503,-0.6401108596856248,0.0,1.0,0.0
0.8526142418321899,0.18824303142652668,0.9398995864411808,0.8055379493420036,0.06977807633385541,-0.5322995408951048,0.04110355332188262,-0.1276069747548473,-0.2967112483853549,0.8740534836611898,-0.7481180168370242,0.02837619028663286,0.38378254362369396,-0.7987562578151982,-0.12558594830035005,-0.32892997704730076,-0.40582191757846814,1.0,0.0,0.0
0.4378813248757225,0.8856231862539126,0.5466583957550981,0.18281396862482782,0.7188764608348364,-0.8500903115787495,0.6090548082596616,0.2791084826311205,-0.08847393215761996,0.01608687393241451,-0.12223958097971835,1.271551108600641,-1.1102059255092693,-0.38812182952651664,0.7383394011631872,0.04626846126275432,0.36876601346968285,1.0,0.0,0.0
-1.275145940814034,-0.5261463954698204,-0.0378893201296189,-0.8323831091830044,0.06977807633385541,0.7388635418394739,-0.6987680814889546,-0.5343224321408151,-0.9429649884024651,-0.7758823042787643,-0.843840601144612,-0.9488171175974014,-0.5057678425776124,0.5199007795062014,-1.1622963676565947,-0.5261496689795089,-1.0560932671003724,0.0,0.0,1.0
1.249315292834028,1.027367120161918,1.003668428174059,1.5957171181511924,-1.2284186926681067,-1.8034626236296836,1.3059463481022349,1.4992548547890239,1.017338022982769,1.3946998878555759,0.48891230344565073,1.3120265710573764,0.7202150614818799,0.9768038757710726,1.3776441597662044,1.094899993975472,0.7990926418297667,1.0,0.0,0.0
-0.10307465376314795,0.5907958037252614,0.6635679389320417,0.2979394104380873,-0.5793203081671255,-1.1678810822623942,0.5875647607755298,0.6858239400170884,0.7229335414194193,0.11141649723561164,0.7171738506406677,0.7338056788183028,0.8228554906589542,0.9131844573038125,0.5252378149621811,0.6812196645566931,0.06753737361762432,0.0,0.0,1.0
0.0051165419646260705,-0.00452871868836084,-0.25576619605028583,0.4967924462973533,-0.5793203081671255,1.0566543125231187,-0.2382670639718362,-0.1276069747548473,0.4644320454125746,0.03808601777161369,0.36373661627418935,0.8436676483437271,0.6860015850895222,-0.17412924013664022,0.9802384990129778,0.4214668995728091,-0.14284453358063914,0.0,0.0,1.0
-1.239082208904776,-0.3730629468491746,-1.4195475576753136,-0.8637809569502569,0.06977807633385541,-0.21450877021146011,-2.227631459645788,-1.3477533469127507,-1.0793963335171888,-0.7098848727611657,-0.6671219839613733,-1.2032343101825937,-0.38031842913896696,-0.6830845878747246,0.07599663324114196,-0.8676764525694307,-0.7692088481936498,0.0,1.0,0.0
0.8165505099229321,1.146432024644642,0.5785428166215376,0.062455552183693204,-0.5793203081671255,-0.21450877021146011,-0.6619280000875851,-0.1276069747548473,0.29209771474134577,-0.21857066035237918,-1.0794654240555979,0.27701117394943436,0.355271313296729,0.9305352077948833,0.24302220080409198,0.06550940681711605,0.15838410627141974,0.0,1.0,0.0
1.0870284992423673,1.118083237863041,0.8973870252859287,0.8474017463650069,0.06977807633385541,-0.5322995408951048,2.1194981457158106,1.4992548547890239,0.7588365269759254,1.783351429014765,1.0190681549953688,0.8263210215765543,1.2619284376942137,1.040423294238333,1.0551120292998175,1.094899993975472,0.9042835954288984,1.0,0.0,0.0
-0.39158450903721215,0.31297769326557073,-1.0688189281444833,-1.4237092421329274,-0.5793203081671255,0.42107277115582925,-1.5338099265866627,-1.3477533469127507,-0.46186498194528286,-1.0838703180275555,-0.40940733390248263,-0.27808088260007596,0.2982488526427991,0.08613201722942511,0.7728964151417282,0.06550940681711605,0.057974559654066775,0.0,1.0,0.0
0.1493714696016583,0.06350836958748186,-0.006004899263179719,0.44969567464647453,0.06977807633385541,0.7388635418394739,-1.1469890718722833,-0.9410378895267829,0.4931544338577799,-0.9445424070459594,-1.1604614569312495,-0.12196124169552594,-0.4772566122506475,-0.4112561635146113,-0.8628022465092353,-0.8340047978492977,-0.29106815001577885,0.0,1.0,0.0
-1.0587635493584857,-1.297233395929369,-1.116645559444142,-1.664426075015197,1.3679748453358174,0.7388635418394739,-1.1991791871908901,-0.9410378895267829,-1.3594396208579365,-1.384525283829947,-0.608215778233627,-1.6947220685858062,-1.212846354686343,-2.3371894680234977,-2.031981219449889,-1.3005977275425709,-1.4864198954604562,0.0,0.0,1.0
0.22149893342017443,-0.2936863438606913,-0.1547988633065621,-0.5602684285334822,0.06977807633385541,0.10328200047218458,0.10557369577427904,-0.1276069747548473,-0.01666796104460771,-0.5192256261547714,0.5699083363213017,-0.7811330588480702,-0.00967243488842265,-0.272450159586043,0.49644030331339656,-0.24715595844126304,-0.09024905678107327,1.0,0.0,0.0
-0.6440306324020184,-0.5261463954698204,-0.5905526151478967,-0.22535805234945513,0.7188764608348364,0.7388635418394739,-1.8899307134665677,-1.3477533469127507,-1.2660918584110203,-1.99316826338113,-0.49040336677813356,-0.4226361056598444,-1.43523395123667,-0.9202115112526953,-0.9491947814555891,-1.4545252919774654,-0.8696183948110027,0.0,1.0,0.0
-0.7341899621751635,-1.9492554919061933,-1.6055400127295416,-0.13639748367557297,1.3679748453358174,1.692235853890408,-0.9658586716488831,-0.9410378895267829,-0.8567978230668507,-0.1819054206203802,-0.39468078247054583,-1.3651361600095342,-0.06669489554235254,-0.3765546625324691,0.16238916818749569,-0.4876677778707854,-0.6735807085580755,1.0,0.0,0.0
0.6903274482405284,0.5454377448746999,1.0249247087516848,-0.1677953314428254,-1.8775170771690877,-0.8500903115787495,1.1186759343119401,1.4992548547890239,0.7516559298646236,0.5880646137515984,1.225239875042481,1.1038670498513101,0.7259173075472733,1.6824010624079622,0.9629599920237063,0.613876355116427,1.0907584677182676,0.0,0.0,1.0
0.6181999844220126,0.14288497257596436,0.03119359174766606,-0.518404631510479,0.06977807633385541,1.0566543125231187,0.016543499054303055,-0.5343224321408151,-0.5336709530582951,-0.6585535371363669,-1.2193676626589962,-1.6022067258275545,-0.8079868840434411,-1.1226369336485242,-0.4826750927452789,-0.6415953423056798,-1.0369676391732574,1.0,0.0,0.0
-0.19323398353629304,0.3016381785529309,0.4191207122893421,-0.11546558516407116,0.06977807633385541,-0.5322995408951048,0.9590355815726719,0.6858239400170884,-0.9070620028459591,0.1700808808068098,-1.0941919754875347,-0.41107168781506276,-0.728155439127939,-0.9375622617437666,-0.34444703683111305,-0.5357701417566899,0.1440398853260834,0.0,1.0,0.0
0.5100087886942386,0.664502649357424,1.003668428174059,0.2665415626708347,-0.5793203081671255,-0.5322995408951048,0.8914954323368282,1.0925393974030562,1.0963245912070823,1.0133813946427863,0.9086190192558443,0.941965200024369,1.7694283375141902,1.0346397107413094,1.3546061504471771,0.8591984109345399,1.0811956537547107,1.0,0.0,0.0
-0.8784448898121956,-2.0343018522509966,-1.137901840021768,-1.5022038615510587,0.7188764608348364,0.7388635418394739,-1.085588936203334,-1.7544688042987184,-1.2804530526336229,-0.9518754549923588,-0.6597587082454044,-2.0590012306964223,-1.4409361973020627,-1.1631220181276902,-0.7706502092331247,-1.1851520542164002,-0.7596460342300925,1.0,0.0,0.0
0.38378572701183533,0.34132648004717175,-0.22388177518384705,0.10431934920669646,0.06977807633385541,-0.21450877021146011,0.6121248150431098,0.2791084826311205,1.1681305623200944,1.2700380727667793,0.6140879906171121,0.7916277680422101,1.0509453332746739,-0.2666665760890192,-0.15438345994913463,0.40703619040703787,0.4404871181963635,0.0,0.0,1.0
-0.9145086217214536,0.7155304655643062,-0.0804018812848709,0.015358780532814456,-0.5793203081671255,-0.8500903115787495,-0.3886973963607613,-0.5343224321408151,0.25619472918483965,1.321369408391578,1.2694195293382906,-0.1797833309194333,-0.6825374706047952,0.16131860269073364,-0.5575486230321186,0.0943708251486588,-0.8457113599021091,0.0,1.0,0.0
1.2312834268793988,0.7552187670585478,0.4722614137334073,0.4078318776234713,-0.5793203081671255,0.10328200047218458,0.23758398746251957,0.6858239400170884,0.5218768223029842,-0.7465501124931647,0.0029361061917430394,0.6008148736033161,0.1670971931387605,0.7743784533752437,0.3582122473992303,-0.05955673928623565,0.6747760603035201,0.0,0.0,1.0
-0.7882855600390506,-0.7302576602973478,-0.9093968238122878,-0.42421108820872133,1.3679748453358174,0.7388635418394739,-1.306629424611551,-1.7544688042987184,-1.4886903688613584,-1.4285235715083455,-1.2414574898069008,-0.8620839837615404,-0.08950387980392442,0.13240068520561524,-0.44235857643698034,-0.5117189598137376,-0.9269952785923473,0.0,0.0,1.0
0.13133960364702937,0.81191634062175,1.0621231997625304,0.884032568760135,1.3679748453358174,1.0566543125231187,1.008155690107831,0.2791084826311205,-0.16746050038193303,-0.1305740849955814,0.12811179336320339,1.046044960627403,0.8798779513128842,0.15553501919370946,0.5137188103026672,0.161714134588925,-0.7070505574305267,1.0,0.0,0.0
-0.8784448898121956,-1.1158011605271225,-0.5586681942814575,-0.7434225405091222,1.3679748453358174,0.7388635418394739,-1.1776891397067577,-1.3477533469127507,-1.5533157428630693,0.15541478491401,-1.3813597284102985,-0.5729735376420035,-1.4238294591058838,-0.9375622617437666,-1.5136260097717666,-1.0264142533929155,-2.0362816983650074,1.0,0.0,0.0
-1.239082208904776,-0.8209737779984713,-1.0900752087221093,-0.45037596134809843,1.3679748453358174,0.7388635418394739,-0.9382286105978562,-1.3477533469127507,-0.9214231970685617,-1.1132025098131546,-0.1737825109914967,0.1498025776568388,-1.1957396164901644,-0.19726357412473486,-1.0067898047531583,-0.9253992892325161,-0.9509023135012409,1.0,0.0,0.0
0.7985186439683027,0.42070308303565507,0.08964836333613783,0.24037668953145758,-1.2284186926681067,-0.8500903115787495,0.7072950253299808,0.6858239400170884,0.7588365269759254,-0.29923418776277755,1.475591249385404,-0.29542750936724804,0.355271313296729,0.13818426870263859,-0.2983710181930575,0.2867802806922767,0.4261428972510275,0.0,0.0,1.0
0.6001681184673837,0.6078050757942219,0.5466583957550981,0.23514371490358207,0.06977807633385541,0.10328200047218458,0.1485537907425436,0.6858239400170884,1.6635917629998793,0.19208002464600898,0.5110021305935554,-0.1682189130746521,0.5149342031277325,0.4851992785240596,0.47340229399436856,0.7389425012197787,0.727371537103086,1.0,0.0,0.0
0.5821362525127547,1.4129106203916921,1.5031910217482713,0.554355167203983,-1.2284186926681067,-0.8500903115787495,0.1424137771756486,0.6858239400170884,1.4984380294399515,1.006048346696387,-0.18114578670746456,0.2249712936479182,1.176394746713319,1.2949009681073753,0.5309973172919378,0.9986952662036631,0.8134368627751026,1.0,0.0,0.0
1.4837295502442054,0.9479905171734346,1.040866919184904,0.9991580105733942,-1.2284186926681067,-0.5322995408951048,1.763377358835906,1.4992548547890239,1.0747827998731787,1.1967075933027813,0.4152795462859677,0.09198048843293144,1.381675605067467,0.3232589406073966,0.8650484524178395,0.7629936831627309,1.2055122352809569,0.0,1.0,0.0
-0.3374889111733253,-0.3673931894928547,-0.33547724821638364,-0.3457164687905899,1.3679748453358174,1.3744450832067634,-1.2022491939743374,-0.9410378895267829,-1.5102321601952624,-0.9005441193675605,-1.226730938374964,-1.8045840381112301,-1.349700260255775,-0.6136815859104402,-0.9031187628175336,-0.6560260514714511,-0.6162038247767312,1.0,0.0,0.0
1.1771878290155124,1.35621304682849,1.1471483220730345,1.302670538990169,0.7188764608348364,0.10328200047218458,-0.16765690795254434,-0.1276069747548473,1.146588770986191,0.3900723191988037,0.9454353978356858,0.6065970825257064,0.6346813705009849,0.8726993728246465,0.9341624803749218,0.7822346287170929,0.3639846064879041,1.0,0.0,0.0
2.096812992701592,1.4129106203916921,0.49883176445543986,1.7893371793825834,-1.8775170771690877,-0.8500903115787495,0.9651755951395673,1.4992548547890239,1.7353977341128917,1.3946998878555759,1.777485553740104,1.8439897919173243,1.866366520625871,1.7922891488514117,1.9708728997311664,2.3744228733405306,1.8892534336753122,0.0,1.0,0.0
0.16740333555628728,1.3675525615411306,1.9602010541672323,2.825466155701917,-1.2284186926681067,-0.21450877021146011,1.4256766126566858,1.4992548547890239,-0.16746050038193303,0.6760611891083962,1.6817629694325162,0.8783609018780713,1.786535075710369,0.7338933688960778,1.4582771923828015,1.4604779595083457,1.1194469096089403,0.0,1.0,0.0
0.7985186439683027,0.9593300318860752,0.4828895540222197,0.3188713089495889,-1.2284186926681067,-0.8500903115787495,1.8923176437406988,1.4992548547890239,1.0460604114279743,1.7686853331219652,0.48891230344565073,2.0926247755801257,1.0737543175362454,1.717102563390104,1.4006821690852322,1.7731433247667248,1.3585172586978758,1.0,0.0,0.0
0.3296901291479485,0.28462890648396966,-0.4364445809601078,-0.8062182360436273,-0.5793203081671255,-0.8500903115787495,-0.5329877151827919,-0.5343224321408151,-0.8639784201781521,0.6613950932155963,0.312193686262411,-0.08726798816118186,0.41229377395065886,0.10926635121752017,-0.06799092500278091,-0.030695320954692903,-0.04721639394506495,0.0,0.0,1.0
0.5641043865581254,-0.2936863438606913,-0.7712310000577183,-0.6963257688582434,-0.5793203081671255,0.42107277115582925,-1.6658202182749033,-1.3477533469127507,0.17002756384922477,-0.1305740849955814,-0.048606823820035304,0.2654467561046535,0.08156350215786566,-0.9549130122348375,-0.3790040508096546,-0.45880635953924265,-1.1995354765537336,0.0,0.0,1.0
0.9968691694692222,1.4129106203916921,1.5085050918926783,0.8526347209928824,-0.5793203081671255,-0.21450877021146011,1.2384061988663904,1.4992548547890239,-0.05257094660111383,1.0720457782139845,0.27537730768256946,0.8378854394213359,0.6118723862394135,0.8437814553395281,0.5597948289407223,0.5369125728989798,0.8229996767386601,0.0,0.0,1.0
0.18543520151091622,0.5794562890126208,0.4882036241666267,0.09385339995094583,0.06977807633385541,-0.5322995408951048,0.3235441773990487,0.2791084826311205,0.8665454836454438,0.41207146303800285,0.7834433320843829,0.514081739767455,0.2412263919888692,-0.08737548768128497,0.4158072706967994,0.6379275370593792,0.3974544553603552,1.0,0.0,0.0
1.5378251481080927,1.2484876570584056,0.9027010954303349,1.2765056658507918,-0.5793203081671255,-0.8500903115787495,1.020435717241621,1.0925393974030562,1.0891439940957814,0.7420586206259937,1.777485553740104,0.7800633501974286,1.2676306837596072,1.1329606301907122,1.7404928065408898,0.44551808151576133,1.6023690147685896,0.0,1.0,0.0
-0.39158450903721215,0.15422448728860494,0.009937311170040063,-0.827150134555129,0.06977807633385541,0.10328200047218458,-0.06020667053188336,-0.1276069747548473,-1.1440217075188999,-0.3798977151731749,-0.10014975383181364,-1.636899979361899,-0.19784655504639115,-0.35920391204139823,-0.02767440869448275,0.8255267562144066,-0.2528168941615493,1.0,0.0,0.0
-1.0226998174492277,-0.996736256044398,-2.0466078347152825,-1.2876519018081665,0.06977807633385541,1.692235853890408,-0.33650728104215444,-0.9410378895267829,-0.9645067797363691,-1.1058694618667546,-0.3357745767427996,-0.1335256595403076,-1.0702902030515182,-1.510137027949111,0.16238916818749569,-0.05955673928623565,-0.9939349763372491,0.0,1.0,0.0
1.7001119416997534,1.4129106203916921,0.950527726729994,0.9520612389225154,0.7188764608348364,0.42107277115582925,1.4318166262235803,1.0925393974030562,0.6367663760838044,0.5660654699123993,0.5919981634692074,0.9535296178691506,1.2505239455634285,0.8148635378544097,1.5907457459672103,0.5369125728989798,1.224637863208072,0.0,0.0,1.0
0.41984945892109354,0.7041909508516656,1.2906282159720106,1.6428138898020717,-0.5793203081671255,0.42107277115582925,-0.0479266433980938,0.6858239400170884,0.07667980140230904,1.61469132624757,1.1147907393029566,0.9304007821795881,0.9996251186861366,0.5372515299972731,0.4388452800158274,0.9265417203748064,0.7656227929573155,1.0,0.0,0.0
-1.0587635493584857,-0.9853967413317574,-1.0369345072780443,-0.926576652484762,2.0170732298367984,1.692235853890408,-0.8522684206613276,-0.9410378895267829,-0.662921701061718,-1.714512441417938,-0.7775711197008979,-1.1858876834154217,-1.349700260255775,-2.1925998805979057,-0.736093195254583,-1.2717363092110283,-1.6298621049138176,0.0,0.0,1.0
-0.6079669004927605,-1.0024060134007182,-1.6639947843180134,-1.1515945614834053,0.06977807633385541,-0.8500903115787495,-1.8837906998996727,-1.3477533469127507,-0.46904557905658467,0.01608687393241451,-1.447629209854013,-1.636899979361899,-0.4430431358582895,-0.7235696723538901,-0.11406694364083647,-1.2428748908794855,-0.2671611151068853,0.0,1.0,0.0
-0.40961637499184106,-0.40708149098709556,-0.718090298613653,-0.8114512106715026,0.06977807633385541,0.10328200047218458,-0.3457173013924972,-0.5343224321408151,-0.9429649884024651,-0.5852230576723689,-0.18850906242343352,-0.1393078684626984,-0.060992649476959475,0.08034843373240176,-0.6036246416701743,-0.6464055786942701,-0.358007847760681,1.0,0.0,0.0
-0.6981262302659056,-0.6225322705272642,-0.8243717015017834,-0.14163045830344828,0.06977807633385541,-0.8500903115787495,-0.24440707753873075,-0.1276069747548473,0.42134846274476767,-0.9152102152603598,-0.8070242225647705,-1.5617312633708196,-1.4409361973020627,-1.1515548511336426,0.17966767517676627,-1.257305600045257,-0.40582191757846814,0.0,0.0,1.0
-0.9325404876760826,-0.6111927558146237,-0.8137435612129703,-0.9056447539732604,1.3679748453358174,1.0566543125231187,-0.876828474928907,-1.3477533469127507,-1.2804530526336229,-0.8932110714211606,-0.608215778233627,-1.3246606975527992,0.17279943920415317,-0.8855100102705535,-1.0528658233912134,-0.9446402347868779,-0.7261761853576414,0.0,1.0,0.0
0.6001681184673837,0.2449406049897288,0.07902022304732464,0.13048422234607357,0.7188764608348364,-0.8500903115787495,0.5599346997245025,0.2791084826311205,0.7947395125324316,-0.26990199597717796,0.6361778177650168,-0.06413915247161858,0.22982189985808307,-0.006405318722953492,0.49068080098364,0.3733645356869046,0.029286117763394456,0.0,1.0,0.0
1.7361756736090115,1.4129106203916921,1.7370101081021585,1.8102690778940853,-1.8775170771690877,-2.121253394313328,0.553794686157608,1.4992548547890239,1.7353977341128917,1.4606973193731736,1.1442438421668302,1.5201860922634425,1.4329958196560035,2.1046026576906907,1.4409986853935308,2.1291008175224184,1.3250474098254246,1.0,0.0,0.0
-0.10307465376314795,0.012480553380599635,-0.3195350377831642,0.9311293404110138,-1.2284186926681067,-0.8500903115787495,-0.7049080950558493,-0.1276069747548473,1.2973813103235172,0.30940879178840636,0.9969783278474641,-0.6192312090211293,0.09296799428865099,0.13818426870263859,0.5713138336002362,0.7822346287170929,0.478738374050593,0.0,0.0,1.0
-0.7702536940844213,-0.021537990757321317,-0.5799244748590835,-0.8009852614157519,0.06977807633385541,0.42107277115582925,-0.6404379526034528,-0.5343224321408151,0.8809066778680454,0.3974053671452031,0.5330919577414601,0.3348332631733417,-0.30048698422346476,0.3579604415895384,-0.6036246416701743,0.07031964320570656,-0.11893749867174559,0.0,1.0,0.0
2.67383270324972,1.4129106203916921,1.577588003769963,2.7051077392607827,-1.8775170771690877,0.10328200047218458,1.1248159478788347,1.4992548547890239,1.2902007132122155,1.783351429014765,1.3725053893618473,2.0926247755801257,1.9176867352144076,2.1046026576906907,1.7174547972218626,2.3744228733405306,2.3004544341082815,1.0,0.0,0.0
-0.46371197285572824,0.8969627009665532,1.1471483220730345,1.4858246509658088,0.7188764608348364,-0.5322995408951048,1.5668969246952686,0.6858239400170884,0.01923502451189842,0.5000680383948006,0.1428383447951402,0.2538823382598719,0.047350025765507245,0.15553501919370946,0.09327514023041254,0.3781747720754951,0.8134368627751026,1.0,0.0,0.0
1.8623987352914144,1.4129106203916921,0.9080151655747412,1.4491938285706807,-1.2284186926681067,-1.4856718529460389,1.333576409153262,1.4992548547890239,1.7353977341128917,1.636690470086769,1.777485553740104,2.0926247755801257,2.0830518711108046,2.1046026576906907,1.9708728997311664,2.0617575080821515,2.4008639807256342,1.0,0.0,0.0
-1.1669547450862598,0.09752691372540281,-0.4364445809601078,0.12525124771819846,0.06977807633385541,-0.5322995408951048,-1.5368799333701102,-1.3477533469127507,-0.18182169460453568,-0.01324531785318509,-0.8217507739967073,-0.6365778357883017,-0.220655539307963,-0.3765546625324691,-0.22349748790621776,-0.6319748695284988,-0.5636083479771654,1.0,0.0,0.0
-1.4013690024964371,-1.8698788889177105,-1.7383917663397048,-1.664426075015197,1.3679748453358174,1.0566543125231187,-1.736430374294195,-2.1611842616846864,-2.4867933673322287,-1.3185278523123485,-1.8526093742322698,-1.5559490544484287,-1.3268912759942029,-2.169465546609811,-2.4236273778733595,-1.7046575841841685,-1.9215279308023185,0.0,1.0,0.0
1.4476658183349476,0.38668453889773413,0.38723629142290256,-0.42421108820872133,0.7188764608348364,-0.5322995408951048,0.8761453984195909,1.0925393974030562,0.32800070029785194,0.5220671822339998,0.695084023492763,1.098084840928919,1.0965633017978176,0.6240052824526283,-0.8512832418497214,0.560963754841932,-0.4153847315420253,1.0,0.0,0.0
1.6099526119266085,1.4129106203916921,1.3862814785713278,1.402097056919802,-1.2284186926681067,-0.8500903115787495,1.4103265787394486,1.4992548547890239,0.7229335414194193,1.5413608467835718,1.777485553740104,1.6127014350216948,1.5755519712908281,1.0924755457115463,0.9111244710558946,1.7442819064351824,1.4158941424792204,1.0,0.0,0.0
0.5641043865581254,-0.19163071144692767,-0.21856770503944045,-0.8533150076945061,-0.5793203081671255,1.0566543125231187,1.0265757308085164,1.0925393974030562,0.8809066778680454,0.02341992187881389,0.8791659163919706,-0.15087228630747962,0.7259173075472733,0.31747535711037245,0.31789573109093255,-0.6560260514714511,0.04363033870873079,1.0,0.0,0.0
0.9608054375599636,1.2201388702768046,1.0833794803401569,1.0514877568521483,-1.2284186926681067,-0.8500903115787495,1.103325900394703,1.4992548547890239,1.268658921878312,0.9107187233931888,1.3430522864979737,0.6644191717496138,1.911984489149015,0.28855743962525404,1.406441671414989,1.090089757586881,1.7219041893130573,0.0,0.0,1.0
0.25756266532943234,-0.16328192466532662,-0.0378893201296189,-0.45560893597597374,0.7188764608348364,-0.5322995408951048,0.9099154730375127,0.2791084826311205,-0.023848558155908525,-0.16723932472758038,0.36373661627418935,-0.30120971828963883,-0.5855992874931143,-0.03532323620807191,-0.3905230554691682,-0.3193095042701197,-0.3341008128517875,1.0,0.0,0.0
-1.8521656513621625,-1.4616563592626555,-1.6321103634515741,-1.4760389884116816,0.06977807633385541,0.10328200047218458,-1.9973809508872287,-1.7544688042987184,-3.3125620351318696,-1.5385192907043426,-1.6022579998893476,-1.2205809369497658,-2.307677599241797,-0.873942843276506,-1.5942590423883634,-1.440094582811694,-1.902402302875204,1.0,0.0,0.0
0.942773571605335,1.0727251790124794,1.4447362501598,1.3131364882459196,-1.2284186926681067,0.10328200047218458,0.03496353975498762,0.6858239400170884,0.3567230887430562,1.5926921824083706,0.8938924678239074,1.0171339160154491,0.7145128154164871,0.39266194257168097,1.2336566015222814,1.2343968492445947,1.191168014335621,1.0,0.0,0.0
0.7083593141951577,0.5454377448746999,0.33409558997883737,-0.06313583888531692,0.7188764608348364,0.42107277115582925,0.24372400102941458,-0.1276069747548473,0.3710842829656589,0.30940879178840636,0.15020162051110914,0.31170442748377925,0.5035297109969464,0.6471396164407225,0.2487817031338494,1.090089757586881,-0.386696289651353,0.0,1.0,0.0
-1.9062612492260493,-1.643088594664902,-1.249497313054305,-0.8690139315781324,2.6661716143377796,2.010026624574053,-0.5759678101510565,-0.9410378895267829,-1.3091754410788277,-0.5632239138331698,-1.9777850614037313,-0.8331729391495867,-1.2869755535364522,-0.8103234248092454,-0.5978651393404172,-1.6469347475210834,-2.227537977636156,1.0,0.0,0.0
0.18543520151091622,1.1067437231504005,0.26501267810155277,0.4758605477858517,-1.2284186926681067,-0.5322995408951048,-1.1746191329233104,-0.1276069747548473,-0.1890022917158365,1.1967075933027813,0.5846348877532385,0.7800633501974286,0.6917038311549148,1.0519904612323803,-0.6439411579784724,1.3065503950734514,0.14882129230786217,0.0,1.0,0.0
1.195219694970141,0.9990183333803169,0.8336181835530504,1.428261930059179,0.06977807633385541,-0.5322995408951048,1.8524075555558817,1.4992548547890239,0.3567230887430562,0.8373882439291909,0.6509043691969536,1.167471347997608,0.5035297109969464,0.2943410231222782,0.7095418895144026,0.6331173006707886,0.7512785720119796,0.0,0.0,1.0
-0.9505723536307117,-0.1065843511021245,0.684824219509668,0.22467776564783143,0.7188764608348364,0.42107277115582925,1.5638269179118214,0.6858239400170884,-0.16746050038193303,0.6247298534835973,-1.3813597284102985,-0.12196124169552594,0.20701291559651078,0.14396785219966193,-0.010395901705211761,-0.3626016317674337,-0.2862867430340004,1.0,0.0,0.0
-0.17520211758166407,-0.00452871868836084,0.9080151655747412,0.38689997911196966,0.7188764608348364,0.10328200047218458,-0.8430584003109848,0.2791084826311205,0.6870305558629132,-1.1425347015987535,0.7392636777885735,0.07463386166575858,-0.22635778537335607,-0.6368159198985349,-0.47691559041552195,0.6283070642821985,-0.028090766017949846,0.0,1.0,0.0
-1.5095601982242108,-1.988943793400435,-2.4983037969898367,-1.664426075015197,0.06977807633385541,2.6456081659413417,-3.0565332911766014,-2.1611842616846864,-1.4312455919709488,-0.8565458316891617,-1.0426490454757564,-1.2726208172512827,-0.6768352245394021,-1.3308459395413768,-1.5827400377288496,-2.25302453248348,-0.9891535693554704,0.0,1.0,0.0
-0.42764824094647036,-0.5488254248951009,-0.8562561223682227,-1.0678669674373986,0.06977807633385541,-0.8500903115787495,-0.7417481764572188,-0.9410378895267829,-0.9501455855137665,-0.5412247699939706,-0.3431378524587675,-0.8273907302271959,-0.46585212011986177,-1.111069766654477,-0.9146377674770475,-1.5218686014177316,-0.8074601040478796,1.0,0.0,0.0
-1.1489228791316308,-1.9435857345498735,-1.4673741889749723,-1.198691333134284,0.7188764608348364,0.42107277115582925,-1.0610288819357545,-0.9410378895267829,-1.4097038006370448,-1.1718668933843526,0.5919981634692074,-1.6079889347499452,-1.0474812187899465,-1.7356967843330346,-0.8455237395199644,-1.4593355283660556,-1.0704374880457086,1.0,0.0,0.0
1.411602086425689,1.4072408630353723,1.3650251979937023,1.705609585336577,-1.8775170771690877,-1.4856718529460389,0.7901852084830617,1.4992548547890239,1.1681305623200944,1.336035504284378,0.5919981634692074,1.5722259725649594,0.839962228855133,-0.24353224210092458,1.66561927625405,1.5085803233942503,2.30523584109006,0.0,1.0,0.0
0.8886779737414479,0.23360109027708822,0.33940966012324436,0.25607561341508406,-0.5793203081671255,-1.1678810822623942,0.6182648286100044,0.6858239400170884,0.19874995229442904,-0.23323675624517898,-0.608215778233627,-1.1974521012602029,-0.16363307865403312,-0.11050982166937963,-0.44811807876673737,0.08956058876006828,-0.3293194058700087,1.0,0.0,0.0
-0.5719031685835023,-0.23698877029748922,-1.0635048580000768,-0.1782612806985764,0.06977807633385541,0.10328200047218458,-0.1277468197677275,-0.5343224321408151,-0.36851721949836713,-0.15257322883478164,-0.8070242225647705,0.43313081485398436,0.11577697855022327,0.23650518815204136,0.05295862392211397,0.7774243923285021,-0.2528168941615493,0.0,1.0,0.0
-0.8604130238575666,-0.917359653055915,0.5838568867659438,-0.1730283060707009,0.7188764608348364,1.692235853890408,0.07180362115635719,-0.5343224321408151,-0.18182169460453568,0.5587324219659988,0.7687167806524461,-0.1797833309194333,-0.6711329784740091,-0.10472623817235627,-0.8282452325306938,-0.6704567606372223,-0.5157942781593783,1.0,0.0,0.0
0.4739450567849804,-0.3277048879986131,-0.20793956475062725,-0.3038526717675865,0.06977807633385541,-0.21450877021146011,1.1370959750126248,0.6858239400170884,-0.03820975237851118,0.06008516161081287,1.004341603563432,-0.12196124169552594,-0.5570880571661493,-0.11050982166937963,0.39276926137777224,0.3733645356869046,0.20619817608920682,1.0,0.0,0.0
-0.13913838567240586,-0.3957419762744558,0.49883176445543986,0.15141612085757558,0.06977807633385541,0.10328200047218458,1.8462675419889871,1.0925393974030562,-0.05975154371241465,-1.1791999413307526,-0.6671219839613733,-0.8447373569943679,-0.14652634045785431,-0.7987562578151982,-0.9664732884448597,-0.6608362878600416,-0.39625910361491057,1.0,0.0,0.0
-0.319457045218696,-0.22564925558484944,-0.7712310000577183,-0.4765408344874756,0.7188764608348364,0.42107277115582925,-1.1561990922226255,-0.9410378895267829,-0.8998814057346582,-1.1718668933843526,-0.5934892268016903,0.6759835895943954,-0.21495329324256995,-0.8681592597794822,-0.35596604149062666,-0.3577913953788432,0.005379082854500911,0.0,1.0,0.0
-0.7522218281297924,-0.3957419762744558,-0.3248491079275708,-0.5602684285334822,0.06977807633385541,1.0566543125231187,-0.20449698935391392,0.2791084826311205,-0.03820975237851118,-1.5165201468651432,0.03238920905561563,0.583468246836144,-0.17503757078481927,0.23072160465501718,0.31789573109093255,-0.290448085938577,0.07710018758118155,1.0,0.0,0.0
-0.42764824094647036,-0.43543027776869664,-1.2654395234875244,-0.5131716568826035,-0.5793203081671255,-0.5322995408951048,-1.0364688276681748,-0.5343224321408151,-0.31825303971925833,0.5880646137515984,-1.0058326668959148,-1.2147987280273753,-0.23776227750414222,-0.1452113226515218,-0.21197848324670376,-0.2808276131613963,-0.7548646272483137,0.0,1.0,0.0
0.2755945312840613,1.0160276054492774,1.1524623922174415,1.3131364882459196,-0.5793203081671255,-1.1678810822623942,2.1379181864164956,1.4992548547890239,0.05513801006840455,0.6760611891083962,0.36373661627418935,0.9535296178691506,0.7658330300050243,0.780162036872267,0.20846518682555082,0.8062858106600452,0.5217710368866016,0.0,0.0,1.0
0.09527587173777115,-0.10091459374580461,-0.16011293345096866,0.08338745069519483,0.7188764608348364,0.7388635418394739,-0.2351970571883885,-0.1276069747548473,-0.045390349489812,-1.1352016536523537,-1.8305195470843652,-1.2899674440184548,-1.7203462545063195,-1.1920399356128086,-0.7533717022438541,-0.6127339239741371,-0.6783621155398544,0.0,1.0,0.0
0.7985186439683027,0.6078050757942219,-0.0591456007072449,0.17758099399695268,-0.5793203081671255,-1.4856718529460389,-0.03871662304775152,0.2791084826311205,0.737294735642021,0.8227221480363921,0.8865291921079396,0.005247354597069997,0.1842039313349393,0.5603858639853673,-0.19469997625743318,0.9169212475976254,0.756059978993758,0.0,1.0,0.0
-0.13913838567240586,-0.5034673660445393,-0.9572234551119464,-0.7067917181139942,2.0170732298367984,0.7388635418394739,-0.7386781696737715,-0.9410378895267829,-0.6126575212826092,-0.5925561056187694,0.2606507562506337,-0.7580042231585069,-0.8764138368281568,-1.059017515181264,-0.5057131020643065,-0.9590709439526492,-0.8600555808474453,1.0,0.0,0.0
-0.6800943643112763,-0.06122629225156296,-0.4258164406712946,0.13571719697394907,-0.5793203081671255,0.10328200047218458,-0.7448181832406665,-0.9410378895267829,-0.023848558155908525,0.7200594767867945,0.8276229863801923,-0.19712995768660577,0.12147922461561594,-0.8508085092884113,-0.5633081253618757,-0.5213394325909186,0.3735474204514616,1.0,0.0,0.0
-0.39158450903721215,-1.2575450944351279,-1.1538440504549878,-1.298117851063917,0.06977807633385541,1.3744450832067634,-0.2413370707552835,-0.5343224321408151,-1.1440217075188999,-0.6585535371363669,-1.697980584196936,-1.5212558009140842,-1.6690260399177823,-1.475435526966969,-1.744006102962043,-0.7329898336888983,-0.2671611151068853,0.0,0.0,1.0
0.1133077376924001,0.44338211246093623,0.7964196925422046,-0.36141539267421624,0.06977807633385541,0.10328200047218458,0.9221955001713028,0.2791084826311205,0.07667980140230904,-1.1865329892771526,-0.46831353963022887,0.5025173219226734,-0.038183665215387595,0.10348276772049682,-0.22349748790621776,0.3012109898580479,0.22054239703454281,1.0,0.0,0.0
-1.7259425896797593,-1.6090700505269806,-1.6427385037403872,-1.664426075015197,-0.5793203081671255,0.10328200047218458,-2.2460515003464727,-1.7544688042987184,-1.0075903624041767,-1.5898506263291412,-1.0426490454757564,-0.8794306105287124,-1.3896159827135257,-0.8276741753003166,-1.3811574561873576,-1.0697063808902296,-1.6537691398227112,0.0,1.0,0.0
0.09527587173777115,-0.16328192466532662,0.5997990971991632,0.7689071269468755,0.7188764608348364,-0.21450877021146011,0.7165050456803227,0.2791084826311205,0.5146962251916833,-0.005912269906785711,-0.3431378524587675,-0.15665449522987043,-0.0952061258693175,-0.9549130122348375,-0.16014296227889163,-0.13171028511509236,0.2540122459069939,0.0,1.0,0.0
0.4018175929664646,0.8516046421159909,0.7857915522533914,0.9311293404110138,-0.5793203081671255,-0.8500903115787495,0.4954645572721061,0.6858239400170884,0.5649604049707921,-0.04991055758518407,0.9748885006995583,0.20184245795835493,0.9140914277052418,1.4279233885389198,1.3027706294793646,0.464759027070123,0.5887107346315036,1.0,0.0,0.0
0.4018175929664646,1.4072408630353723,1.1949749533726934,0.9101974418995121,0.7188764608348364,-1.8034626236296836,1.594526985746296,1.0925393974030562,1.2758395189896128,0.7347255726795943,0.04711576048755245,0.305922218561388,0.24692863805426188,0.7049754514109594,0.3812502567182583,0.7100810828882362,0.40223586234213393,0.0,0.0,1.0
-0.012915323990002881,-0.22564925558484944,0.10027650362495065,0.15141612085757558,0.7188764608348364,0.10328200047218458,0.18846387892736044,-0.1276069747548473,-0.42596199638877674,0.08208430545001205,-0.1958723381394014,-0.34168518074637416,0.6574903547625572,-0.6946517548687717,0.6519468662168334,-0.8099536159063455,-0.5970781968496165,1.0,0.0,0.0
-0.5899350345381312,-0.6678903293778258,-1.1538440504549878,-1.664426075015197,1.3679748453358174,0.42107277115582925,1.3366464159367093,0.2791084826311205,-0.2751694570514514,-0.3358994274947765,-1.1162818026354395,-0.6018845822539572,-0.9733520199398378,-0.83345775879734,0.5540353266109657,-1.1370496903304959,-0.13806312659886036,0.0,1.0,0.0
0.4739450567849804,-0.0328775054699619,-0.23450991547265984,-0.9946053226471425,0.06977807633385541,0.7388635418394739,0.019613505837750338,-0.1276069747548473,-0.21054408304973998,-0.5338917220475702,-0.5861259510857213,0.7684989323526469,1.1250745321247826,0.2133708541639463,-0.5805866323511466,-0.38184257732179544,-0.39625910361491057,1.0,0.0,0.0
-0.8423811579029375,-0.9570479545501563,-1.9615827124047782,-0.35094944341846523,0.7188764608348364,0.10328200047218458,-1.865370659198988,-1.3477533469127507,-1.2373694699658155,-0.7245509686539655,-0.27686837101505335,-1.5154735919916933,-0.25486901570032106,-1.0127488472050743,-1.237169897943435,-1.1947725269935812,-0.9652465344465768,1.0,0.0,0.0
0.18543520151091622,-0.20297022615956825,0.015251381314446278,-0.3195515956512128,0.7188764608348364,0.10328200047218458,-0.19528696900357162,-0.5343224321408151,-0.8567978230668507,-0.3432324754411759,-0.5272197453579751,-1.2668386083288918,-0.699644208800974,0.14396785219966193,-0.7130551859355555,-0.237535485664082,-0.3054123709611152,1.0,0.0,0.0
0.09527587173777115,-0.6678903293778258,-0.6596355270251814,-0.12593153441982216,0.06977807633385541,1.0566543125231187,-0.929018590247514,-0.5343224321408151,-0.3038918454966567,-0.8565458316891617,0.5993614391851753,0.3001400096389976,0.024541041503935365,-0.13942773915449805,0.467642791664612,0.07031964320570656,-0.6879249295034119,1.0,0.0,0.0
-0.8423811579029375,0.012480553380599635,-0.4151883003824814,-1.3870784197377994,0.7188764608348364,-0.21450877021146011,-0.5053576541317646,-0.5343224321408151,-0.5911157299487058,-0.1305740849955814,0.039752484771584565,0.375308725630077,-0.14652634045785431,0.5314679465002489,0.444604782345584,-0.396273286487567,-0.3914776966331318,1.0,0.0,0.0
-1.4374327344056952,-1.0591035869639203,-1.4726882591193788,-1.1829924092506579,0.7188764608348364,0.7388635418394739,-0.5145676744821073,-0.9410378895267829,-1.0004097652928752,-1.0618711741883557,-0.5419462967899119,-1.5617312633708196,-1.0645879569861256,-1.0011816802110272,-1.1565368653268382,-0.8917276345123829,-1.6728947677498256,1.0,0.0,0.0
0.7444230461044156,0.664502649357424,1.30657042640523,0.9625271881782663,-0.5793203081671255,-0.5322995408951048,1.99976788116136,1.4992548547890239,0.19874995229442904,1.4460312234803747,0.37846316770612615,1.0923026320065286,0.4750184806699814,1.8501249838216485,0.48492129865388256,1.094899993975472,-0.23369126623443454,1.0,0.0,0.0
0.6722955822858998,0.8289256126907105,1.120577971351002,0.9311293404110138,-1.2284186926681067,-0.5322995408951048,0.20381391284459774,1.0925393974030562,1.6492305687772768,0.617396805537197,0.8644393649600338,0.9708762446363226,1.393080097198253,0.3868783590746568,1.3949226667554748,1.5422519781143835,0.5600222927408313,1.0,0.0,0.0
-0.1211065197177769,0.4320425977482956,0.5413443256106919,0.7270433299238722,0.06977807633385541,0.10328200047218458,0.9958756629740418,0.6858239400170884,0.15566636962662211,0.13341564107481083,0.21647110195482325,1.3467198245917205,0.577658909847055,0.8148635378544097,0.2257436938148214,0.8399574653801778,0.1775097341985345,0.0,1.0,0.0
-0.048979055899260784,0.07484788430012244,0.14810313492460925,-0.3038526717675865,-0.5793203081671255,-0.8500903115787495,-0.10932677906704293,-0.1276069747548473,0.10540218984751333,0.5147341342876004,0.1354750690791723,-0.16243670415226127,0.17850168526954582,0.5603858639853673,0.11055364721968312,-0.2952583223271675,-0.11893749867174559,1.0,0.0,0.0
0.0051165419646260705,-0.49779760868821943,-1.42486162781972,-0.45560893597597374,0.06977807633385541,-0.5322995408951048,-0.7663082307247984,-0.9410378895267829,-0.37569781660966894,0.1774139287532092,0.21647110195482325,-0.38216064320310905,-0.15793083258864005,-0.5384950004491325,-0.10830744131107947,-0.9590709439526492,0.20141676910742803,1.0,0.0,0.0
1.03293290137848,1.2484876570584056,1.4925628814594583,1.8050361032662094,-1.2284186926681067,-1.4856718529460389,1.177006063197441,1.4992548547890239,0.27773652051874315,0.43407060687720206,0.9601619492676227,0.8031921858869918,1.204905977040284,0.7570277028841729,0.7325798988334298,1.2728787403533182,0.7799670139026516,1.0,0.0,0.0
-0.03094718994463183,0.3980240536103739,-0.26639433633909904,1.2241759195720376,-1.8775170771690877,-0.8500903115787495,-0.5606177762338191,-0.1276069747548473,0.7947395125324316,0.7933899562507924,0.39318971913806294,-0.3937250610478907,1.3075464062173583,0.37531119208060926,0.48492129865388256,0.33007240818959066,0.22054239703454281,0.0,1.0,0.0
0.8345823758775607,1.4129106203916921,0.945213656585587,1.5852511688954418,0.7188764608348364,0.42107277115582925,1.7910074198869326,1.0925393974030562,1.0316992172053718,0.6247298534835973,1.4461381465215304,1.6069192260993035,2.0773496250454118,1.1965800486579725,1.3373276434579058,1.3546527589593558,1.1433539445178338,0.0,0.0,1.0
0.023148407919255022,0.5340982301620593,0.11090464391376384,0.010125805904938959,1.3679748453358174,0.7388635418394739,0.7195750524637708,0.2791084826311205,-0.7490888663973319,0.11141649723561164,-0.8659304282925178,-0.06992136139400941,-0.24346452356953488,-0.39390541302354043,0.21998419148506482,0.041458224874163806,-0.3819148826695746,1.0,0.0,0.0
1.4837295502442054,1.4129106203916921,1.301256356260824,0.7061114314123703,-0.5793203081671255,-1.4856718529460389,1.3090163548856821,1.0925393974030562,0.6654887645290087,1.24803892892758,0.9380721221197169,1.202164601531952,1.090861055732424,1.1098262962026173,2.080303443996548,1.1093307031412432,0.4835197810323718,0.0,1.0,0.0
-0.15717025162703513,-0.7642762044352691,-1.478002329263785,-1.664426075015197,2.0170732298367984,1.692235853890408,0.36959427915076054,-0.5343224321408151,-0.7131858808408258,1.3653676960699763,-0.4241338853344195,-0.520933657340487,0.21841740772729692,-0.567412917934251,-1.0183088094126718,-0.4203244684305192,-0.08546764979929448,0.0,0.0,1.0
0.6542637163312706,0.936651002460794,0.44037699286696774,0.3345702328332154,-1.8775170771690877,-1.4856718529460389,0.016543499054303055,0.2791084826311205,0.5649604049707921,1.0207144425891856,-0.3505011281747364,0.994005080325886,0.66319260082795,0.7454605358901253,0.7613774104822143,0.8303369926029974,0.49786400197770814,0.0,1.0,0.0
0.6362318503766419,0.47740065659885716,0.7326508508093262,0.6328497866221144,0.7188764608348364,-0.8500903115787495,1.4717267144083976,1.0925393974030562,1.6635917629998793,0.9253848192859886,0.9748885006995583,0.09776269735532185,-0.8364981143704061,0.16131860269073364,0.31789573109093255,0.20019602569764844,0.3496403855425681,0.0,1.0,0.0
-0.17520211758166407,0.8969627009665532,0.3500378004120568,-0.19396020458220253,0.06977807633385541,-0.21450877021146011,-0.7356081628903238,-0.5343224321408151,-1.0578545421832848,-0.02057836579958447,0.29010385911450626,0.3637443077852954,0.4179960200160516,-0.1162934051664034,0.277579214782634,0.24348815319496273,0.5743665136861672,0.0,0.0,1.0
0.8886779737414479,0.630484105219503,0.3075252392568048,0.6694806090172425,-0.5793203081671255,-0.5322995408951048,1.1463059953629666,1.0925393974030562,-0.08847393215761996,-0.32123333160197676,0.23119765338676007,-0.052574734626837365,-0.5342790729045774,-0.2608829925919955,-0.3502065391608701,0.4984306817902563,0.43570571121458473,1.0,0.0,0.0
-0.8784448898121956,-0.5941834837456632,-0.8615701925126292,-0.45037596134809843,2.0170732298367984,-0.5322995408951048,-1.1132189972543614,-1.3477533469127507,-0.7634500606199345,-0.54855781794037,-0.4977666424941025,-0.6018845822539572,-1.4865541658252068,-0.9433458452407903,-1.6288160563669047,-1.2765465455996188,-0.4918872432504847,0.0,1.0,0.0
1.068996633287738,0.9253114877481542,0.3022111691123986,-0.12593153441982216,0.06977807633385541,-1.4856718529460389,0.022683512621197617,-0.5343224321408151,0.9670738432036604,0.3827392712524043,0.06920558763545716,-0.1797833309194333,-0.18073981685021234,0.7049754514109594,0.24302220080409198,0.20019602569764844,0.5265524438683801,0.0,1.0,0.0
0.7804867780136735,1.1804505687825637,0.7060805000872936,-0.13639748367557297,-1.2284186926681067,-1.8034626236296836,-1.2298792550253645,-0.9410378895267829,-0.13873811193672772,1.783351429014765,0.18701799909095065,0.02837619028663286,0.1271814706810094,0.820647121351433,0.32365523342068914,0.2964007534694574,0.3305147576154533,1.0,0.0,0.0
0.4018175929664646,0.329986965334532,0.2809548885347722,0.5177243448088553,0.06977807633385541,-0.8500903115787495,0.5783547404251871,0.6858239400170884,0.5505992107481895,1.431365127587575,1.1221540150189244,1.080738214161747,1.7124058768602604,1.2197143826460675,1.216378094533011,0.9890747934264821,1.023818769973366,1.0,0.0,0.0
1.5017614161988342,1.0783949363687992,1.4978769516038652,2.155645403333863,-0.5793203081671255,-0.5322995408951048,1.9230177115751734,1.4992548547890239,0.34236189452045357,1.7246870454435668,1.4829545251013718,1.5201860922634425,1.746619353252618,2.1046026576906907,2.080303443996548,2.008844907807657,1.334610223788982,1.0,0.0,0.0
0.4739450567849804,1.35054328947217,0.9398995864411808,1.2137099703162866,0.06977807633385541,-0.5322995408951048,1.4962867686759769,0.6858239400170884,1.7282171370015909,0.10408344928921123,1.1736969450307029,0.8841431108004616,0.30395109870819176,0.7685948698782203,1.1875805828842263,0.657168482613741,0.4165800832874699,0.0,1.0,0.0
0.2755945312840613,0.2562801197023686,0.9611558670188064,0.7532082030632494,0.7188764608348364,-0.5322995408951048,1.3612064702042885,0.6858239400170884,0.9455320518697569,-0.6438874412435671,0.061842311919489266,0.32326884532856087,-0.10090837193471015,0.6644903669317934,0.10479414488992653,0.22424720764060066,0.34007757157901053,1.0,0.0,0.0
1.4476658183349476,1.4129106203916921,1.4819347411706458,0.6328497866221144,-1.2284186926681067,-0.5322995408951048,0.74413510673135,1.4992548547890239,0.31363950607524926,1.0647127302675852,1.7038527965804209,1.4623640030395353,1.8378552902989063,1.4626248895210623,0.5137188103026672,1.3738937045137178,1.5688991658961384,0.0,1.0,0.0
-0.5358394366742444,-0.6905693588031065,-0.27702247662791224,0.21944479101995595,0.7188764608348364,1.0566543125231187,-0.26589712502286306,-0.5343224321408151,-0.540851550169597,-0.6292213453507683,-0.7039383625412148,0.38109093455246823,0.6346813705009849,-0.5963308354193694,-1.1104608466887826,-0.2279150128869013,0.06275596663584555,0.0,1.0,0.0
-0.8784448898121956,-1.6657676240901829,-1.0900752087221093,-0.47130785985960005,2.0170732298367984,1.3744450832067634,-0.707978101839297,-0.5343224321408151,-1.5963993255308768,-0.46056124258357223,-1.5286252427296645,-1.2726208172512827,-1.4865541658252068,-0.6830845878747246,-1.680651577334717,-1.0504654353358678,-1.032186232191479,1.0,0.0,0.0
1.8623987352914144,1.4129106203916921,0.45100513315578095,0.763674152319,-0.5793203081671255,0.10328200047218458,1.557686904344926,1.4992548547890239,1.0747827998731787,1.783351429014765,1.777485553740104,1.3467198245917205,0.8171532445935608,1.0288561272442862,1.608024252956481,1.9511220711445716,1.6788715264770493,1.0,0.0,0.0
-1.257114074859405,-0.6338717852399044,-1.1751003310326138,-0.7800533629042502,0.06977807633385541,-1.1678810822623942,-0.9996287462668053,-0.9410378895267829,-0.6485605068391154,-0.01324531785318509,-0.6450321568134686,-0.012099272170102046,-0.733857685193332,-0.2666665760890192,0.27181971245287656,-0.6415953423056798,-0.6162038247767312,1.0,0.0,0.0
1.8623987352914144,1.4129106203916921,1.264057865249978,1.3445343360131723,-1.8775170771690877,-0.8500903115787495,0.9866656426236992,1.4992548547890239,1.7353977341128917,1.783351429014765,1.777485553740104,2.0926247755801257,2.0830518711108046,0.6934082844169118,1.2221375968627675,1.6384567058861925,1.6549644915681558,1.0,0.0,0.0
-0.4817438388103572,-0.10091459374580461,-0.3886179496604488,-0.8742469062060078,0.06977807633385541,-0.5322995408951048,0.8792154052030382,0.6858239400170884,0.04077681584580291,-0.8638788796355615,-0.7996609468488025,-0.27808088260007596,-0.28338024602728595,-0.42282333050865883,-0.24653549722524534,-0.5598213236996421,-0.7261761853576414,0.0,0.0,1.0
0.8886779737414479,1.1294227525756815,0.8761307447083024,0.08862042532307032,-0.5793203081671255,-0.21450877021146011,0.02882352618809262,0.2791084826311205,0.4141678656334658,0.7420586206259937,-0.01915372095616271,1.288897735367813,0.6004678941086273,0.5430351134942965,0.6173898522382915,0.3733645356869046,0.8564695256111113,0.0,0.0,1.0
-1.0407316834038567,-1.1271406752397626,0.015251381314446278,-0.717257667369745,0.7188764608348364,-0.21450877021146011,-0.4224674709786836,-0.1276069747548473,-1.215827678631912,-1.2011990851699523,-1.0205592183278518,-2.417498183884648,-0.8992228210897286,-0.9838309297199559,-1.2544484049327054,-1.0552756717244582,-1.2951636161893079,0.0,1.0,0.0
-0.5719031685835023,-0.6111927558146237,-0.26108026619469243,-0.010806092606562666,-0.5793203081671255,0.10328200047218458,-0.7724482442916933,-0.5343224321408151,-1.1296605132962971,-0.29923418776277755,-0.5713993996537855,-0.6712710893226459,-0.4544476279890757,-0.22039790811282994,-0.3502065391608701,-0.24234572205267252,-0.5062314641958208,0.0,0.0,1.0
-1.7439744556343881,-1.3312519400672904,-0.25576619605028583,-1.4603400645280553,0.7188764608348364,1.0566543125231187,-0.5299177083993446,-0.9410378895267829,-0.7131858808408258,-0.7978814481179635,-1.0794654240555979,-1.527038009836475,-0.7566666694549039,-1.0763682656723348,-1.3120434282302746,-1.0697063808902296,-1.1899726625901763,0.0,1.0,0.0
0.1493714696016583,0.04649909751852139,-0.19731142446181446,-1.235322155529412,-0.5793203081671255,-0.8500903115787495,-0.5053576541317646,-0.1276069747548473,0.31363950607524926,-0.15990627678118102,1.004341603563432,0.8957075286452433,0.30395109870819176,0.028296182259188278,-0.46539658575600834,0.036647988485573296,0.26357505987055113,0.0,0.0,1.0
-2.0865799087723396,-1.3199124253546501,-1.855301309516648,-0.8847128554617587,0.7188764608348364,0.7388635418394739,-0.9443686241647512,-0.9410378895267829,-0.6413799097278134,-0.4312290507979737,-1.4255393827061085,-1.2668386083288918,-1.822986683683393,-0.17412924013664022,-1.3062839259005175,-1.709467820572759,-0.9030882436834538,1.0,0.0,0.0
0.0051165419646260705,0.42070308303565507,1.5085050918926783,0.4392297253907239,-0.5793203081671255,-0.8500903115787495,0.23758398746251957,-0.1276069747548473,0.08386039851360985,1.2040406412491806,0.9969783278474641,0.24231792041509026,0.32676008296976405,1.1098262962026173,0.3524527450694737,1.311360631462042,0.8277810837204387,0.0,1.0,0.0
-1.7259425896797593,-1.7905022859292277,-2.4239068149681455,-1.0469350689258967,1.3679748453358174,2.010026624574053,-2.2061414121616556,-2.1611842616846864,-0.5336709530582951,-0.9885406947243578,-1.4697190370019184,-1.1801054744930308,-2.0111608038413618,-1.9265550397348166,-2.6424884664041217,-2.200111932208985,-1.4242616046973329,1.0,0.0,0.0
-0.08504278780851901,-0.5941834837456632,-0.3301631780719774,-0.2619888747445831,1.3679748453358174,1.3744450832067634,0.9805256290568046,-0.1276069747548473,-1.115299319073695,0.6613950932155963,-0.3136847495948949,-0.6018845822539572,0.4351027582122304,-0.4459576644967535,-0.8743212511687489,-0.5020984870365566,-1.1134701508817169,1.0,0.0,0.0
2.0427173948377044,1.4129106203916921,0.4616332734445941,0.4287637761349729,-1.2284186926681067,-0.8500903115787495,0.1362737636087536,-0.1276069747548473,0.5290574194142861,-1.2451973728483505,0.1428383447951402,0.02837619028663286,0.5149342031277325,0.01672901526514116,1.5043532110208566,0.7100810828882362,0.7847484208844306,1.0,0.0,0.0
0.13133960364702937,0.9309812451044741,1.0089824983184654,0.7270433299238722,0.06977807633385541,-1.1678810822623942,0.5016045708390011,0.6858239400170884,0.8306424980889376,1.079378826160385,1.394595216509752,0.7395878877406932,0.7943442603319893,0.4562813610389412,1.250935108511552,0.5898251731734747,0.756059978993758,0.0,1.0,0.0
0.38378572701183533,0.329986965334532,0.32878151983443116,0.18804694325270332,0.06977807633385541,-1.4856718529460389,0.8638653712858009,0.2791084826311205,-0.5695739386148012,-0.03524446169238427,0.46682247629774604,-0.8909950283734941,-0.4031274134005388,-0.9259950947497191,-0.41356106478819576,0.5850149367848843,-0.4536359873962552,1.0,0.0,0.0
1.1771878290155124,1.4129106203916921,1.2959422861164176,1.218942944944162,-1.2284186926681067,-0.8500903115787495,0.40950436733557743,1.0925393974030562,1.6205081803320724,1.028047490535586,1.394595216509752,0.8552320661885079,0.839962228855133,0.8669157893276224,0.6173898522382915,0.9938850298150722,0.6891202812488565,1.0,0.0,0.0
0.5641043865581254,0.34699623740349245,-0.0378893201296189,-0.38234729118571786,-1.2284186926681067,-0.8500903115787495,0.11785372290806903,0.2791084826311205,0.7516559298646236,0.25074440821720717,1.0337947064273056,0.41578418808681233,-0.026779173084601458,-0.3302859945562798,-0.11406694364083647,-0.32411974065871024,0.29226350176122345,0.0,0.0,1.0
-1.8341337854075332,-1.5467027196074588,-1.9243842213939328,-1.664426075015197,0.7188764608348364,1.0566543125231187,-1.7149403268100627,-1.3477533469127507,-2.113402317544565,-0.7098848727611657,-1.756886789924682,-1.654246606129071,-1.828688929748786,-1.203607102606856,-2.2162852940021103,-1.0745166172788199,-1.0082791972825853,0.0,0.0,1.0
-1.239082208904776,-1.025085042825999,-0.872198332801442,-0.7329565912533713,1.3679748453358174,0.7388635418394739,-0.5851778305013987,-1.3477533469127507,-1.0865769306284896,-0.3285663795483761,-1.8673359256642068,-0.49780482165092377,-1.4979586579559925,0.23072160465501718,-0.5690676276916327,-1.161100872273448,-0.9174324646287898,1.0,0.0,0.0
-1.7620063215890176,-1.0704431016765605,-0.9944219461227922,-0.8794798808338832,0.06977807633385541,0.10328200047218458,-1.3311894788791305,-1.3477533469127507,-1.0147709595154775,-0.26256894803077857,-1.4549924855699816,-1.0991545495795607,-0.7680711615856901,-1.0648010986782874,-1.3984359631766283,-0.5934929784197753,-0.7022691504487478,1.0,0.0,0.0
-0.22929771544555094,-0.8833411089179937,-0.718090298613653,-0.09976666128044503,1.3679748453358174,0.10328200047218458,-0.8369183867440902,-1.3477533469127507,-1.6179411168647808,0.24341136027080776,0.01766265762367881,-0.5556269108748312,-0.5228745807737917,-0.7293532558509139,-0.09102893432180889,-0.9542607075640588,-0.6162038247767312,0.0,1.0,0.0
0.2936263972386902,0.4320425977482956,0.7113945702317006,0.24560966415933305,-0.5793203081671255,-0.21450877021146011,0.8546553509354582,0.2791084826311205,-0.2895306512740541,0.5513993740195994,0.4962755791616186,0.8494498572661175,0.6289791244355923,-0.23196507510687706,-0.25229499955500234,0.96983384787212,0.20619817608920682,0.0,0.0,1.0
