learner_id,age_group,learning_hours_per_week,quiz_score,coding_score,challenge_score,attempts,errors,time_spent_minutes,modules_completed,qubits_score,superposition_score,measurement_score,quantum_gates_score,entanglement_score,bell_states_score,quantum_circuits_score,grover_score,shor_score,overall_score,learning_risk,skill_level
LEARNER_0001,18-24,8.7,73.6,64.4,22.9,5,7,121.2,6,73.5,67.2,76.5,74.0,83.3,73.3,61.3,59.9,51.6,65.3,0,Intermediate
LEARNER_0002,35+,5.1,46.8,33.4,0.0,6,13,74.5,1,67.5,45.9,54.1,29.7,34.7,36.5,40.0,22.5,15.1,35.9,1,Beginner
LEARNER_0003,25-34,9.4,70.9,41.0,28.4,4,7,106.2,4,70.7,73.6,64.9,71.3,65.5,67.7,64.8,66.8,44.5,59.5,0,Intermediate
LEARNER_0004,25-34,17.3,79.8,58.1,54.0,3,11,100.0,6,84.9,88.8,78.8,66.3,71.4,75.8,65.2,65.2,69.3,70.8,0,Intermediate
LEARNER_0005,18-24,15.0,88.6,93.2,51.0,4,6,107.6,6,69.3,94.4,72.6,68.0,65.5,75.3,76.7,54.3,56.1,75.3,0,Intermediate
LEARNER_0006,18-24,13.0,87.8,71.2,51.7,2,4,123.7,7,89.6,95.3,89.8,86.9,88.1,86.4,77.0,65.6,71.0,79.6,0,Advanced
LEARNER_0007,18-24,15.2,91.9,79.0,46.9,4,6,129.6,6,86.6,93.5,79.8,76.9,56.4,77.0,63.8,58.9,67.0,75.1,0,Intermediate
LEARNER_0008,35+,12.0,75.3,55.0,49.6,2,4,87.4,5,93.9,79.9,89.4,53.1,65.1,66.0,73.8,66.9,59.8,68.0,0,Intermediate
LEARNER_0009,25-34,12.6,75.3,43.5,5.3,3,6,107.2,5,61.6,60.2,87.0,53.1,67.4,58.1,51.2,43.4,37.2,54.0,1,Beginner
LEARNER_0010,25-34,7.7,55.4,37.9,3.2,7,13,77.5,2,50.3,51.4,60.5,43.2,33.1,35.6,26.2,8.4,1.4,35.9,1,Beginner
LEARNER_0011,18-24,8.5,82.3,65.3,22.3,3,6,88.6,6,86.7,78.1,67.7,72.5,62.3,70.9,78.4,59.2,51.9,67.2,0,Intermediate
LEARNER_0012,35+,13.4,75.9,57.3,8.2,3,4,93.9,5,80.2,73.5,89.5,79.3,68.8,64.1,55.8,51.4,55.3,63.2,0,Intermediate
LEARNER_0013,25-34,12.9,81.2,62.8,36.8,5,5,115.8,5,79.7,78.7,90.9,79.8,73.6,66.5,47.8,55.8,47.6,67.3,0,Intermediate
LEARNER_0014,18-24,7.6,50.2,35.2,6.1,5,9,51.7,1,52.0,63.2,59.8,38.8,43.3,29.4,46.6,37.6,19.6,40.2,1,Beginner
LEARNER_0015,18-24,7.2,54.6,40.6,6.9,5,9,71.1,3,57.3,68.9,72.6,64.7,38.3,50.0,42.3,33.7,43.4,47.2,1,Beginner
LEARNER_0016,18-24,15.0,90.5,65.2,42.2,4,8,115.2,7,97.6,85.4,83.2,79.0,82.5,80.3,77.1,69.3,54.3,75.5,0,Advanced
LEARNER_0017,18-24,10.8,71.9,65.0,60.0,6,6,131.8,6,74.1,59.3,59.6,53.7,58.2,69.4,58.9,35.9,41.2,60.7,0,Intermediate
LEARNER_0018,18-24,13.0,87.1,51.7,30.3,5,6,125.8,5,86.2,79.3,77.1,67.8,78.9,72.9,74.8,57.6,76.8,69.4,0,Intermediate
LEARNER_0019,18-24,15.4,70.8,41.1,25.4,4,7,122.1,5,74.4,75.7,89.2,44.4,74.3,48.5,56.4,54.3,48.2,57.6,0,Beginner
LEARNER_0020,18-24,12.2,68.1,64.8,26.9,5,4,144.3,6,65.9,85.1,63.4,75.3,41.6,59.6,74.3,39.2,42.9,59.9,0,Intermediate
LEARNER_0021,25-34,22.4,87.3,80.4,52.2,2,2,126.2,8,93.7,81.7,86.3,89.8,77.9,75.4,65.2,83.9,76.1,79.7,0,Advanced
LEARNER_0022,18-24,9.2,53.4,52.6,19.0,4,7,123.2,7,72.8,72.9,69.1,45.6,39.9,59.7,57.3,37.8,38.1,51.4,1,Beginner
LEARNER_0023,18-24,10.4,66.2,46.6,20.6,2,4,112.0,6,94.6,78.5,72.0,61.7,83.1,47.0,68.7,50.3,47.1,59.9,0,Intermediate
LEARNER_0024,18-24,5.1,63.3,38.3,30.9,6,10,85.6,2,61.3,69.8,65.9,55.4,50.9,54.9,48.5,33.4,40.3,50.8,1,Beginner
LEARNER_0025,18-24,4.4,55.8,40.4,26.4,4,8,81.8,3,76.4,77.2,70.4,47.4,61.0,59.2,46.9,43.3,34.0,51.9,1,Beginner
LEARNER_0026,25-34,5.7,68.5,34.3,15.3,4,6,37.8,2,60.8,66.0,66.8,43.0,56.8,51.8,65.2,32.6,33.7,49.5,1,Beginner
LEARNER_0027,18-24,13.9,79.7,59.9,11.4,3,6,103.6,6,78.9,73.1,66.3,63.9,59.1,66.2,57.6,69.8,51.5,62.3,0,Intermediate
LEARNER_0028,18-24,11.1,52.9,46.0,15.0,5,13,84.6,3,77.1,69.2,71.0,51.8,47.0,49.3,49.5,49.0,30.3,50.0,1,Beginner
LEARNER_0029,25-34,13.5,99.2,97.9,85.8,2,6,156.8,9,73.5,84.9,98.7,79.0,94.8,76.3,89.2,81.0,73.2,88.4,0,Advanced
LEARNER_0030,18-24,10.2,65.4,44.9,11.4,4,4,86.2,3,62.6,68.3,71.2,49.5,55.3,44.4,48.0,19.0,32.9,48.6,1,Beginner
LEARNER_0031,25-34,9.6,62.9,55.8,36.0,5,10,101.7,4,68.3,67.1,66.3,70.4,74.6,53.3,44.6,45.9,51.1,58.0,0,Intermediate
LEARNER_0032,18-24,10.2,69.5,35.4,26.3,3,6,73.0,3,64.1,71.5,59.7,52.5,55.4,60.4,68.9,48.9,48.2,54.2,1,Beginner
LEARNER_0033,18-24,24.1,100.0,92.3,62.6,1,3,144.0,9,95.4,91.6,90.1,86.5,87.5,79.3,80.9,81.7,73.7,86.9,0,Advanced
LEARNER_0034,35+,15.7,81.2,60.3,24.5,2,4,114.2,6,86.3,79.1,89.9,71.0,63.0,57.9,61.9,43.9,55.9,65.2,0,Intermediate
LEARNER_0035,35+,16.4,84.7,80.3,28.6,1,4,146.8,9,86.3,83.7,92.5,82.9,76.2,92.7,80.6,63.4,72.6,77.4,0,Intermediate
LEARNER_0036,25-34,1.9,31.7,23.0,2.8,6,12,78.8,2,58.8,54.5,62.8,33.3,29.9,45.9,43.2,14.7,20.9,33.2,1,Beginner
LEARNER_0037,18-24,6.9,71.8,71.6,31.1,2,4,102.8,6,79.1,79.0,85.3,67.0,66.9,51.4,82.0,48.5,49.5,66.0,0,Intermediate
LEARNER_0038,18-24,14.3,88.9,70.3,45.6,1,1,129.0,8,85.7,87.3,89.0,80.6,69.9,70.1,63.0,78.0,57.6,74.5,0,Intermediate
LEARNER_0039,25-34,11.8,72.9,66.8,23.0,4,6,127.8,6,67.3,76.0,77.0,54.3,66.9,65.3,69.9,34.3,53.7,61.8,0,Intermediate
LEARNER_0040,18-24,14.4,84.2,63.3,39.9,2,5,94.2,5,96.7,100.0,93.1,89.2,80.4,81.6,85.0,74.6,55.7,77.2,0,Intermediate
LEARNER_0041,18-24,9.0,61.6,47.7,19.0,7,11,120.6,4,71.2,60.9,64.4,65.2,56.0,41.8,52.6,27.3,35.5,50.7,1,Beginner
LEARNER_0042,18-24,19.3,100.0,85.5,59.3,4,6,180.0,9,95.1,91.4,80.6,78.8,98.0,93.8,90.8,68.5,55.8,84.6,0,Advanced
LEARNER_0043,18-24,22.8,100.0,80.2,53.1,1,1,146.2,9,96.1,90.0,100.0,100.0,98.5,100.0,100.0,77.9,83.3,89.5,0,Advanced
LEARNER_0044,35+,8.2,67.4,46.3,30.3,5,9,62.2,2,67.0,73.6,80.5,61.3,62.2,60.0,45.1,36.4,33.7,55.3,0,Beginner
LEARNER_0045,18-24,10.3,61.9,48.6,14.5,5,10,110.6,4,68.2,60.7,60.7,50.5,71.3,65.7,68.9,51.2,47.9,55.2,0,Beginner
LEARNER_0046,25-34,20.6,100.0,88.9,43.9,2,5,134.6,9,80.2,90.2,99.0,89.1,95.7,88.9,72.8,79.2,82.6,85.6,0,Advanced
LEARNER_0047,18-24,16.6,93.7,83.9,56.8,1,3,130.0,9,80.5,91.0,100.0,88.6,96.5,90.9,78.2,70.0,75.2,84.4,0,Advanced
LEARNER_0048,18-24,13.6,71.5,61.3,25.7,5,7,104.0,4,63.9,71.0,68.7,41.9,51.2,66.1,51.5,45.7,43.4,56.9,0,Beginner
LEARNER_0049,18-24,9.6,74.7,67.2,30.8,4,7,113.2,5,74.1,65.5,63.4,59.0,57.1,64.1,70.7,49.4,46.7,61.8,0,Intermediate
LEARNER_0050,18-24,10.6,72.6,47.2,33.0,4,5,77.1,4,66.4,66.9,72.6,48.7,46.9,50.8,55.0,43.2,41.1,54.6,1,Beginner
LEARNER_0051,35+,7.4,49.3,36.5,2.7,6,10,43.4,0,50.7,70.4,54.5,48.0,44.5,45.6,40.2,37.4,10.0,40.7,1,Beginner
LEARNER_0052,25-34,8.1,54.0,28.9,4.2,4,10,54.7,2,57.5,66.3,59.0,41.9,49.5,42.0,58.8,36.2,28.0,42.9,1,Beginner
LEARNER_0053,35+,9.8,65.0,58.7,9.4,4,9,101.2,5,59.3,58.5,66.4,44.6,46.1,50.0,43.5,33.4,27.1,49.1,1,Beginner
LEARNER_0054,35+,9.0,50.7,44.4,21.9,5,9,96.3,3,63.0,63.8,53.0,60.7,57.9,53.5,40.3,26.2,22.8,46.4,1,Beginner
LEARNER_0055,25-34,10.0,65.7,39.1,20.9,4,8,115.5,5,91.9,87.7,63.0,65.4,51.8,50.4,58.1,52.3,50.2,56.5,0,Beginner
LEARNER_0056,35+,14.3,77.2,65.1,31.1,3,4,113.8,6,86.2,75.9,78.0,57.1,78.8,64.8,76.7,54.4,54.9,67.0,0,Intermediate
LEARNER_0057,18-24,16.3,100.0,83.3,40.0,3,5,152.4,9,100.0,88.1,93.4,78.7,94.0,88.9,87.4,83.2,82.6,85.6,0,Advanced
LEARNER_0058,18-24,7.3,58.5,44.0,25.0,3,7,82.8,5,72.4,57.5,65.8,41.2,45.5,42.5,61.5,22.6,30.3,47.7,1,Beginner
LEARNER_0059,18-24,16.8,86.4,89.6,43.6,2,4,168.0,9,78.8,82.4,100.0,80.9,76.6,80.3,83.7,68.7,73.5,80.0,0,Advanced
LEARNER_0060,18-24,10.3,67.9,47.5,16.3,4,7,99.1,4,62.7,67.7,73.3,61.4,62.4,65.0,53.4,37.2,42.3,54.8,1,Beginner
LEARNER_0061,18-24,11.4,69.1,50.0,27.7,3,6,90.5,5,65.6,64.2,79.2,54.5,73.4,61.0,61.6,29.8,48.6,57.1,0,Beginner
LEARNER_0062,18-24,9.7,77.9,59.3,25.6,3,5,92.6,4,93.8,74.1,75.3,63.5,73.6,74.6,66.0,69.5,58.3,67.2,0,Intermediate
LEARNER_0063,25-34,4.7,58.8,52.8,1.7,7,12,115.2,4,57.1,54.9,67.7,46.3,45.2,55.1,38.7,13.5,20.9,44.6,1,Beginner
LEARNER_0064,18-24,14.2,72.5,57.4,13.4,3,5,95.6,5,69.6,84.3,75.4,66.7,68.3,71.9,100.0,56.5,66.4,65.8,0,Intermediate
LEARNER_0065,18-24,13.3,89.4,81.0,48.7,6,10,143.2,6,73.5,73.9,77.6,81.9,78.9,66.3,72.8,54.0,35.0,72.1,0,Intermediate
LEARNER_0066,18-24,11.4,87.3,71.6,35.8,4,9,98.1,5,79.0,79.3,80.0,70.2,66.9,62.2,76.8,60.5,64.9,70.9,0,Intermediate
LEARNER_0067,18-24,17.2,90.7,55.0,56.7,4,4,117.9,6,80.6,88.6,86.7,81.1,66.4,72.0,61.6,51.5,48.8,70.3,0,Intermediate
LEARNER_0068,25-34,21.7,100.0,82.8,57.0,2,3,152.5,9,100.0,100.0,94.0,91.9,100.0,100.0,100.0,99.3,91.1,92.2,0,Advanced
LEARNER_0069,18-24,11.7,63.7,42.7,6.7,7,9,95.0,3,60.7,65.1,49.1,39.2,53.0,62.1,60.6,39.0,37.3,48.6,1,Beginner
LEARNER_0070,35+,10.6,55.5,46.1,12.7,4,8,85.0,3,74.1,63.6,66.9,44.5,62.6,53.9,68.6,43.3,25.5,50.8,1,Beginner
LEARNER_0071,25-34,6.9,57.5,22.5,7.2,4,12,99.4,3,62.4,60.6,71.3,61.5,44.7,37.5,66.7,49.4,29.0,45.6,1,Beginner
LEARNER_0072,18-24,14.5,71.7,78.4,29.4,4,6,97.9,5,67.1,73.9,69.6,67.2,51.5,39.5,41.3,38.8,30.1,58.3,0,Intermediate
LEARNER_0073,18-24,5.2,68.7,51.5,24.9,5,9,50.0,2,72.8,65.7,77.2,45.5,63.7,57.7,42.9,35.8,33.5,54.2,1,Beginner
LEARNER_0074,25-34,20.7,91.6,83.2,44.7,1,4,119.0,9,84.1,86.2,92.8,77.3,75.6,76.5,73.0,64.5,65.3,77.9,0,Intermediate
LEARNER_0075,25-34,22.1,100.0,96.5,50.0,2,1,149.2,9,87.5,85.5,87.5,75.4,83.5,88.2,77.2,79.9,89.2,85.7,0,Advanced
LEARNER_0076,25-34,7.1,61.1,64.4,10.3,6,8,85.0,3,72.9,62.0,49.5,38.4,54.9,53.8,55.5,41.9,51.0,52.9,1,Beginner
LEARNER_0077,25-34,12.0,52.3,47.3,0.0,5,7,87.5,3,58.1,67.6,63.1,54.4,40.8,47.3,44.1,29.8,15.2,44.0,1,Beginner
LEARNER_0078,18-24,13.6,87.1,77.9,39.0,3,3,115.6,6,77.6,70.1,88.9,71.3,66.2,68.8,86.1,61.8,61.8,73.0,0,Intermediate
LEARNER_0079,18-24,10.1,59.7,51.9,17.7,4,2,87.8,5,72.8,76.3,65.2,53.2,54.1,46.2,68.4,34.6,43.8,53.6,1,Beginner
LEARNER_0080,18-24,15.9,85.8,71.3,36.3,4,7,115.2,7,99.0,78.3,82.8,60.9,72.5,72.0,72.1,66.0,65.0,72.6,0,Intermediate
LEARNER_0081,35+,12.6,75.0,56.2,41.3,3,10,102.6,5,82.3,76.2,80.8,78.4,75.5,60.6,80.9,59.4,46.8,67.0,0,Intermediate
LEARNER_0082,25-34,6.9,42.3,24.8,8.3,8,13,95.6,2,60.6,46.1,48.7,33.7,50.1,34.8,49.7,24.9,15.7,35.7,1,Beginner
LEARNER_0083,18-24,22.1,100.0,78.5,51.7,4,2,146.9,8,97.8,93.5,98.6,91.0,79.9,84.2,83.2,79.9,73.0,84.8,0,Advanced
LEARNER_0084,18-24,15.7,100.0,76.2,39.9,2,2,131.1,9,88.0,93.9,100.0,79.1,91.6,88.9,74.7,75.6,80.6,82.9,0,Advanced
LEARNER_0085,18-24,12.8,63.4,52.4,15.0,5,8,120.7,5,68.6,67.2,66.3,50.7,57.6,59.6,50.5,30.8,26.1,51.6,1,Beginner
LEARNER_0086,18-24,5.1,58.2,30.4,5.9,5,7,100.3,3,70.1,82.1,61.3,58.1,67.9,54.8,50.6,45.0,39.3,49.9,1,Beginner
LEARNER_0087,25-34,16.5,84.7,67.3,30.6,5,8,118.3,5,81.0,79.9,77.9,69.2,72.3,74.8,68.2,73.3,41.7,69.3,0,Intermediate
LEARNER_0088,25-34,17.1,95.3,71.9,33.0,3,6,88.8,5,79.9,72.7,61.2,68.6,69.7,79.7,68.1,52.0,53.1,69.7,0,Intermediate
LEARNER_0089,35+,12.0,85.5,73.5,37.5,3,3,129.5,7,85.9,77.2,85.6,76.5,77.9,79.4,73.0,64.8,51.2,73.2,0,Intermediate
LEARNER_0090,18-24,20.8,100.0,82.8,58.0,1,4,126.6,9,96.6,100.0,100.0,85.1,99.6,98.4,98.4,83.8,89.9,90.7,0,Advanced
LEARNER_0091,18-24,7.8,58.9,72.0,28.5,5,12,112.7,4,73.3,83.3,86.3,60.7,51.7,61.8,49.5,36.7,39.0,59.4,1,Intermediate
LEARNER_0092,25-34,7.4,60.0,58.9,23.3,6,13,109.0,4,55.6,67.7,63.9,50.1,50.8,56.2,52.5,26.6,34.4,51.4,1,Beginner
LEARNER_0093,25-34,4.2,40.0,14.0,0.0,4,15,10.8,0,55.9,64.0,61.7,41.8,51.6,40.6,36.4,3.8,29.1,34.3,1,Beginner
LEARNER_0094,25-34,10.7,52.3,42.2,5.6,4,7,73.4,3,77.4,71.1,59.3,50.9,48.6,58.2,51.9,44.2,46.1,49.4,1,Beginner
LEARNER_0095,25-34,15.8,72.0,53.3,37.8,3,12,104.6,5,77.2,86.0,71.8,51.3,62.5,66.4,69.1,29.5,27.1,59.1,1,Intermediate
LEARNER_0096,18-24,25.2,100.0,78.9,48.6,1,2,139.0,9,96.4,80.9,84.3,80.2,88.8,87.8,80.9,81.8,77.2,83.1,0,Advanced
LEARNER_0097,18-24,7.7,70.0,40.3,0.4,5,7,81.7,3,84.0,74.1,67.2,36.0,35.2,60.9,51.5,28.2,35.2,49.2,1,Beginner
LEARNER_0098,18-24,12.5,80.1,66.5,38.9,3,6,84.3,5,66.8,85.6,75.2,72.1,65.7,66.3,64.6,45.4,56.2,66.4,0,Intermediate
LEARNER_0099,18-24,6.9,59.5,45.2,15.1,4,7,113.8,5,65.9,64.1,77.2,68.4,64.2,60.9,57.6,58.7,34.5,54.7,1,Beginner
LEARNER_0100,18-24,15.5,93.9,88.1,58.8,1,4,120.2,8,100.0,82.2,84.3,87.8,76.9,77.2,88.2,73.4,63.9,82.8,0,Advanced
LEARNER_0101,18-24,27.5,100.0,95.0,51.1,1,0,117.1,9,100.0,98.5,100.0,100.0,93.2,100.0,96.7,90.8,99.6,93.9,0,Advanced
LEARNER_0102,25-34,14.2,69.6,58.8,36.6,5,7,65.5,2,66.7,62.8,66.0,36.4,46.5,61.5,49.1,32.7,38.1,54.1,1,Beginner
LEARNER_0103,18-24,5.8,49.4,31.8,17.1,4,11,88.8,3,59.5,65.3,66.5,46.0,60.3,61.3,48.5,32.1,41.2,46.4,1,Beginner
LEARNER_0104,18-24,15.4,86.8,79.9,36.9,3,5,139.4,8,91.1,89.5,88.2,80.1,94.5,81.5,87.4,68.5,72.4,79.8,0,Advanced
LEARNER_0105,35+,15.3,87.0,69.3,28.2,3,5,104.9,4,87.5,90.1,83.5,74.0,84.0,77.7,69.0,63.0,64.3,73.5,0,Intermediate
LEARNER_0106,18-24,22.1,100.0,83.2,75.1,1,3,148.1,9,88.4,100.0,100.0,89.8,80.8,100.0,95.2,100.0,86.5,91.4,0,Advanced
LEARNER_0107,18-24,12.5,68.4,52.9,25.7,2,8,110.1,6,80.9,75.3,81.0,74.3,78.2,70.1,87.1,44.3,60.1,64.9,0,Intermediate
LEARNER_0108,25-34,11.5,67.7,71.5,24.6,6,6,136.5,6,68.0,63.9,67.9,56.3,50.9,47.3,55.7,40.5,46.1,57.3,0,Beginner
LEARNER_0109,18-24,13.5,85.7,71.2,21.1,3,6,113.2,6,84.1,92.6,80.6,72.4,66.8,81.9,80.3,57.3,41.9,70.7,0,Intermediate
LEARNER_0110,18-24,17.5,100.0,89.1,52.5,3,3,140.8,8,79.4,93.5,82.6,74.6,76.0,75.5,93.1,77.7,82.5,83.4,0,Advanced
LEARNER_0111,18-24,17.7,96.3,75.2,43.8,4,5,148.4,8,94.9,85.5,82.0,83.0,80.8,69.6,83.3,67.2,46.8,77.2,0,Advanced
LEARNER_0112,18-24,14.6,88.4,55.3,39.2,7,10,122.4,4,88.4,84.9,97.3,66.7,77.8,55.7,70.0,62.9,49.5,69.7,0,Intermediate
LEARNER_0113,35+,16.0,88.2,75.4,35.8,1,1,131.8,9,84.9,87.6,80.5,68.4,78.3,83.6,84.2,72.1,67.5,76.2,0,Advanced
LEARNER_0114,25-34,17.5,83.2,72.9,34.5,3,3,131.1,8,87.3,93.2,86.8,74.5,80.1,67.7,70.4,63.9,76.8,74.4,0,Intermediate
LEARNER_0115,25-34,18.6,97.9,77.2,56.5,2,0,137.5,9,90.5,88.9,88.5,81.3,87.8,78.1,77.9,85.3,51.7,81.2,0,Advanced
LEARNER_0116,35+,14.1,93.0,82.7,56.9,3,3,180.0,9,76.6,84.9,80.8,80.3,76.9,77.1,67.5,67.4,60.7,77.5,0,Advanced
LEARNER_0117,25-34,10.4,80.6,40.9,4.6,3,8,60.4,2,69.4,60.9,70.3,59.0,68.7,65.1,77.3,52.0,51.0,58.1,0,Beginner
LEARNER_0118,18-24,17.5,86.2,66.8,44.6,3,5,147.7,8,74.6,71.3,79.0,62.9,54.1,59.1,57.8,61.0,58.9,66.6,0,Intermediate
LEARNER_0119,35+,19.7,100.0,89.4,57.1,3,1,131.3,8,100.0,84.1,75.8,71.3,81.5,80.2,74.7,75.5,66.6,82.2,0,Advanced
LEARNER_0120,18-24,7.0,61.0,50.4,26.9,4,7,84.5,3,72.8,62.2,73.5,55.2,40.4,41.9,40.6,43.5,29.3,50.6,1,Beginner
LEARNER_0121,25-34,15.9,79.4,62.5,34.3,5,4,128.6,6,86.9,72.0,84.5,62.7,67.5,63.5,72.4,58.4,50.4,66.7,0,Intermediate
LEARNER_0122,35+,9.0,65.4,43.1,0.0,5,6,102.6,4,73.2,66.0,60.3,54.9,53.9,57.8,56.8,38.4,37.0,50.6,1,Beginner
LEARNER_0123,18-24,15.7,89.7,60.6,29.2,4,6,95.3,5,66.4,63.2,57.2,74.3,62.1,58.4,71.2,48.5,40.3,62.5,0,Intermediate
LEARNER_0124,18-24,19.5,93.2,79.9,62.3,2,1,152.9,9,90.0,94.7,82.5,86.5,76.1,80.5,87.8,73.4,66.5,81.9,0,Advanced
LEARNER_0125,18-24,12.6,89.2,70.7,29.2,3,7,78.9,4,85.1,76.6,75.4,52.0,53.2,53.3,54.0,47.7,55.3,64.8,0,Intermediate
LEARNER_0126,18-24,13.6,74.3,70.0,32.0,4,7,112.8,6,65.5,61.9,96.2,48.6,46.0,71.8,56.3,62.0,50.0,62.9,0,Intermediate
LEARNER_0127,25-34,1.0,54.7,31.8,0.7,4,8,55.8,1,63.8,52.0,63.0,39.7,39.2,44.3,51.2,23.2,24.7,40.6,1,Beginner
LEARNER_0128,35+,12.4,76.3,51.6,7.2,3,5,80.5,5,100.0,86.6,69.5,64.2,70.5,80.3,72.3,63.7,64.6,65.8,0,Intermediate
LEARNER_0129,18-24,11.6,88.1,73.0,58.0,2,6,112.8,6,91.2,78.4,77.2,77.5,66.9,82.7,81.8,64.0,66.5,76.2,0,Intermediate
LEARNER_0130,18-24,23.2,100.0,80.4,53.7,1,4,151.2,9,100.0,95.4,100.0,97.0,100.0,90.0,95.4,100.0,98.3,91.6,0,Advanced
LEARNER_0131,18-24,15.7,63.0,45.7,24.3,2,7,65.4,4,73.1,70.7,73.3,58.4,50.2,54.2,49.3,32.8,27.9,52.0,1,Beginner
LEARNER_0132,18-24,19.8,85.7,83.0,42.9,5,8,135.2,7,85.4,80.4,67.1,59.9,76.8,50.3,63.1,45.6,45.5,68.7,0,Intermediate
LEARNER_0133,18-24,15.2,88.0,74.4,51.0,3,4,96.3,5,72.2,66.5,76.9,79.9,79.0,91.1,58.2,41.9,51.1,71.2,0,Intermediate
LEARNER_0134,18-24,21.4,99.9,88.2,63.5,3,5,162.4,9,100.0,98.3,88.2,100.0,71.6,86.0,82.7,77.7,79.4,87.4,0,Advanced
LEARNER_0135,35+,6.1,58.0,39.6,16.7,5,8,113.2,5,79.1,67.5,65.0,58.2,61.2,68.8,62.1,48.1,40.7,53.7,1,Beginner
LEARNER_0136,18-24,11.8,78.0,72.5,31.0,2,5,141.2,8,80.7,78.2,80.4,69.3,63.3,56.6,70.6,49.9,60.9,67.2,0,Intermediate
LEARNER_0137,18-24,12.7,83.7,76.7,51.6,2,4,127.2,6,92.8,82.0,88.5,72.5,48.4,79.7,59.0,55.8,76.0,73.4,0,Intermediate
LEARNER_0138,25-34,11.1,80.5,63.3,16.7,6,7,131.9,6,72.9,73.0,84.0,62.9,53.4,79.8,64.8,52.9,53.2,64.1,0,Intermediate
LEARNER_0139,18-24,9.3,72.4,66.2,34.4,6,7,87.4,4,68.1,61.5,74.2,48.2,61.1,54.4,50.2,35.1,39.7,57.8,0,Beginner
LEARNER_0140,35+,11.6,76.8,77.4,30.7,4,7,146.9,7,78.1,75.0,73.4,56.4,81.3,57.0,59.9,54.4,58.7,66.7,0,Intermediate
LEARNER_0141,35+,11.4,100.0,91.3,67.7,3,7,134.2,6,79.6,100.0,93.6,70.1,86.4,78.1,80.2,78.4,54.5,84.1,0,Intermediate
LEARNER_0142,18-24,9.1,58.5,49.5,15.9,5,11,104.7,4,64.5,51.8,65.2,48.8,48.2,27.8,41.2,32.9,27.7,45.8,1,Beginner
LEARNER_0143,18-24,9.4,72.1,63.0,38.6,4,4,93.9,5,62.8,90.1,77.7,60.0,64.0,63.8,75.2,57.7,58.5,65.4,0,Intermediate
LEARNER_0144,18-24,9.2,50.6,50.7,19.1,4,11,75.5,3,75.0,64.5,61.7,30.2,64.3,57.4,60.3,42.7,28.9,50.1,1,Beginner
LEARNER_0145,18-24,24.2,100.0,90.6,41.5,1,2,129.6,9,89.7,89.6,85.4,84.7,98.3,80.8,90.6,74.2,62.1,84.2,0,Advanced
LEARNER_0146,18-24,1.6,41.1,23.7,0.0,5,11,62.7,1,52.6,48.0,57.3,37.3,32.9,35.4,33.7,16.3,16.0,32.3,1,Beginner
LEARNER_0147,25-34,1.6,64.6,44.2,22.6,5,7,68.8,3,61.6,62.1,87.8,63.8,37.1,57.3,45.4,30.6,36.3,51.3,1,Beginner
LEARNER_0148,18-24,13.0,84.3,70.5,40.5,2,5,102.4,6,77.6,75.5,81.9,71.0,51.2,72.9,68.7,52.4,48.3,68.0,0,Intermediate
LEARNER_0149,18-24,23.1,98.7,75.9,64.2,2,4,138.9,9,99.3,85.4,88.9,75.2,97.6,73.8,85.8,75.1,96.1,84.9,0,Advanced
LEARNER_0150,18-24,17.5,79.2,67.4,36.7,3,3,130.5,7,78.6,72.5,67.6,43.1,60.6,61.7,56.1,52.5,42.9,62.1,0,Intermediate
LEARNER_0151,35+,5.5,65.8,60.3,15.9,4,9,87.6,4,62.7,65.1,64.4,47.4,54.6,72.6,43.7,39.7,27.7,53.3,1,Beginner
LEARNER_0152,18-24,22.9,100.0,69.5,46.4,3,7,161.1,9,90.8,100.0,100.0,87.1,77.8,81.4,91.8,91.2,84.9,84.5,0,Advanced
LEARNER_0153,18-24,3.4,52.2,43.6,8.2,6,10,48.3,0,62.9,48.3,54.4,46.4,32.8,38.1,35.6,9.8,26.3,39.6,1,Beginner
LEARNER_0154,18-24,1.0,38.1,34.8,0.0,7,15,59.2,1,42.8,49.4,55.9,26.7,24.5,42.4,32.3,15.5,4.2,31.2,1,Beginner
LEARNER_0155,35+,22.1,89.7,74.1,56.5,4,5,159.5,8,80.8,82.3,77.3,78.1,70.7,77.9,74.4,53.4,60.7,74.4,0,Intermediate
LEARNER_0156,18-24,5.0,64.2,57.9,27.9,5,10,114.4,5,70.0,60.4,71.1,43.4,50.8,49.9,62.8,29.2,31.0,53.0,1,Beginner
LEARNER_0157,25-34,7.7,64.6,44.8,23.2,7,5,74.1,2,65.2,68.2,69.1,53.4,37.4,47.3,35.6,24.1,39.5,48.7,1,Beginner
LEARNER_0158,25-34,16.9,79.8,78.7,32.2,3,10,155.9,7,90.4,80.3,78.9,79.1,67.1,73.3,76.5,82.0,66.7,74.2,0,Intermediate
LEARNER_0159,18-24,16.5,79.4,67.5,47.4,3,9,89.7,4,67.8,58.0,72.8,49.8,75.6,59.9,60.1,49.8,61.3,64.3,0,Intermediate
LEARNER_0160,25-34,9.5,58.7,33.0,30.9,3,7,67.2,3,52.9,73.5,81.5,63.6,54.9,52.4,43.2,34.1,39.6,50.2,1,Beginner
LEARNER_0161,18-24,6.5,53.6,45.9,0.0,5,5,102.0,3,55.1,50.7,67.5,42.3,46.4,39.3,38.1,20.9,29.0,41.9,1,Beginner
LEARNER_0162,25-34,15.2,98.9,78.7,55.0,4,5,159.1,7,99.9,77.1,91.8,79.1,68.8,76.9,84.5,64.3,58.5,79.5,0,Intermediate
LEARNER_0163,25-34,16.1,83.5,74.8,43.9,5,4,158.3,8,99.0,88.3,89.1,65.5,48.8,66.4,69.4,54.8,57.1,71.4,0,Intermediate
LEARNER_0164,18-24,10.5,55.2,42.3,6.3,5,10,119.2,5,88.5,71.0,77.5,70.6,56.2,50.2,72.9,47.2,56.8,55.5,0,Beginner
LEARNER_0165,18-24,23.1,100.0,100.0,72.9,1,3,131.1,9,95.6,100.0,100.0,82.1,84.6,91.2,95.9,93.5,97.4,93.9,0,Advanced
LEARNER_0166,25-34,5.5,59.7,47.1,20.4,6,8,61.2,1,47.9,71.8,62.5,51.5,47.7,58.6,41.7,29.1,17.4,47.3,1,Beginner
LEARNER_0167,18-24,5.5,50.3,30.3,0.0,4,11,59.6,2,37.9,51.5,61.3,44.2,63.9,38.2,46.9,8.6,19.5,37.7,1,Beginner
LEARNER_0168,18-24,8.5,64.4,28.0,17.6,6,11,50.2,0,61.8,73.0,55.1,43.1,56.5,48.3,54.5,31.4,30.7,46.5,1,Beginner
LEARNER_0169,18-24,15.2,74.5,56.6,12.8,4,9,111.0,5,72.9,68.4,67.9,77.1,83.2,67.3,53.8,42.7,41.5,60.3,0,Intermediate
LEARNER_0170,25-34,13.1,70.2,57.6,17.8,4,7,98.7,4,88.3,95.8,68.3,67.7,70.4,64.6,80.8,53.3,55.1,64.8,0,Intermediate
LEARNER_0171,25-34,5.5,69.4,61.6,29.6,3,4,116.9,6,79.0,66.6,82.3,63.4,53.1,73.1,60.2,53.8,52.3,62.2,0,Intermediate
LEARNER_0172,18-24,17.5,78.4,78.1,42.8,5,9,130.5,7,81.0,87.4,58.8,55.4,70.4,67.6,67.8,53.9,58.7,68.5,0,Intermediate
LEARNER_0173,18-24,3.0,63.9,50.7,6.4,4,7,50.7,2,52.9,66.7,56.8,58.9,56.2,47.6,35.1,22.3,20.4,46.6,1,Beginner
LEARNER_0174,18-24,17.3,100.0,94.8,69.1,2,0,144.4,9,84.6,94.9,68.4,75.3,99.7,79.1,94.5,91.1,81.0,87.9,0,Advanced
LEARNER_0175,25-34,9.8,67.5,55.1,31.5,3,9,80.6,4,76.0,68.6,67.4,68.9,56.1,64.7,64.8,53.4,43.5,59.7,0,Intermediate
LEARNER_0176,18-24,21.7,94.8,72.8,55.3,1,7,155.6,9,94.0,87.2,84.5,71.9,81.9,82.1,84.9,74.9,73.6,80.2,0,Advanced
LEARNER_0177,25-34,7.3,75.3,64.6,34.6,4,7,123.0,7,82.2,61.9,90.2,62.5,56.0,67.0,63.4,70.5,66.0,66.5,0,Intermediate
LEARNER_0178,18-24,23.7,89.1,82.9,51.4,5,11,140.7,7,72.2,82.3,83.7,75.6,75.9,65.3,76.0,61.1,40.5,73.8,0,Intermediate
LEARNER_0179,35+,18.0,95.8,81.1,42.2,6,7,179.4,8,87.0,84.6,75.2,79.3,83.5,66.0,78.4,43.5,65.8,75.9,0,Intermediate
LEARNER_0180,18-24,14.9,84.9,70.0,58.0,4,5,103.4,5,83.8,81.4,88.9,59.0,69.5,71.4,63.8,63.6,44.6,71.2,0,Intermediate
LEARNER_0181,18-24,15.0,81.5,64.4,31.3,4,5,127.5,6,74.1,58.9,82.9,81.0,66.9,77.3,60.9,48.1,70.7,67.2,0,Intermediate
LEARNER_0182,18-24,19.5,100.0,75.8,70.1,3,7,142.3,8,84.7,80.8,91.3,91.6,86.1,82.2,87.9,78.2,69.5,83.9,0,Advanced
LEARNER_0183,35+,14.5,79.9,62.0,33.3,4,5,110.1,5,82.9,71.4,67.7,57.6,68.5,67.4,52.6,38.2,42.2,61.9,0,Intermediate
LEARNER_0184,35+,17.5,95.0,77.5,33.5,3,6,111.3,6,81.6,85.8,75.6,86.1,74.0,73.0,74.6,58.4,67.7,75.4,0,Intermediate
LEARNER_0185,18-24,13.2,70.0,57.8,40.3,4,6,145.0,7,86.6,76.2,67.3,48.9,62.0,61.4,57.0,43.3,49.1,60.5,0,Intermediate
LEARNER_0186,25-34,19.5,100.0,85.1,58.1,3,3,140.5,9,96.3,90.9,92.7,80.0,83.7,83.4,94.8,70.6,68.8,85.0,0,Advanced
LEARNER_0187,25-34,8.0,63.4,42.5,22.1,4,10,87.6,4,63.0,72.0,67.5,55.0,59.1,51.3,48.0,31.7,24.4,50.2,1,Beginner
LEARNER_0188,25-34,20.6,95.3,93.1,75.6,2,3,154.6,9,96.5,88.4,100.0,84.0,96.7,100.0,99.7,92.3,82.5,92.2,0,Advanced
LEARNER_0189,18-24,11.2,87.5,59.1,32.2,4,5,83.4,3,75.0,79.4,77.6,63.5,53.5,63.9,57.2,41.5,37.6,62.6,0,Beginner
LEARNER_0190,18-24,8.2,59.1,53.1,6.9,7,13,103.9,2,52.0,61.6,36.2,41.0,31.0,44.3,47.1,23.7,10.9,41.7,1,Beginner
LEARNER_0191,18-24,14.4,75.7,66.6,43.4,3,9,64.3,3,69.2,79.6,78.6,62.6,62.0,67.6,80.5,42.8,51.5,65.9,0,Beginner
LEARNER_0192,35+,1.0,47.9,37.1,11.7,5,11,102.8,3,72.4,65.4,55.2,57.8,57.0,49.0,42.6,32.9,26.7,45.1,1,Beginner
LEARNER_0193,35+,18.2,94.6,66.7,47.9,5,5,122.1,6,91.8,99.7,77.4,73.6,76.6,85.8,77.8,67.4,68.2,77.5,0,Intermediate
LEARNER_0194,25-34,9.3,63.3,39.3,0.0,6,8,153.9,6,72.0,71.1,60.7,53.4,46.4,49.2,73.5,27.0,46.9,49.8,1,Beginner
LEARNER_0195,18-24,9.7,68.6,44.4,21.8,6,9,132.8,5,81.8,61.9,64.3,64.0,57.0,63.3,55.4,28.6,37.9,54.1,1,Beginner
LEARNER_0196,18-24,1.4,39.1,12.5,0.0,6,12,37.0,0,48.0,54.3,41.3,38.1,29.1,29.1,32.3,14.1,11.3,28.1,1,Beginner
LEARNER_0197,25-34,13.1,72.2,72.3,46.5,5,6,133.7,6,83.0,75.6,71.2,61.1,61.8,47.1,61.1,47.9,55.1,64.4,0,Intermediate
LEARNER_0198,35+,2.7,40.9,25.5,0.0,8,14,63.4,0,38.7,41.2,34.6,14.0,25.9,26.1,23.5,0.0,0.0,24.2,1,Beginner
LEARNER_0199,35+,1.8,46.7,37.1,4.9,7,12,93.5,2,47.9,64.7,58.8,40.9,34.1,27.8,23.0,12.7,25.9,36.2,1,Beginner
LEARNER_0200,25-34,17.0,82.7,52.9,38.4,1,0,110.3,7,70.0,87.2,100.0,67.1,76.0,78.5,83.2,64.5,71.8,71.3,0,Intermediate
LEARNER_0201,25-34,13.0,96.7,69.4,33.6,2,2,117.3,7,80.9,65.7,73.8,64.3,85.1,65.0,58.5,64.2,70.6,71.1,0,Intermediate
LEARNER_0202,18-24,10.0,90.9,82.6,60.2,5,5,161.4,7,76.1,82.5,77.8,68.2,64.3,66.3,65.5,58.5,66.8,74.3,0,Intermediate
LEARNER_0203,18-24,5.3,76.8,57.4,37.0,5,7,83.8,3,67.6,60.1,43.2,39.3,49.7,35.1,56.2,8.4,30.9,50.5,1,Beginner
LEARNER_0204,35+,14.3,67.9,57.6,31.9,3,10,123.9,6,76.4,78.7,72.0,67.6,60.7,83.8,58.4,38.5,42.4,61.2,0,Intermediate
LEARNER_0205,25-34,14.8,78.5,60.6,44.6,3,6,66.3,3,65.4,82.5,80.1,68.5,65.4,48.7,56.4,41.2,56.7,63.5,0,Beginner
LEARNER_0206,18-24,7.7,39.2,39.6,3.1,5,9,75.0,1,58.0,62.7,66.9,28.2,38.2,43.5,50.5,26.0,33.9,40.0,1,Beginner
LEARNER_0207,18-24,21.7,100.0,85.2,50.5,1,3,134.9,9,90.1,100.0,93.7,79.4,86.9,95.2,79.2,79.6,86.9,86.4,0,Advanced
LEARNER_0208,25-34,17.9,88.6,77.7,48.0,5,6,152.6,8,71.3,84.1,92.6,64.4,84.9,84.3,66.3,70.6,65.9,76.1,0,Advanced
LEARNER_0209,18-24,9.0,82.3,59.9,31.7,4,7,95.3,3,64.5,77.3,92.7,54.8,51.0,65.3,60.7,45.6,37.9,61.9,0,Beginner
LEARNER_0210,18-24,13.4,70.7,85.6,39.5,4,8,146.7,8,69.2,81.8,89.0,66.1,51.8,59.9,61.0,38.1,50.1,66.0,0,Intermediate
LEARNER_0211,18-24,15.4,68.6,48.4,31.1,4,10,171.2,8,89.0,76.7,73.3,63.4,55.0,76.1,55.4,63.7,59.7,62.0,0,Intermediate
LEARNER_0212,25-34,4.1,34.4,29.1,0.0,7,12,81.7,1,52.0,56.7,38.9,24.6,20.0,36.6,34.4,17.3,15.4,29.9,1,Beginner
LEARNER_0213,25-34,14.3,58.9,49.4,13.2,5,12,113.1,5,77.3,67.3,68.8,68.4,62.8,59.7,61.8,33.0,39.6,54.3,1,Beginner
LEARNER_0214,18-24,10.7,68.6,54.7,25.2,6,11,71.2,3,54.8,63.4,59.2,32.6,39.8,53.0,48.2,37.0,36.9,50.1,1,Beginner
LEARNER_0215,25-34,8.0,41.9,25.9,10.7,5,9,69.8,2,72.5,52.5,66.6,55.9,43.6,43.5,43.6,23.2,17.5,39.6,1,Beginner
LEARNER_0216,18-24,13.8,72.0,57.8,27.6,4,11,108.2,5,82.0,73.6,62.2,53.1,62.4,50.2,61.3,43.5,50.3,58.9,0,Intermediate
LEARNER_0217,18-24,20.9,94.1,89.2,73.0,3,5,173.0,9,80.6,99.2,96.0,90.1,94.1,100.0,100.0,92.4,77.7,90.5,0,Advanced
LEARNER_0218,25-34,12.6,82.5,89.4,40.2,3,4,118.1,5,77.0,92.1,89.4,68.0,69.2,82.8,70.0,77.9,67.1,77.0,0,Intermediate
LEARNER_0219,25-34,8.7,74.9,63.4,30.2,5,11,91.8,4,72.1,74.5,67.3,65.2,54.4,45.8,58.1,42.6,27.4,58.4,0,Intermediate
LEARNER_0220,25-34,12.6,86.2,62.9,26.6,4,10,131.6,6,87.0,79.6,74.3,61.3,72.0,69.9,75.7,61.8,67.7,69.3,0,Intermediate
LEARNER_0221,25-34,17.0,93.5,70.7,39.3,3,4,123.2,6,86.4,82.4,100.0,84.5,82.6,83.2,91.4,73.3,78.6,80.2,0,Intermediate
LEARNER_0222,25-34,16.2,91.6,69.3,38.2,1,2,110.9,6,83.7,89.6,71.1,81.0,75.1,76.5,77.1,67.9,60.2,74.3,0,Intermediate
LEARNER_0223,18-24,9.9,73.9,45.0,14.6,5,7,121.0,5,70.9,84.6,73.1,50.1,80.8,63.5,55.7,60.1,54.7,59.8,0,Intermediate
LEARNER_0224,18-24,7.8,64.8,54.2,15.7,5,10,106.7,6,68.1,73.3,66.9,44.3,58.1,59.2,47.9,34.7,30.3,52.5,1,Beginner
LEARNER_0225,18-24,9.8,73.7,71.1,40.6,4,9,135.1,7,93.0,92.1,83.5,72.0,93.0,67.2,75.9,54.9,68.0,73.1,0,Intermediate
LEARNER_0226,18-24,14.6,86.7,56.8,39.9,4,7,93.1,5,73.6,78.0,81.2,61.2,64.3,61.5,82.8,42.9,53.7,66.1,0,Intermediate
LEARNER_0227,35+,16.5,72.7,76.0,44.1,5,8,157.6,8,93.7,82.0,90.6,69.8,75.6,86.2,72.5,70.0,52.1,73.5,0,Intermediate
LEARNER_0228,18-24,12.7,80.3,67.1,25.6,5,10,126.8,5,76.4,76.7,82.3,69.4,61.5,68.5,78.6,62.7,52.8,67.6,0,Intermediate
LEARNER_0229,35+,19.2,92.7,76.7,59.1,4,5,170.7,9,80.8,87.1,84.7,84.0,72.3,68.7,76.2,63.8,65.5,77.4,0,Intermediate
LEARNER_0230,25-34,12.1,71.1,53.5,13.9,6,11,121.8,4,75.1,67.9,65.3,50.7,68.7,49.6,54.3,45.5,48.2,56.1,0,Beginner
LEARNER_0231,25-34,13.8,96.0,94.4,59.8,3,4,148.1,8,98.2,92.5,85.9,91.7,78.9,80.4,95.2,71.0,81.6,86.9,0,Advanced
LEARNER_0232,18-24,10.7,66.7,66.9,39.4,4,8,121.4,7,84.2,76.3,83.7,57.2,80.5,77.6,71.3,50.9,64.9,67.6,0,Intermediate
LEARNER_0233,25-34,20.1,100.0,87.1,66.1,2,3,120.7,9,89.4,98.8,94.7,85.2,85.3,100.0,85.3,89.4,100.0,90.4,0,Advanced
LEARNER_0234,18-24,5.7,60.6,40.5,23.2,6,9,79.8,2,63.0,60.5,73.5,66.4,42.5,60.2,46.4,31.4,29.9,49.6,1,Beginner
LEARNER_0235,18-24,23.2,100.0,87.6,65.5,2,2,148.4,9,100.0,100.0,96.0,84.5,87.0,96.3,99.8,84.6,81.2,90.5,0,Advanced
LEARNER_0236,25-34,12.4,73.8,61.2,24.8,4,9,125.3,7,77.7,78.0,73.2,54.7,64.7,72.7,66.3,61.2,48.7,63.4,0,Intermediate
LEARNER_0237,18-24,7.9,58.2,24.1,25.1,5,7,49.6,2,58.6,65.8,72.1,37.6,59.0,46.1,42.4,25.8,29.6,44.3,1,Beginner
LEARNER_0238,18-24,3.6,65.5,55.6,24.7,4,6,23.2,0,72.9,63.2,63.4,62.9,57.9,52.7,47.7,42.2,23.6,53.8,1,Beginner
LEARNER_0239,25-34,12.3,66.4,53.1,22.0,6,13,105.7,4,65.4,60.5,76.3,54.1,53.5,49.0,62.5,43.0,41.5,54.6,1,Beginner
LEARNER_0240,18-24,10.4,79.1,71.6,48.7,4,8,145.0,7,94.4,90.6,81.8,66.8,67.7,67.1,76.7,57.7,46.2,71.3,0,Intermediate
LEARNER_0241,35+,14.8,99.9,83.5,49.2,5,1,162.3,8,93.6,85.7,76.5,69.1,67.8,75.8,70.5,65.4,58.2,77.5,0,Advanced
LEARNER_0242,35+,10.0,54.4,35.8,15.8,3,6,88.3,3,72.9,55.1,72.3,60.9,45.5,53.9,72.6,36.9,53.5,50.6,1,Beginner
LEARNER_0243,35+,16.0,64.5,52.2,48.3,3,3,86.6,5,85.6,80.8,79.1,60.2,54.5,72.1,68.2,51.4,43.4,62.2,0,Intermediate
LEARNER_0244,18-24,18.8,100.0,74.2,56.0,1,0,153.6,9,100.0,100.0,100.0,100.0,100.0,87.1,94.3,96.6,92.4,90.4,0,Advanced
LEARNER_0245,18-24,11.6,95.4,93.5,61.2,3,0,114.6,6,100.0,96.7,100.0,90.7,75.0,93.6,83.1,78.5,89.8,88.9,0,Intermediate
LEARNER_0246,35+,14.7,81.1,56.8,33.8,4,6,130.3,6,92.1,93.0,84.2,77.5,81.9,59.0,61.2,59.1,59.0,69.2,0,Intermediate
LEARNER_0247,18-24,17.6,74.2,54.3,37.2,4,4,116.8,6,77.4,77.2,66.4,69.0,59.9,63.4,65.3,46.8,51.1,62.0,0,Intermediate
LEARNER_0248,35+,16.3,78.0,61.3,18.3,3,6,126.9,6,74.4,65.1,96.0,63.6,57.7,69.8,60.0,49.3,47.5,62.6,0,Intermediate
LEARNER_0249,35+,15.7,98.0,87.1,32.0,2,0,109.5,6,68.7,85.3,71.1,67.1,77.7,70.1,85.2,57.7,58.4,74.9,0,Intermediate
LEARNER_0250,35+,5.4,59.6,44.9,6.9,6,10,84.8,3,62.1,64.7,70.3,48.3,57.5,50.0,57.4,31.3,19.9,48.0,1,Beginner
LEARNER_0251,18-24,13.1,77.7,42.7,4.1,3,5,53.9,2,78.5,67.1,75.4,62.0,66.8,50.2,62.9,43.5,49.6,56.7,0,Beginner
LEARNER_0252,18-24,1.0,30.9,28.6,0.0,5,14,37.1,0,62.5,59.6,45.6,30.7,39.3,22.0,25.9,17.8,0.7,29.8,1,Beginner
LEARNER_0253,35+,15.4,75.3,72.0,44.5,4,9,142.9,7,83.8,66.4,78.8,69.7,77.1,72.8,63.0,55.8,63.8,69.2,0,Intermediate
LEARNER_0254,18-24,16.8,68.3,63.3,30.1,2,7,91.8,6,78.4,90.7,82.1,82.2,58.6,86.3,82.4,48.1,49.7,67.4,0,Intermediate
LEARNER_0255,18-24,12.8,62.3,55.1,9.9,6,9,107.6,4,53.4,62.2,79.6,70.8,50.1,46.3,49.8,38.6,46.0,52.7,1,Beginner
LEARNER_0256,25-34,28.1,100.0,100.0,66.4,3,8,163.7,9,89.9,86.0,88.2,94.0,79.9,97.0,96.2,80.0,76.6,89.8,0,Advanced
LEARNER_0257,35+,7.0,55.8,57.0,24.0,4,5,62.4,2,57.9,59.4,58.2,57.3,52.2,42.7,46.2,25.4,13.6,47.5,1,Beginner
LEARNER_0258,25-34,3.2,44.0,26.9,0.0,5,7,86.2,2,54.9,60.9,38.7,33.5,35.5,27.9,39.0,14.0,23.3,33.2,1,Beginner
LEARNER_0259,25-34,13.0,78.6,75.2,47.2,1,4,92.3,5,82.6,79.0,91.6,71.2,72.4,56.5,60.0,42.9,59.9,69.5,0,Intermediate
LEARNER_0260,18-24,11.9,85.4,75.3,55.5,2,9,120.9,7,100.0,81.6,79.0,89.5,83.0,78.9,78.0,73.9,65.4,78.8,0,Advanced
LEARNER_0261,25-34,18.3,100.0,91.0,70.9,3,3,161.6,9,96.2,91.2,97.8,81.8,82.0,85.7,90.5,79.5,87.4,89.0,0,Advanced
LEARNER_0262,35+,8.5,70.3,40.6,26.7,4,7,95.5,4,67.8,60.4,68.7,50.8,50.0,44.2,62.9,40.2,20.5,50.9,1,Beginner
LEARNER_0263,18-24,15.8,82.5,69.1,65.2,3,2,133.8,7,85.9,86.1,87.2,93.2,89.6,65.7,72.2,67.3,59.0,76.6,0,Advanced
LEARNER_0264,18-24,12.3,76.4,54.3,23.6,3,8,77.1,5,75.5,83.1,81.0,53.6,55.2,54.6,59.3,47.2,57.6,60.6,0,Intermediate
LEARNER_0265,35+,8.7,75.9,67.2,32.9,5,9,111.4,5,66.3,72.9,86.3,48.5,60.2,60.8,59.6,41.0,42.8,61.4,0,Intermediate
LEARNER_0266,25-34,19.8,91.2,78.3,44.2,2,5,73.2,5,86.6,92.5,87.6,88.4,69.9,76.1,81.4,57.9,50.8,76.7,0,Intermediate
LEARNER_0267,25-34,15.3,91.9,62.5,37.8,3,3,159.3,8,86.4,94.5,88.1,82.0,69.9,68.4,65.2,64.8,55.5,72.7,0,Intermediate
LEARNER_0268,25-34,4.1,64.3,41.4,18.7,6,8,62.3,1,57.8,51.4,58.7,40.2,36.4,38.4,26.2,11.6,9.1,40.4,1,Beginner
LEARNER_0269,18-24,18.4,100.0,96.0,50.7,1,0,140.7,9,96.4,91.2,100.0,85.3,79.4,93.9,91.0,78.8,76.2,88.2,0,Advanced
LEARNER_0270,18-24,19.4,100.0,85.5,48.8,1,2,153.8,9,95.0,100.0,87.9,80.6,76.4,87.2,71.9,78.9,72.6,83.6,0,Advanced
LEARNER_0271,25-34,11.3,59.5,47.5,29.9,6,7,83.1,2,53.3,79.0,76.1,54.2,54.3,51.0,62.3,30.8,36.9,52.7,1,Beginner
LEARNER_0272,25-34,11.4,81.3,66.6,46.4,4,4,93.5,5,84.8,66.4,88.6,81.0,61.6,75.8,67.1,46.3,55.4,69.2,0,Intermediate
LEARNER_0273,35+,12.5,85.6,72.1,37.7,4,5,121.1,6,75.6,84.0,89.6,71.8,63.4,62.2,57.5,77.3,68.8,71.6,0,Intermediate
LEARNER_0274,35+,12.4,80.2,60.9,40.7,4,5,103.0,5,69.4,78.1,72.8,83.5,58.7,64.4,62.3,49.0,56.6,65.5,0,Intermediate
LEARNER_0275,18-24,5.2,53.8,40.5,17.8,5,8,109.1,6,59.6,75.0,67.0,46.0,52.6,51.6,56.2,42.0,40.7,49.2,1,Beginner
LEARNER_0276,18-24,6.2,61.3,33.8,23.7,3,8,45.7,2,70.4,61.0,68.9,51.1,58.8,41.4,47.0,50.1,43.9,50.0,1,Beginner
LEARNER_0277,25-34,10.4,83.2,67.6,34.2,4,6,89.8,4,72.9,68.0,63.7,58.6,73.6,58.2,61.8,53.8,44.4,63.9,0,Intermediate
LEARNER_0278,25-34,20.5,100.0,87.2,64.6,3,3,157.6,9,75.6,83.7,100.0,72.1,75.0,64.2,86.7,69.1,61.4,81.0,0,Advanced
LEARNER_0279,25-34,15.5,92.3,69.3,63.9,5,6,97.2,5,85.3,76.9,81.4,69.5,87.9,86.0,69.1,58.3,68.5,76.5,0,Intermediate
LEARNER_0280,25-34,10.7,66.3,48.4,25.9,5,6,113.8,4,59.0,77.1,72.8,59.4,48.0,48.6,48.6,33.9,41.7,53.0,1,Beginner
LEARNER_0281,35+,18.4,96.5,79.5,47.9,5,6,158.8,8,85.4,74.8,79.6,78.5,83.0,87.0,72.0,70.5,64.5,78.3,0,Advanced
LEARNER_0282,18-24,1.0,25.0,23.4,0.0,8,14,64.5,0,42.7,35.8,30.2,33.8,10.6,16.7,27.7,0.0,0.0,20.9,1,Beginner
LEARNER_0283,18-24,18.9,90.7,75.7,46.1,2,1,140.8,8,95.9,74.5,84.0,84.1,73.4,84.9,93.9,66.9,66.0,78.6,0,Advanced
LEARNER_0284,18-24,3.0,43.5,15.4,11.8,6,13,38.5,0,68.4,62.2,55.9,43.4,28.2,30.3,18.0,4.9,20.0,32.5,1,Beginner
LEARNER_0285,25-34,11.0,61.4,51.8,23.9,5,7,90.5,3,59.7,80.8,76.0,56.7,55.8,57.9,64.9,30.2,48.6,55.4,0,Beginner
LEARNER_0286,18-24,4.7,47.5,35.9,4.3,4,9,72.6,3,61.1,58.9,62.9,57.5,48.7,49.3,46.1,33.5,31.9,43.7,1,Beginner
LEARNER_0287,18-24,1.0,47.7,40.9,0.0,5,12,89.2,4,57.3,57.1,62.2,60.5,46.6,46.6,48.7,23.1,28.5,42.9,1,Beginner
LEARNER_0288,18-24,17.4,98.4,95.9,69.4,2,5,142.9,8,92.4,92.6,86.2,84.8,73.0,86.8,76.2,72.9,75.8,86.0,0,Advanced
LEARNER_0289,18-24,13.9,60.8,51.3,28.8,6,10,140.9,5,71.1,81.2,73.4,46.6,46.6,51.6,40.4,32.1,39.7,52.4,1,Beginner
LEARNER_0290,25-34,16.5,90.8,77.8,37.9,2,3,129.7,7,76.3,82.4,91.0,63.2,60.2,63.7,72.2,43.2,53.5,70.4,0,Intermediate
LEARNER_0291,18-24,14.7,80.1,50.6,30.0,5,9,111.1,4,70.9,68.9,80.1,63.5,60.4,48.5,53.7,54.8,56.7,60.5,0,Intermediate
LEARNER_0292,18-24,18.1,81.7,74.3,28.3,2,6,144.8,9,71.8,67.8,87.2,73.3,68.0,73.8,58.5,57.9,54.6,68.1,0,Intermediate
LEARNER_0293,25-34,12.7,65.5,62.2,33.5,3,5,94.8,6,83.8,67.0,78.3,68.8,55.6,71.9,52.7,56.8,52.5,62.3,0,Intermediate
LEARNER_0294,18-24,6.2,49.7,29.4,5.9,7,10,133.9,4,63.3,60.2,47.6,45.2,43.6,54.4,46.3,19.3,15.9,39.5,1,Beginner
LEARNER_0295,18-24,15.1,88.9,75.9,63.3,4,1,161.7,7,94.3,81.7,78.6,78.0,96.0,80.4,79.1,66.0,62.7,79.2,0,Advanced
LEARNER_0296,18-24,8.6,65.3,58.0,17.1,6,9,156.5,6,66.6,70.6,72.7,49.0,50.1,48.0,60.4,43.8,36.2,54.3,1,Beginner
LEARNER_0297,25-34,6.1,44.0,32.7,0.0,7,11,82.0,2,51.1,51.9,56.2,40.3,33.6,23.5,42.4,22.7,10.4,34.4,1,Beginner
LEARNER_0298,18-24,13.5,55.3,56.5,15.9,7,13,117.1,5,61.2,61.4,73.4,70.0,59.6,63.5,51.8,45.8,45.8,54.7,1,Beginner
LEARNER_0299,25-34,19.1,100.0,89.7,47.8,3,5,146.2,9,95.9,83.6,100.0,94.2,81.5,71.6,85.4,75.7,67.2,84.5,0,Advanced
LEARNER_0300,18-24,14.9,87.5,85.3,63.2,3,8,108.8,7,76.9,97.7,91.0,79.9,81.0,72.9,71.5,69.9,65.8,79.8,0,Advanced
LEARNER_0301,18-24,10.3,72.4,53.5,37.2,5,6,128.7,6,85.6,77.9,80.9,64.7,50.7,54.6,54.7,49.9,42.1,60.5,0,Intermediate
LEARNER_0302,18-24,12.1,64.6,54.8,26.8,6,11,142.3,5,60.3,84.7,71.6,53.4,71.1,55.9,48.7,40.2,26.5,55.4,0,Beginner
LEARNER_0303,18-24,6.1,76.8,52.8,34.2,4,5,60.3,2,73.3,75.5,64.7,52.8,59.6,57.1,60.0,37.5,38.0,58.0,0,Beginner
LEARNER_0304,25-34,15.5,95.2,72.6,58.3,1,4,131.6,8,100.0,96.5,99.5,89.2,90.3,96.3,100.0,100.0,91.6,89.1,0,Advanced
LEARNER_0305,25-34,12.3,89.7,79.5,42.7,3,2,130.5,6,84.4,90.2,73.1,67.1,63.4,48.8,61.6,50.4,59.1,70.4,0,Intermediate
LEARNER_0306,35+,10.5,78.3,83.6,43.1,1,5,93.2,6,81.6,79.9,92.6,65.5,64.8,69.0,79.1,61.6,55.0,72.6,0,Intermediate
LEARNER_0307,18-24,15.6,99.0,83.3,49.2,3,0,168.4,8,79.6,89.1,93.7,88.2,89.5,60.6,79.4,68.1,74.0,81.3,0,Advanced
LEARNER_0308,18-24,12.8,79.4,72.7,24.8,2,4,144.9,7,66.8,77.5,82.0,62.0,55.7,71.7,67.7,38.0,51.9,64.5,0,Intermediate
LEARNER_0309,25-34,9.3,76.5,52.6,26.1,4,7,60.4,2,78.1,48.3,81.8,51.4,52.5,53.4,44.3,51.8,42.9,56.4,0,Beginner
LEARNER_0310,18-24,15.4,71.7,52.3,23.8,5,7,108.1,5,84.7,85.5,56.5,74.4,54.4,41.6,44.4,22.0,46.1,55.7,0,Beginner
LEARNER_0311,18-24,12.6,66.3,34.2,23.1,4,5,85.4,3,70.6,78.1,78.8,57.2,60.7,54.3,62.0,30.7,54.0,54.4,1,Beginner
LEARNER_0312,18-24,12.7,84.5,63.1,32.0,6,9,133.8,6,65.4,77.2,64.1,62.6,59.2,56.8,67.7,51.5,41.8,62.6,0,Intermediate
LEARNER_0313,18-24,17.5,89.1,63.3,37.5,2,4,107.1,7,64.1,83.2,83.7,77.3,61.7,83.2,68.3,66.8,58.7,70.5,0,Intermediate
LEARNER_0314,35+,8.8,74.4,73.3,29.3,5,7,130.4,5,67.8,76.9,73.1,53.7,59.6,64.4,76.2,43.9,43.7,63.3,0,Intermediate
LEARNER_0315,25-34,18.8,99.7,76.9,46.4,4,5,136.6,6,82.9,79.0,89.1,83.6,72.9,76.5,79.6,63.8,60.0,77.8,0,Intermediate
LEARNER_0316,25-34,11.4,65.7,57.7,34.7,2,11,122.9,7,86.8,79.0,75.9,65.8,55.7,70.2,53.4,26.1,57.8,60.6,0,Intermediate
LEARNER_0317,18-24,14.4,81.9,77.3,29.1,7,11,145.8,7,81.3,65.5,86.7,75.7,68.8,62.5,63.5,55.2,54.2,68.7,0,Intermediate
LEARNER_0318,18-24,1.0,31.7,13.0,0.0,6,14,48.2,1,53.5,52.5,46.2,24.6,37.4,36.1,49.8,10.0,0.0,27.8,1,Beginner
LEARNER_0319,18-24,11.9,87.3,67.2,44.9,2,5,122.3,7,82.8,90.5,91.7,77.5,76.0,82.1,66.7,66.0,61.5,74.6,0,Intermediate
LEARNER_0320,18-24,16.2,83.7,71.8,32.9,2,5,115.0,7,74.5,77.6,80.5,67.9,69.4,57.3,71.8,55.1,57.9,68.3,0,Intermediate
LEARNER_0321,18-24,18.1,83.9,79.6,44.5,3,0,124.9,7,98.2,89.9,73.9,80.1,60.7,89.8,75.4,71.9,60.7,76.4,0,Advanced
LEARNER_0322,25-34,1.0,16.9,14.2,0.0,7,12,68.3,0,41.9,32.3,32.9,4.0,12.3,4.3,21.3,0.0,0.0,14.9,1,Beginner
LEARNER_0323,25-34,19.8,100.0,89.0,55.2,2,2,159.8,9,83.2,92.3,98.9,96.3,100.0,100.0,100.0,74.8,100.0,91.0,0,Advanced
LEARNER_0324,18-24,14.7,80.9,67.2,35.4,4,2,138.5,6,67.9,75.2,82.2,48.4,56.4,47.6,56.7,62.8,40.3,62.4,0,Intermediate
LEARNER_0325,35+,14.0,92.4,79.6,42.8,3,2,117.1,7,81.4,93.7,92.0,82.6,73.8,84.5,88.7,79.8,77.8,81.2,0,Advanced
LEARNER_0326,25-34,11.7,60.5,49.9,24.1,5,5,95.9,4,58.2,47.5,53.2,28.3,63.6,60.3,63.1,16.9,37.2,48.1,1,Beginner
LEARNER_0327,25-34,12.4,82.1,56.0,55.2,1,4,92.1,5,86.9,86.5,81.2,57.0,86.4,70.1,72.3,57.5,54.4,70.0,0,Intermediate
LEARNER_0328,25-34,8.6,65.6,48.7,6.1,5,10,90.4,3,61.5,58.0,78.5,51.7,48.9,43.1,51.4,25.0,19.8,48.0,1,Beginner
LEARNER_0329,18-24,7.9,60.6,39.8,18.5,2,8,94.4,4,66.9,66.0,68.4,47.6,61.1,56.9,47.3,44.2,33.3,50.3,1,Beginner
LEARNER_0330,18-24,23.4,100.0,84.6,54.9,2,4,141.0,8,100.0,87.3,95.3,84.7,74.8,90.0,92.8,69.0,77.6,85.4,0,Advanced
LEARNER_0331,18-24,9.4,77.7,51.8,33.4,3,4,91.2,3,67.1,65.9,76.6,69.1,52.6,73.5,57.5,40.2,45.2,59.9,0,Beginner
LEARNER_0332,25-34,12.6,72.9,79.1,30.3,4,3,113.5,5,92.5,85.3,83.7,68.1,61.7,67.0,71.9,38.3,50.7,68.0,0,Intermediate
LEARNER_0333,18-24,16.5,100.0,80.7,53.4,4,1,149.7,7,80.1,85.7,81.8,82.9,74.0,73.4,85.6,63.1,68.3,79.5,0,Intermediate
LEARNER_0334,18-24,11.5,70.9,46.3,20.2,2,3,87.1,5,81.7,77.9,85.0,68.6,66.0,65.6,69.1,54.1,69.1,62.8,0,Intermediate
LEARNER_0335,18-24,15.0,90.7,71.3,35.3,5,4,130.2,6,74.6,75.9,74.2,85.8,44.0,56.9,76.7,51.6,57.5,68.6,0,Intermediate
LEARNER_0336,18-24,12.3,77.7,68.8,28.8,3,5,124.9,6,80.4,83.3,85.1,63.0,70.9,62.8,80.1,50.5,59.2,68.1,0,Intermediate
LEARNER_0337,35+,23.3,100.0,100.0,81.4,3,2,178.4,9,100.0,100.0,100.0,100.0,100.0,97.6,100.0,90.1,80.3,96.4,0,Advanced
LEARNER_0338,25-34,8.7,57.9,42.0,12.9,4,9,100.8,4,77.8,73.7,78.2,60.6,73.9,57.2,56.9,51.8,50.4,55.7,0,Beginner
LEARNER_0339,18-24,5.3,69.1,46.8,30.4,3,6,113.0,6,71.4,86.2,71.3,52.0,58.9,60.0,60.3,55.7,65.8,59.7,0,Intermediate
LEARNER_0340,18-24,16.7,86.8,85.6,50.2,3,5,175.5,9,78.6,95.4,81.0,82.7,71.8,95.6,72.3,73.4,44.9,78.0,0,Advanced
LEARNER_0341,18-24,24.8,97.2,71.3,45.7,2,6,109.7,8,100.0,91.6,95.8,82.2,58.2,71.4,87.3,68.7,75.6,79.3,0,Advanced
LEARNER_0342,18-24,20.3,98.1,79.4,52.9,2,1,118.9,8,85.4,89.7,88.6,72.6,78.6,82.2,71.3,67.2,70.5,79.7,0,Advanced
LEARNER_0343,18-24,15.1,93.4,75.0,37.0,3,5,137.2,7,88.3,87.9,84.9,64.8,79.4,77.0,77.6,59.8,54.0,74.8,0,Intermediate
LEARNER_0344,18-24,5.5,53.7,37.7,9.3,5,9,70.2,2,48.4,63.8,58.8,43.5,38.8,48.8,35.1,29.1,31.5,41.9,1,Beginner
LEARNER_0345,18-24,20.2,100.0,92.5,76.4,3,3,166.3,9,92.4,100.0,100.0,90.9,100.0,87.7,94.7,63.3,94.3,91.8,0,Intermediate
LEARNER_0346,25-34,7.9,46.5,31.4,0.0,3,10,69.8,3,60.2,68.4,56.4,23.9,41.6,41.7,43.8,28.2,31.3,38.8,1,Beginner
LEARNER_0347,25-34,10.0,71.4,49.7,38.4,4,9,83.9,3,82.4,70.5,77.5,75.3,68.0,70.5,77.5,56.5,51.1,64.4,0,Beginner
LEARNER_0348,18-24,11.6,75.6,60.2,36.0,6,6,113.2,5,44.2,57.3,72.2,46.0,39.0,52.1,59.1,33.4,25.4,53.2,1,Beginner
LEARNER_0349,18-24,13.8,69.9,58.1,21.1,4,7,113.8,5,75.6,68.6,83.6,50.3,63.3,58.9,72.5,45.5,47.9,59.9,0,Intermediate
LEARNER_0350,25-34,15.8,94.2,75.3,27.8,5,7,141.9,6,69.7,86.8,74.8,74.8,51.4,54.8,78.9,34.0,61.6,68.5,0,Intermediate
LEARNER_0351,18-24,14.9,80.0,69.5,40.7,4,6,136.6,6,81.5,66.2,94.5,67.0,72.7,63.4,68.3,50.9,51.3,68.2,0,Intermediate
LEARNER_0352,35+,14.2,82.7,74.4,36.5,3,6,138.2,6,71.8,83.2,82.6,78.5,74.5,59.6,59.5,70.8,54.1,70.4,0,Intermediate
LEARNER_0353,25-34,22.1,100.0,84.1,75.0,3,4,131.9,7,87.5,97.3,86.0,91.3,98.7,82.5,79.4,80.4,100.0,89.0,0,Advanced
LEARNER_0354,18-24,16.0,93.5,83.7,46.7,4,9,155.3,8,78.3,89.7,83.4,69.2,61.1,69.5,52.6,54.6,65.7,73.7,0,Intermediate
LEARNER_0355,18-24,9.7,68.3,43.3,12.0,4,4,88.7,5,63.7,73.5,69.0,56.9,59.4,61.0,49.4,43.3,52.3,54.0,1,Beginner
LEARNER_0356,25-34,15.1,88.8,77.7,38.2,3,5,137.6,8,82.8,75.8,90.0,81.3,81.9,91.7,78.0,70.1,55.6,76.8,0,Advanced
LEARNER_0357,18-24,18.3,97.1,89.1,66.3,2,2,148.7,9,79.7,81.6,88.9,77.7,84.6,76.7,76.6,77.1,66.1,82.4,0,Advanced
LEARNER_0358,25-34,10.5,57.4,43.3,4.2,5,10,67.6,1,45.6,50.8,60.9,35.5,35.4,48.6,40.9,21.6,24.0,40.7,1,Beginner
LEARNER_0359,35+,11.3,89.2,69.0,40.9,3,2,121.7,7,90.3,77.9,74.9,76.4,52.4,74.0,75.5,63.3,51.9,71.0,0,Intermediate
LEARNER_0360,25-34,11.1,84.4,63.4,47.3,5,7,139.6,6,73.0,82.0,91.3,72.1,76.0,83.6,70.8,75.4,74.8,74.0,0,Intermediate
LEARNER_0361,18-24,11.0,73.7,57.6,21.5,1,3,98.0,6,70.0,62.1,62.2,57.5,56.0,61.8,48.3,50.1,53.3,57.5,0,Beginner
LEARNER_0362,25-34,19.0,100.0,82.3,54.5,3,2,111.9,6,97.5,100.0,82.6,92.7,79.5,75.9,83.6,94.2,71.2,85.3,0,Intermediate
LEARNER_0363,18-24,11.8,74.9,68.2,32.5,4,4,110.0,5,68.3,62.6,76.1,58.7,65.7,45.8,52.4,39.7,59.3,60.7,0,Intermediate
LEARNER_0364,18-24,13.4,79.8,59.6,37.2,2,4,86.3,5,69.9,87.3,89.3,64.1,63.6,66.5,61.8,63.9,50.5,66.4,0,Intermediate
LEARNER_0365,35+,10.5,60.2,58.4,32.8,5,11,109.9,5,74.7,82.4,70.1,54.4,48.7,55.0,70.0,38.2,65.3,58.9,0,Intermediate
LEARNER_0366,18-24,16.5,60.0,55.0,25.7,4,8,101.5,6,84.1,82.4,80.8,65.7,46.8,54.4,60.1,51.1,49.5,58.8,0,Intermediate
LEARNER_0367,35+,1.7,52.6,33.6,6.4,6,11,60.0,1,52.5,56.3,70.4,47.3,35.4,34.3,58.6,31.9,30.7,42.1,1,Beginner
LEARNER_0368,35+,2.3,44.6,25.1,0.0,3,12,18.2,0,56.5,60.5,64.2,46.2,58.1,40.2,50.4,15.1,30.4,39.3,1,Beginner
LEARNER_0369,18-24,19.7,100.0,93.0,49.1,3,4,152.8,9,80.3,83.9,91.6,82.9,93.3,99.6,82.9,80.6,90.1,87.2,0,Advanced
LEARNER_0370,18-24,2.8,56.2,42.3,15.0,4,7,67.0,2,61.7,72.1,56.1,44.8,50.0,45.2,39.6,38.3,35.1,46.5,1,Beginner
LEARNER_0371,18-24,6.5,54.9,63.1,38.7,6,11,115.9,4,63.4,62.5,45.4,52.5,44.7,50.9,45.7,22.5,27.0,49.6,1,Beginner
LEARNER_0372,18-24,6.2,45.6,20.5,0.0,7,10,58.8,0,42.3,45.9,47.1,29.6,25.6,26.7,36.8,18.3,9.0,29.3,1,Beginner
LEARNER_0373,18-24,8.9,63.1,42.0,7.7,4,7,43.9,0,63.7,57.5,76.8,44.5,61.1,41.5,47.9,24.1,28.7,47.2,1,Beginner
LEARNER_0374,25-34,6.1,44.8,28.6,0.0,6,8,84.9,2,47.9,39.3,50.1,51.3,36.9,46.7,48.1,37.1,22.8,37.1,1,Beginner
LEARNER_0375,18-24,16.4,100.0,77.0,61.4,2,5,132.5,8,95.3,86.4,100.0,74.7,92.9,79.5,97.9,88.9,72.0,85.7,0,Advanced
LEARNER_0376,18-24,15.2,90.8,72.4,50.3,1,2,92.4,6,95.6,96.0,79.5,84.4,75.4,78.3,72.0,67.5,53.9,77.0,0,Intermediate
LEARNER_0377,25-34,7.4,64.3,45.7,14.5,6,10,81.8,2,58.0,63.5,67.6,40.9,66.5,48.3,45.6,31.0,34.6,49.2,1,Beginner
LEARNER_0378,18-24,22.3,100.0,100.0,64.3,1,0,149.9,9,97.0,100.0,100.0,100.0,100.0,100.0,100.0,89.0,100.0,96.2,0,Advanced
LEARNER_0379,25-34,20.8,91.8,80.6,50.9,2,5,167.8,9,90.8,92.0,81.5,65.4,87.7,69.2,78.9,66.5,75.0,78.8,0,Advanced
LEARNER_0380,18-24,12.0,70.3,48.1,6.7,4,6,121.3,5,80.8,85.5,72.5,66.0,52.1,59.9,51.3,41.1,40.8,56.1,0,Beginner
LEARNER_0381,18-24,1.0,28.4,19.2,0.0,7,13,49.5,0,33.1,55.6,41.7,21.4,30.5,15.3,19.2,8.1,12.0,23.4,1,Beginner
LEARNER_0382,25-34,24.2,100.0,70.4,66.0,1,4,141.8,9,100.0,94.7,100.0,95.7,96.2,94.6,98.1,100.0,89.3,90.5,0,Advanced
LEARNER_0383,25-34,6.5,47.5,30.8,0.0,6,12,71.1,1,60.6,42.8,60.2,41.3,40.6,10.7,27.2,21.8,4.9,33.2,1,Beginner
LEARNER_0384,35+,7.2,33.2,23.0,0.0,5,11,67.8,1,54.4,74.1,55.7,40.7,48.8,52.4,41.8,8.3,0.0,34.1,1,Beginner
LEARNER_0385,25-34,21.9,94.8,84.2,66.5,2,0,132.3,7,67.5,100.0,99.7,71.1,70.0,82.8,74.5,64.1,59.0,79.9,0,Intermediate
LEARNER_0386,25-34,21.2,100.0,94.8,66.3,1,8,142.2,9,100.0,100.0,100.0,94.5,100.0,94.9,78.8,95.3,100.0,94.0,0,Advanced
LEARNER_0387,18-24,16.5,96.9,78.1,63.1,4,8,137.0,8,100.0,81.4,86.1,89.3,87.7,75.2,84.0,67.4,70.6,82.5,0,Advanced
LEARNER_0388,18-24,11.0,80.5,65.1,36.8,3,7,102.0,6,82.7,89.5,81.1,57.4,75.2,67.1,65.1,49.8,63.0,68.3,0,Intermediate
LEARNER_0389,25-34,14.3,92.3,70.3,39.6,4,4,140.3,7,73.9,81.3,81.5,66.8,67.9,77.3,85.0,76.7,73.1,74.8,0,Intermediate
LEARNER_0390,25-34,17.7,87.0,64.2,44.6,3,5,133.1,7,81.1,84.3,85.9,100.0,92.3,60.5,71.0,67.5,56.3,74.4,0,Intermediate
LEARNER_0391,35+,18.8,80.6,68.8,34.0,3,4,100.8,6,98.3,91.3,100.0,66.4,63.8,73.0,65.4,56.5,67.0,72.1,0,Intermediate
LEARNER_0392,18-24,13.2,78.7,58.0,33.0,3,8,129.5,7,85.7,81.0,81.3,75.7,78.2,80.7,70.6,60.2,57.9,69.3,0,Intermediate
LEARNER_0393,18-24,11.6,72.5,52.2,23.7,4,7,99.6,4,81.4,66.8,60.0,59.0,73.4,54.6,58.4,40.7,43.2,57.7,0,Beginner
LEARNER_0394,25-34,12.1,67.0,50.2,12.6,5,7,116.2,6,77.1,71.7,69.9,65.1,76.2,61.6,54.8,38.0,57.6,57.9,0,Beginner
LEARNER_0395,18-24,5.7,57.0,44.6,17.8,6,9,91.3,2,60.7,71.2,50.5,55.2,37.2,67.6,54.0,26.5,30.6,47.9,1,Beginner
LEARNER_0396,35+,16.9,77.8,73.1,31.4,5,10,95.5,4,70.0,75.7,69.0,66.5,50.6,62.6,49.2,55.6,39.3,62.6,0,Intermediate
LEARNER_0397,35+,1.0,40.3,13.8,0.0,7,15,71.1,0,54.1,56.8,38.8,33.3,46.8,35.9,23.3,12.1,31.0,30.8,1,Beginner
LEARNER_0398,18-24,12.1,75.4,42.4,9.3,3,9,77.6,4,78.2,81.3,66.8,76.3,45.4,64.5,74.2,26.5,50.2,57.2,0,Beginner
LEARNER_0399,25-34,13.1,73.3,58.0,33.4,5,9,102.7,5,75.2,60.2,51.0,41.5,33.3,43.0,50.8,37.9,35.6,52.2,1,Beginner
LEARNER_0400,25-34,6.5,51.2,39.8,16.8,5,9,79.5,3,70.7,63.2,64.8,46.2,40.4,54.7,42.2,23.5,36.8,45.4,1,Beginner
LEARNER_0401,18-24,12.3,79.5,70.4,45.7,4,0,135.9,7,65.8,50.2,77.2,66.8,66.4,61.7,64.9,36.8,46.4,63.4,0,Intermediate
LEARNER_0402,35+,17.9,96.6,81.4,51.9,2,4,146.3,9,93.5,88.1,94.1,75.3,97.0,68.6,88.3,73.3,85.8,83.6,0,Advanced
LEARNER_0403,18-24,16.1,85.7,67.8,27.5,4,6,119.4,6,91.9,92.1,85.2,74.4,75.2,73.6,84.5,70.5,62.4,74.1,0,Intermediate
LEARNER_0404,25-34,8.3,44.0,32.3,18.0,5,10,59.0,1,61.1,53.0,45.0,38.2,32.0,29.1,30.8,19.8,12.2,35.1,1,Beginner
LEARNER_0405,18-24,1.0,47.6,39.9,9.5,5,10,52.9,1,58.1,59.4,67.2,42.7,48.7,43.9,49.1,42.6,26.0,43.9,1,Beginner
LEARNER_0406,35+,21.3,98.7,70.6,38.0,4,2,166.2,9,100.0,78.0,100.0,96.6,80.8,75.0,73.0,60.0,61.8,78.5,0,Intermediate
LEARNER_0407,18-24,2.8,68.9,41.4,14.6,3,8,18.5,1,53.0,71.2,66.5,39.6,49.8,55.9,44.8,28.7,34.9,48.4,1,Beginner
LEARNER_0408,18-24,10.1,64.7,58.5,37.5,6,10,142.7,6,63.6,76.7,68.9,67.8,57.0,64.0,59.7,37.9,45.6,58.8,0,Intermediate
LEARNER_0409,35+,13.5,81.1,65.3,37.9,3,7,142.9,8,83.5,88.2,70.2,77.7,55.2,72.9,70.7,46.7,55.1,67.8,0,Intermediate
LEARNER_0410,18-24,8.9,57.2,63.2,33.4,3,9,118.3,5,80.3,49.6,56.1,46.4,39.2,46.5,52.4,35.7,34.0,51.3,1,Beginner
LEARNER_0411,18-24,7.7,75.5,52.2,36.9,4,8,80.7,4,69.6,75.0,79.9,56.8,75.0,55.2,67.6,53.8,47.9,62.1,0,Intermediate
LEARNER_0412,35+,6.7,52.2,40.0,0.0,6,9,71.3,3,56.9,56.8,67.6,34.5,42.2,23.2,28.6,23.6,18.7,38.2,1,Beginner
LEARNER_0413,35+,15.1,77.0,71.6,23.7,5,7,152.4,7,76.4,65.5,69.9,48.2,49.8,53.3,41.5,39.4,36.4,57.7,0,Beginner
LEARNER_0414,25-34,9.5,60.4,46.5,35.1,5,9,119.2,5,78.7,73.9,85.2,52.8,76.1,73.5,64.2,48.9,58.1,60.7,0,Intermediate
LEARNER_0415,25-34,4.6,28.1,2.1,0.0,7,13,43.9,0,53.2,53.1,61.5,28.5,27.5,35.6,51.1,8.1,19.3,27.4,1,Beginner
LEARNER_0416,18-24,12.2,77.9,55.3,30.7,4,8,73.6,4,84.8,87.1,84.3,57.2,67.2,64.8,62.2,57.1,53.9,65.0,0,Intermediate
LEARNER_0417,18-24,13.2,82.9,76.0,24.9,4,7,140.4,6,76.9,59.5,69.5,72.5,62.8,65.4,60.0,56.9,54.4,65.9,0,Intermediate
LEARNER_0418,18-24,14.8,74.2,53.8,28.1,3,10,101.0,4,89.9,95.8,83.0,75.8,67.3,70.2,66.5,71.9,57.3,67.9,0,Intermediate
LEARNER_0419,25-34,11.2,56.3,42.0,20.5,6,14,93.2,5,88.0,81.6,70.9,71.9,66.4,79.1,61.2,58.8,47.2,59.0,1,Intermediate
LEARNER_0420,25-34,20.3,100.0,94.4,57.6,1,2,137.5,9,93.8,91.0,91.5,88.5,82.3,93.7,85.3,75.5,63.5,86.7,0,Advanced
LEARNER_0421,25-34,18.0,83.0,65.2,28.9,4,0,142.0,6,78.8,83.8,79.1,65.3,52.8,71.7,75.2,52.7,58.4,67.2,0,Intermediate
LEARNER_0422,25-34,9.3,58.4,46.0,8.8,5,11,109.3,5,71.6,58.2,83.3,66.8,56.6,61.2,58.8,39.5,39.5,53.1,1,Beginner
LEARNER_0423,18-24,14.8,71.8,62.3,53.0,5,7,124.1,6,80.4,71.1,66.0,59.1,53.3,53.6,57.5,42.2,52.1,61.4,0,Intermediate
LEARNER_0424,18-24,10.8,75.0,75.2,59.8,3,4,140.6,8,82.0,80.6,85.4,71.5,72.0,76.0,92.7,59.1,67.2,74.6,0,Intermediate
LEARNER_0425,18-24,9.4,74.0,75.5,27.8,2,4,62.5,4,75.6,86.5,87.4,68.8,73.8,65.8,63.4,38.3,45.2,66.5,0,Intermediate
LEARNER_0426,18-24,13.6,72.1,64.9,47.1,4,6,86.5,5,85.1,75.1,81.6,52.1,60.4,67.5,58.0,47.8,37.8,63.4,0,Intermediate
LEARNER_0427,18-24,12.9,68.2,59.2,19.0,5,9,97.6,3,78.7,70.2,73.2,75.5,41.4,54.7,62.1,47.0,34.5,57.7,0,Beginner
LEARNER_0428,35+,9.8,42.9,36.7,12.9,6,8,100.9,5,55.0,62.3,71.7,51.6,50.4,55.0,47.6,41.3,37.2,45.2,1,Beginner
LEARNER_0429,18-24,4.0,41.2,25.5,0.0,4,7,80.0,3,58.2,62.1,68.6,40.7,32.9,61.2,52.9,12.6,17.8,37.8,1,Beginner
LEARNER_0430,18-24,20.7,99.9,87.4,55.3,3,5,169.6,9,90.5,100.0,87.3,100.0,94.7,89.4,83.0,82.4,94.8,89.2,0,Advanced
LEARNER_0431,18-24,2.0,46.1,37.5,15.2,8,13,91.6,3,57.6,68.0,49.0,49.4,40.9,49.6,53.5,16.4,3.2,40.4,1,Beginner
LEARNER_0432,25-34,10.3,59.1,32.8,10.6,4,9,50.9,2,69.9,66.0,66.6,51.2,64.6,47.1,52.5,33.6,43.1,48.5,1,Beginner
LEARNER_0433,25-34,11.1,68.7,57.8,17.4,4,6,136.6,6,71.7,71.8,49.1,51.5,59.8,56.8,60.8,42.0,40.0,55.2,0,Beginner
LEARNER_0434,18-24,15.1,77.5,76.7,35.6,3,4,165.4,9,84.8,90.4,95.6,64.3,75.1,83.8,91.5,71.1,69.6,75.9,0,Advanced
LEARNER_0435,18-24,9.1,68.2,58.8,18.4,4,6,99.6,5,56.2,75.5,81.2,52.8,63.0,60.2,48.2,62.0,15.4,56.1,0,Beginner
LEARNER_0436,25-34,19.0,100.0,91.0,43.2,3,4,173.4,9,82.3,98.9,86.5,86.1,78.8,95.3,92.2,82.5,83.2,86.4,0,Advanced
LEARNER_0437,18-24,7.3,73.7,49.5,18.1,4,10,61.5,1,74.1,75.8,64.0,54.8,51.5,44.1,40.0,36.2,26.3,52.3,1,Beginner
LEARNER_0438,25-34,13.2,76.4,56.8,20.4,5,3,118.2,5,56.4,77.3,77.8,76.2,63.6,62.6,58.1,59.0,49.5,61.6,0,Intermediate
LEARNER_0439,25-34,14.1,66.0,44.5,11.5,4,7,66.2,3,74.5,70.1,65.4,47.7,54.8,50.3,42.2,29.7,29.9,49.6,1,Beginner
LEARNER_0440,18-24,22.0,100.0,77.4,72.5,1,0,138.0,9,100.0,97.7,100.0,85.2,100.0,100.0,100.0,81.9,94.2,91.5,0,Advanced
LEARNER_0441,18-24,5.0,34.4,37.9,17.9,7,9,74.4,1,71.3,53.4,65.2,51.5,49.4,44.4,43.3,34.7,29.4,42.5,1,Beginner
LEARNER_0442,35+,11.6,84.8,72.0,38.8,1,5,110.7,7,77.1,76.6,77.3,78.4,74.3,77.2,65.6,62.3,61.3,71.5,0,Intermediate
LEARNER_0443,18-24,17.4,88.4,78.2,44.7,3,6,170.3,9,66.1,82.0,90.2,79.3,79.5,66.8,73.3,58.7,67.2,74.4,0,Intermediate
LEARNER_0444,18-24,13.5,90.3,67.7,54.9,7,9,142.6,7,83.4,66.7,83.5,67.3,73.0,59.5,73.4,58.5,58.3,71.2,0,Intermediate
LEARNER_0445,25-34,9.1,59.9,74.4,40.0,4,10,89.1,5,83.0,79.7,67.9,67.4,49.9,61.5,64.4,54.2,47.6,63.1,0,Intermediate
LEARNER_0446,35+,15.3,78.9,50.8,21.2,3,5,86.2,4,80.8,51.3,84.1,87.4,73.5,59.3,68.7,52.2,36.7,62.0,0,Intermediate
LEARNER_0447,35+,16.5,91.9,66.7,21.0,4,4,101.1,5,70.2,97.2,64.7,63.6,77.1,67.0,77.3,37.2,42.9,66.9,0,Intermediate
LEARNER_0448,25-34,9.5,73.3,65.3,34.7,4,11,114.5,6,73.9,85.3,72.5,49.2,57.8,59.4,59.5,47.0,52.2,62.1,0,Intermediate
LEARNER_0449,18-24,11.2,90.4,83.0,58.6,3,4,122.8,8,82.3,84.5,94.3,72.7,74.5,74.7,73.3,65.9,74.0,78.8,0,Advanced
LEARNER_0450,18-24,26.1,100.0,94.7,63.8,2,5,151.2,9,95.0,100.0,95.7,100.0,100.0,96.8,100.0,100.0,98.0,95.3,0,Advanced
LEARNER_0451,25-34,7.2,51.4,54.3,24.2,4,9,76.4,3,76.0,70.7,70.8,40.2,57.5,53.3,43.9,45.1,32.7,51.5,1,Beginner
LEARNER_0452,25-34,7.5,59.9,40.0,3.0,7,7,63.8,0,49.0,53.8,62.9,41.4,38.5,37.6,34.7,31.2,27.9,41.4,1,Beginner
LEARNER_0453,18-24,5.6,63.9,38.9,16.9,4,3,77.8,3,66.8,75.5,67.1,63.6,50.6,59.0,68.6,37.3,36.9,52.8,1,Beginner
LEARNER_0454,35+,27.6,100.0,84.9,45.9,2,2,149.4,9,97.1,100.0,100.0,100.0,100.0,100.0,100.0,93.3,100.0,92.6,0,Advanced
LEARNER_0455,18-24,4.3,45.4,32.7,6.3,4,11,61.1,1,53.4,64.6,64.1,59.6,53.6,56.0,39.5,40.8,29.8,43.8,1,Beginner
LEARNER_0456,18-24,22.4,99.3,100.0,75.1,3,6,143.3,9,95.8,96.1,90.3,95.1,94.0,89.8,76.3,76.0,94.3,91.7,0,Advanced
LEARNER_0457,18-24,20.4,100.0,75.8,49.0,2,5,157.4,9,100.0,84.6,100.0,71.5,91.6,100.0,89.2,69.4,69.4,83.8,0,Advanced
LEARNER_0458,18-24,6.4,59.4,51.3,20.6,5,7,49.9,2,66.9,68.7,62.3,60.5,51.0,54.4,62.3,41.2,51.0,53.9,1,Beginner
LEARNER_0459,18-24,13.6,94.6,79.2,38.5,2,7,110.9,7,69.8,83.1,89.9,76.7,79.1,66.7,80.1,55.0,56.5,74.7,0,Intermediate
LEARNER_0460,18-24,22.2,100.0,93.7,66.4,1,0,128.4,9,100.0,95.6,91.4,90.1,88.6,100.0,88.9,94.9,77.5,91.4,0,Advanced
LEARNER_0461,18-24,10.4,54.7,44.0,16.3,5,10,109.4,4,83.9,68.7,61.8,42.1,52.2,59.2,72.0,42.8,42.0,52.1,1,Beginner
LEARNER_0462,25-34,12.7,78.4,64.3,21.7,4,6,151.2,8,67.4,81.7,73.4,52.5,57.3,66.7,57.9,45.2,38.4,60.6,0,Intermediate
LEARNER_0463,25-34,15.0,64.1,50.5,31.4,4,7,61.8,2,64.2,65.2,73.2,43.4,38.7,57.4,51.6,33.4,35.8,51.7,1,Beginner
LEARNER_0464,25-34,2.2,56.4,48.1,22.3,5,12,71.7,3,66.9,64.6,70.2,29.6,44.3,50.7,25.2,40.4,21.8,46.1,1,Beginner
LEARNER_0465,35+,13.6,66.3,59.6,17.9,5,7,96.4,4,80.2,77.6,79.7,51.6,57.1,55.9,48.0,37.9,29.4,56.1,0,Beginner
LEARNER_0466,18-24,6.2,40.8,33.4,8.9,5,8,75.8,3,56.2,59.7,83.9,36.0,45.1,33.6,49.2,20.3,27.4,40.0,1,Beginner
LEARNER_0467,18-24,9.5,74.3,57.8,34.1,4,7,126.6,6,64.7,77.1,77.4,83.5,74.7,65.5,75.1,42.3,41.5,64.0,0,Intermediate
LEARNER_0468,35+,4.2,72.2,36.8,16.5,5,7,58.1,2,70.8,65.0,60.5,48.3,47.6,39.1,43.0,32.0,26.5,47.6,1,Beginner
LEARNER_0469,18-24,12.6,82.0,73.8,24.0,2,11,122.0,6,84.2,87.7,81.4,76.1,69.6,64.3,69.4,44.9,41.7,68.1,0,Intermediate
LEARNER_0470,35+,7.0,46.9,31.5,9.3,4,10,11.9,0,56.4,54.3,54.2,24.6,43.4,31.3,45.5,25.1,12.9,36.5,1,Beginner
LEARNER_0471,18-24,13.3,88.1,66.1,31.2,4,5,127.3,7,74.5,89.2,86.4,63.1,86.0,70.2,67.4,40.2,65.1,70.0,0,Intermediate
LEARNER_0472,35+,20.7,95.5,77.0,43.6,2,1,156.1,8,93.0,84.2,74.6,76.1,76.5,78.0,57.1,63.6,57.9,75.2,0,Intermediate
LEARNER_0473,18-24,1.0,37.4,21.7,14.7,7,8,65.8,1,55.3,44.2,70.0,22.8,21.7,33.9,32.1,13.0,2.3,30.3,1,Beginner
LEARNER_0474,35+,13.8,74.0,53.5,33.2,5,6,129.2,7,73.3,84.9,86.3,64.6,74.8,70.3,74.1,58.2,57.0,66.0,0,Intermediate
LEARNER_0475,18-24,14.4,96.6,75.4,46.5,3,4,146.6,8,90.1,87.3,76.3,79.9,96.6,76.8,74.1,66.8,69.6,79.1,0,Advanced
LEARNER_0476,35+,7.0,59.7,32.7,0.0,7,13,80.3,2,49.7,65.4,54.8,40.8,40.1,40.6,40.6,29.1,41.6,41.6,1,Beginner
LEARNER_0477,18-24,23.0,100.0,83.7,71.1,2,5,141.0,9,100.0,73.2,100.0,100.0,95.5,96.1,79.5,74.4,80.2,88.3,0,Advanced
LEARNER_0478,25-34,12.8,91.5,64.0,24.1,4,6,93.8,5,77.9,80.1,89.4,71.7,78.5,77.2,48.1,56.2,59.1,69.4,0,Intermediate
LEARNER_0479,35+,1.0,54.6,31.7,0.0,4,8,125.2,4,63.1,62.9,56.4,54.6,58.9,41.5,58.9,39.1,41.4,45.6,1,Beginner
LEARNER_0480,18-24,12.3,67.8,77.9,35.4,7,10,158.0,7,74.1,65.8,80.0,65.4,62.1,48.9,61.1,50.6,54.3,63.6,0,Intermediate
LEARNER_0481,25-34,16.1,93.2,83.9,60.3,5,5,106.9,6,82.0,77.3,66.1,75.8,65.3,65.1,83.7,53.8,61.0,75.2,0,Intermediate
LEARNER_0482,25-34,13.6,75.0,56.8,36.1,4,10,139.9,6,83.1,71.3,75.2,62.6,62.6,71.6,70.1,59.1,48.2,64.2,0,Intermediate
LEARNER_0483,18-24,18.4,93.1,76.0,42.0,4,5,129.3,6,86.2,81.1,90.4,68.1,74.3,80.3,67.8,59.5,75.0,75.9,0,Intermediate
LEARNER_0484,25-34,4.2,52.5,46.8,17.0,6,10,98.8,4,62.7,53.0,59.5,48.6,54.5,39.9,46.6,35.5,28.8,45.9,1,Beginner
LEARNER_0485,25-34,14.9,79.0,77.9,35.2,4,2,125.8,7,83.1,79.6,65.0,74.0,67.4,67.2,69.2,63.6,47.9,69.1,0,Intermediate
LEARNER_0486,35+,8.5,54.0,37.9,6.1,5,9,108.1,4,61.2,69.0,59.2,48.4,36.3,54.1,47.1,28.7,14.6,43.1,1,Beginner
LEARNER_0487,18-24,6.1,70.2,59.9,29.5,5,10,82.0,3,70.3,75.9,68.8,58.3,64.7,63.5,62.8,54.7,32.0,59.9,0,Beginner
LEARNER_0488,18-24,8.4,44.2,31.1,15.2,5,8,61.9,3,63.2,70.6,69.2,53.7,54.4,58.9,56.4,31.5,36.5,46.2,1,Beginner
LEARNER_0489,35+,6.8,51.6,29.3,16.0,5,8,106.4,3,65.0,74.9,59.1,48.7,53.3,58.2,47.9,39.6,14.5,45.0,1,Beginner
LEARNER_0490,35+,17.9,100.0,92.8,63.2,2,5,145.8,9,93.9,99.7,83.7,82.0,75.1,74.5,73.8,74.4,72.7,84.6,0,Advanced
LEARNER_0491,18-24,18.5,95.2,91.4,53.4,1,0,145.9,8,85.2,100.0,71.9,75.7,78.0,77.9,78.9,60.2,68.2,80.5,0,Intermediate
LEARNER_0492,25-34,13.6,81.4,87.5,56.5,4,8,137.3,6,79.2,78.3,83.7,70.3,79.3,72.0,73.4,62.6,78.1,76.7,0,Intermediate
LEARNER_0493,18-24,4.5,42.7,25.0,0.7,6,10,81.0,3,77.6,56.1,60.6,55.3,33.5,45.4,34.9,28.2,11.5,37.8,1,Beginner
LEARNER_0494,18-24,10.5,61.1,57.3,15.7,4,7,119.4,5,78.7,77.5,61.7,57.7,40.2,64.3,46.2,46.3,34.5,54.0,1,Beginner
LEARNER_0495,18-24,14.8,80.9,66.3,41.7,4,4,129.2,7,83.5,95.2,91.1,82.5,93.5,84.7,85.0,71.2,71.2,77.4,0,Advanced
LEARNER_0496,18-24,9.5,74.0,71.7,38.0,3,7,106.6,7,81.3,82.9,84.9,52.7,68.4,40.8,61.0,44.7,49.3,64.1,0,Intermediate
LEARNER_0497,25-34,25.6,100.0,75.2,69.0,1,7,137.9,9,100.0,100.0,100.0,96.6,100.0,88.6,97.8,99.6,90.0,91.7,0,Advanced
LEARNER_0498,18-24,10.5,72.5,51.4,28.0,3,8,118.8,6,82.9,79.8,81.9,66.4,59.7,50.8,65.4,45.4,55.2,61.2,0,Intermediate
LEARNER_0499,35+,15.0,79.4,59.4,20.7,4,5,116.4,6,78.4,80.7,79.5,58.4,71.0,66.5,77.2,63.5,41.8,65.0,0,Intermediate
LEARNER_0500,35+,11.8,72.4,59.1,27.0,5,10,111.3,5,80.8,63.4,61.7,57.2,59.3,59.0,67.1,40.0,44.7,58.7,0,Intermediate
LEARNER_0501,25-34,7.5,87.7,59.5,32.1,3,4,97.7,4,79.4,93.7,93.1,60.7,51.5,66.4,54.2,52.6,32.1,65.0,0,Intermediate
LEARNER_0502,18-24,9.2,59.5,56.0,28.1,6,12,124.3,5,72.7,70.5,69.4,60.2,71.0,51.9,55.3,49.4,44.7,57.1,1,Beginner
LEARNER_0503,18-24,19.1,99.0,82.6,56.7,5,7,104.9,5,91.8,81.0,88.7,74.3,74.6,78.7,80.1,66.9,57.4,79.8,0,Intermediate
LEARNER_0504,25-34,13.8,97.2,87.1,62.3,3,0,152.4,8,88.3,83.7,92.6,69.7,74.1,83.0,82.1,55.9,75.3,81.5,0,Intermediate
LEARNER_0505,25-34,6.7,53.1,47.8,10.7,6,8,65.4,1,66.5,60.4,64.5,46.2,46.4,39.4,49.1,38.9,46.3,47.5,1,Beginner
LEARNER_0506,18-24,6.7,51.8,46.4,4.3,5,11,69.7,4,61.5,53.2,63.9,41.3,24.6,29.0,31.6,23.8,18.7,39.2,1,Beginner
LEARNER_0507,35+,5.2,38.4,13.3,0.0,7,12,61.1,0,52.2,48.8,54.9,42.1,37.4,32.6,27.2,6.2,22.4,29.9,1,Beginner
LEARNER_0508,25-34,13.8,85.0,79.9,51.3,4,4,126.7,6,81.2,70.2,69.8,72.2,72.2,84.5,66.0,52.2,55.6,72.1,0,Intermediate
LEARNER_0509,35+,4.7,62.8,38.8,21.4,6,8,78.2,2,57.1,55.5,59.1,39.1,42.8,57.9,46.6,23.3,18.2,44.6,1,Beginner
LEARNER_0510,25-34,5.5,41.3,32.1,0.0,7,8,66.7,0,43.2,64.8,44.3,30.7,37.8,32.1,41.2,0.0,18.9,32.6,1,Beginner
LEARNER_0511,25-34,19.2,89.7,90.4,46.9,1,3,119.9,8,71.7,85.5,76.0,81.9,57.1,62.4,62.7,69.5,59.9,74.3,0,Intermediate
LEARNER_0512,18-24,27.4,100.0,90.7,83.5,1,7,147.0,9,93.8,100.0,94.5,100.0,97.1,100.0,93.7,100.0,97.9,95.7,0,Advanced
LEARNER_0513,35+,12.2,64.3,47.6,28.3,3,8,110.2,7,67.9,84.3,83.9,66.3,55.1,58.3,61.0,51.5,53.4,58.9,0,Intermediate
LEARNER_0514,35+,13.8,87.2,66.0,45.3,2,9,125.9,7,83.7,99.7,97.9,81.2,73.2,69.3,83.7,63.0,67.0,76.0,0,Intermediate
LEARNER_0515,18-24,9.9,82.6,72.1,26.2,4,8,115.4,4,76.8,61.8,83.8,74.8,63.8,46.2,51.7,48.1,49.1,63.9,0,Intermediate
LEARNER_0516,18-24,13.1,63.3,48.6,29.4,4,10,80.1,4,71.6,64.0,84.0,69.0,63.9,61.2,72.0,52.1,35.4,58.5,0,Intermediate
LEARNER_0517,18-24,17.9,85.7,79.1,40.4,2,8,141.9,9,67.2,79.6,83.3,81.2,73.9,71.7,75.3,80.4,64.2,74.7,0,Intermediate
LEARNER_0518,25-34,14.8,73.4,62.1,17.9,3,7,75.5,4,84.1,67.8,66.4,65.9,50.3,58.1,51.5,37.6,47.2,58.4,0,Intermediate
LEARNER_0519,35+,15.3,74.4,65.2,32.2,3,6,100.6,5,86.9,75.8,72.0,57.6,79.8,47.9,53.5,44.4,52.4,62.9,0,Intermediate
LEARNER_0520,18-24,9.1,71.6,66.2,31.0,5,10,132.2,7,82.4,75.3,84.0,55.1,86.4,68.5,72.8,66.8,61.7,68.1,0,Intermediate
LEARNER_0521,25-34,11.8,61.5,47.2,14.9,4,11,97.1,4,82.2,68.7,68.8,52.6,52.5,31.9,49.9,20.3,37.7,49.6,1,Beginner
LEARNER_0522,18-24,14.0,81.5,64.4,29.2,2,4,116.2,6,79.1,87.2,86.3,78.4,71.8,86.6,79.2,59.8,60.8,71.6,0,Intermediate
LEARNER_0523,35+,10.0,63.6,60.0,36.9,4,6,113.4,5,88.0,67.1,83.3,54.8,71.0,63.4,52.0,42.5,33.9,59.8,0,Intermediate
LEARNER_0524,25-34,9.0,65.8,49.9,27.5,5,9,48.8,2,58.2,48.5,69.2,56.5,38.3,47.7,47.4,20.4,31.6,48.6,1,Beginner
LEARNER_0525,25-34,20.7,80.5,70.2,22.9,4,8,163.9,8,83.3,73.5,74.7,55.7,67.9,75.1,66.7,67.6,54.5,67.2,0,Intermediate
LEARNER_0526,18-24,16.8,53.8,55.9,27.8,2,8,102.2,5,54.0,59.8,58.8,43.3,42.1,39.8,46.8,36.9,32.7,47.4,1,Beginner
LEARNER_0527,18-24,14.0,72.2,60.3,23.1,5,5,140.0,6,75.5,73.4,80.8,58.6,53.2,63.0,57.1,44.0,42.8,59.6,0,Intermediate
LEARNER_0528,18-24,11.4,79.1,58.6,36.9,5,11,134.5,6,78.0,65.9,83.2,48.8,59.6,68.2,49.6,58.1,42.9,61.9,0,Intermediate
LEARNER_0529,18-24,19.0,95.1,78.0,49.2,2,2,153.6,9,86.8,84.1,92.4,91.3,72.5,54.6,100.0,81.3,78.1,81.0,0,Advanced
LEARNER_0530,35+,17.0,82.5,62.7,36.4,2,4,133.4,7,86.4,71.6,95.9,58.7,69.7,66.0,58.7,56.6,58.7,67.6,0,Intermediate
LEARNER_0531,25-34,10.9,73.7,54.0,25.1,4,5,115.1,4,75.5,73.7,87.8,56.9,61.8,61.4,63.1,43.9,41.9,60.2,0,Intermediate
LEARNER_0532,35+,21.5,82.2,83.2,60.7,2,10,124.6,8,80.6,76.2,88.3,82.3,70.1,73.5,60.9,82.4,64.5,76.6,0,Advanced
LEARNER_0533,35+,19.6,100.0,80.6,43.0,3,4,171.9,9,87.1,84.9,85.0,89.4,81.3,95.9,68.3,81.6,86.8,83.0,0,Advanced
LEARNER_0534,25-34,16.3,89.1,73.0,47.5,1,1,97.0,6,88.2,71.2,71.2,62.1,69.1,61.9,71.7,61.2,61.5,70.9,0,Intermediate
LEARNER_0535,25-34,14.0,73.5,53.8,36.9,3,8,97.4,5,69.9,73.9,72.0,67.6,68.6,57.2,63.6,59.1,53.0,62.3,0,Intermediate
LEARNER_0536,35+,6.7,57.7,41.5,14.1,7,12,82.6,3,66.6,52.3,65.3,43.3,39.8,25.7,51.1,24.2,15.7,42.6,1,Beginner
LEARNER_0537,25-34,9.2,48.5,26.0,23.3,4,8,73.6,3,72.0,69.5,76.8,63.6,51.6,57.0,48.2,22.7,34.9,46.9,1,Beginner
LEARNER_0538,18-24,8.6,75.2,52.4,18.4,6,10,81.0,3,58.0,74.6,74.7,60.3,61.8,55.1,55.9,42.5,60.4,58.1,0,Beginner
LEARNER_0539,18-24,7.3,62.8,51.1,28.1,5,7,109.4,5,76.7,67.1,77.0,51.1,56.8,48.7,44.7,44.1,29.5,53.5,1,Beginner
LEARNER_0540,18-24,7.8,66.1,65.0,29.7,2,5,107.8,7,89.2,66.4,70.8,52.2,70.1,58.6,71.0,28.3,34.8,59.4,0,Intermediate
LEARNER_0541,35+,13.6,76.6,65.7,44.5,5,3,124.6,6,77.7,78.7,80.7,57.0,54.0,68.0,70.3,46.8,50.5,65.2,0,Intermediate
LEARNER_0542,25-34,17.0,85.8,59.9,35.2,3,2,109.1,6,86.1,86.9,87.9,63.9,66.7,73.3,60.5,69.7,65.6,70.2,0,Intermediate
LEARNER_0543,18-24,13.0,82.9,67.4,29.5,4,10,78.2,3,82.5,75.3,58.3,71.8,75.0,82.1,61.2,42.5,45.9,66.0,0,Beginner
LEARNER_0544,25-34,19.5,80.4,70.9,52.1,4,10,117.6,7,78.6,93.7,77.5,69.9,67.7,73.4,70.9,70.1,49.3,71.8,0,Intermediate
LEARNER_0545,25-34,12.3,70.5,64.9,28.7,4,7,119.7,7,77.2,79.5,83.4,67.6,40.5,59.3,60.3,60.6,48.4,62.4,0,Intermediate
LEARNER_0546,18-24,4.1,45.9,30.5,0.0,7,15,75.3,1,40.8,58.6,53.5,42.5,28.8,25.9,36.6,8.0,13.3,32.8,1,Beginner
LEARNER_0547,18-24,4.0,49.9,34.8,3.4,6,10,83.4,3,64.8,64.8,54.2,28.1,48.1,43.8,53.6,24.7,26.0,41.0,1,Beginner
LEARNER_0548,25-34,10.1,77.2,60.1,34.2,5,7,112.9,4,77.3,78.7,53.8,69.9,38.8,47.7,58.2,42.8,50.0,59.2,0,Intermediate
LEARNER_0549,18-24,8.0,65.2,45.9,23.4,4,8,49.7,1,64.6,54.1,57.6,43.1,53.3,43.0,40.4,45.1,33.1,48.6,1,Beginner
LEARNER_0550,25-34,17.5,85.2,61.1,37.5,3,5,151.3,8,90.7,78.5,81.6,75.1,65.9,77.9,83.6,75.0,61.9,72.4,0,Intermediate
LEARNER_0551,18-24,18.8,100.0,82.7,68.5,5,5,180.0,9,87.2,96.2,86.3,79.9,89.1,81.6,94.0,79.6,78.4,86.2,0,Advanced
LEARNER_0552,35+,17.9,89.5,69.7,34.8,3,7,110.3,6,85.4,92.4,90.8,75.5,79.7,75.0,82.1,67.5,79.0,76.7,0,Intermediate
LEARNER_0553,25-34,6.4,72.2,63.4,25.6,7,10,139.1,6,87.6,76.5,76.5,62.5,48.3,70.7,45.6,44.7,36.9,60.4,0,Intermediate
LEARNER_0554,25-34,18.4,100.0,96.5,60.6,4,6,177.5,9,91.7,100.0,98.3,100.0,77.3,74.4,88.6,79.8,70.2,88.3,0,Advanced
LEARNER_0555,35+,15.4,82.9,67.6,34.3,4,8,158.1,8,78.4,65.4,57.9,72.4,56.9,47.8,70.0,41.0,48.8,62.7,0,Intermediate
LEARNER_0556,18-24,12.0,65.0,44.0,19.4,5,9,82.8,3,70.4,63.2,60.4,66.7,65.3,47.4,34.6,41.9,37.3,51.5,1,Beginner
LEARNER_0557,18-24,10.4,52.5,33.4,16.8,5,7,86.7,2,61.1,69.5,65.2,50.6,51.0,39.9,54.2,46.3,29.3,46.2,1,Beginner
LEARNER_0558,18-24,10.6,72.5,49.1,17.5,3,3,81.5,4,84.4,65.6,75.9,52.4,53.0,60.3,53.8,27.6,56.6,56.2,0,Beginner
LEARNER_0559,25-34,10.1,52.8,43.9,19.3,4,9,107.4,5,66.1,97.4,74.3,49.5,48.3,52.9,54.0,46.8,57.6,53.5,1,Beginner
LEARNER_0560,25-34,10.9,74.1,74.6,38.6,5,7,160.3,8,68.0,81.2,80.8,60.8,74.3,63.0,57.5,62.4,48.6,66.7,0,Intermediate
LEARNER_0561,25-34,14.9,85.9,64.1,25.3,3,5,117.8,7,73.3,76.3,73.9,48.1,76.3,73.8,63.4,46.7,51.9,64.9,0,Intermediate
LEARNER_0562,18-24,13.3,77.0,64.6,31.3,4,7,107.9,5,59.0,70.9,72.4,56.2,71.5,56.5,73.2,61.6,46.6,63.0,0,Intermediate
LEARNER_0563,18-24,15.7,97.8,60.1,33.1,4,10,123.8,5,75.0,76.4,74.4,64.5,72.9,75.2,65.4,51.2,65.6,69.3,0,Intermediate
LEARNER_0564,18-24,16.4,100.0,82.5,51.7,2,0,156.3,9,81.5,89.5,95.4,79.6,83.4,93.1,88.8,75.3,82.3,84.6,0,Advanced
LEARNER_0565,18-24,10.3,82.9,65.1,42.3,2,0,106.4,6,91.3,87.3,79.0,78.2,67.5,73.5,70.7,64.5,52.8,71.4,0,Intermediate
LEARNER_0566,25-34,7.9,49.2,54.9,13.3,5,10,98.1,4,51.8,53.5,64.0,41.1,36.3,44.1,44.3,15.8,22.1,42.6,1,Beginner
LEARNER_0567,18-24,1.0,27.2,14.1,0.0,6,11,52.0,0,51.5,42.2,46.0,21.0,15.7,19.2,21.2,0.0,0.0,21.1,1,Beginner
LEARNER_0568,18-24,14.1,79.2,56.9,49.2,2,5,160.0,9,97.4,97.0,85.9,72.3,62.3,84.3,79.8,72.3,80.8,74.5,0,Intermediate
LEARNER_0569,35+,7.2,43.7,19.2,0.0,5,11,92.3,3,64.8,69.7,53.3,24.4,48.6,27.6,40.2,27.5,24.2,35.4,1,Beginner
LEARNER_0570,18-24,9.7,65.5,51.6,17.1,6,12,104.0,4,70.6,74.3,61.5,53.8,52.8,45.2,63.5,43.0,36.9,53.5,1,Beginner
LEARNER_0571,18-24,9.3,40.6,35.3,31.0,4,6,65.9,2,62.1,50.2,55.8,35.5,52.8,40.1,22.7,13.7,22.7,38.3,1,Beginner
LEARNER_0572,25-34,4.8,42.1,28.3,0.0,6,10,53.8,0,41.2,57.7,50.7,36.9,40.2,26.1,21.8,15.2,9.6,31.2,1,Beginner
LEARNER_0573,18-24,16.8,84.8,73.2,29.8,3,6,116.9,7,80.4,93.9,62.5,77.9,75.1,66.5,74.0,62.2,63.0,71.4,0,Intermediate
LEARNER_0574,25-34,11.7,74.0,74.7,51.6,4,8,139.0,7,77.2,95.1,82.5,81.7,79.0,72.4,57.8,61.4,71.5,73.2,0,Intermediate
LEARNER_0575,35+,12.8,69.4,46.3,0.0,6,13,67.1,3,73.6,74.0,75.5,58.8,47.9,58.5,48.5,51.4,27.3,52.9,1,Beginner
LEARNER_0576,35+,1.0,31.9,26.3,0.0,8,15,69.8,0,64.5,55.3,48.4,19.5,35.4,17.3,20.1,0.0,10.9,27.4,1,Beginner
LEARNER_0577,18-24,8.2,65.0,37.9,32.8,5,8,107.9,4,72.4,68.9,64.5,49.1,53.6,46.7,46.6,19.3,49.9,50.5,1,Beginner
LEARNER_0578,35+,14.4,80.1,52.8,16.4,3,4,93.0,4,63.8,84.7,80.1,62.3,70.7,65.5,62.7,50.0,48.8,61.8,0,Intermediate
LEARNER_0579,18-24,1.0,47.8,20.2,0.0,5,9,65.3,2,54.4,51.8,52.8,26.3,33.1,32.2,40.5,24.1,19.0,33.2,1,Beginner
LEARNER_0580,18-24,14.1,83.8,63.1,19.9,6,6,126.7,5,78.2,79.5,78.4,72.9,57.5,57.5,73.0,43.2,65.4,65.5,0,Intermediate
LEARNER_0581,18-24,8.8,74.0,53.0,34.4,3,7,86.1,3,75.5,85.5,87.1,60.4,65.6,48.9,54.1,39.8,57.6,61.4,0,Beginner
LEARNER_0582,35+,10.8,76.6,58.9,45.4,4,7,109.0,4,76.1,77.2,89.7,61.3,73.0,71.8,66.7,67.2,56.9,68.0,0,Intermediate
LEARNER_0583,18-24,8.0,75.1,54.6,23.9,5,5,84.6,3,78.4,69.5,80.6,57.3,57.6,59.4,58.1,54.1,56.9,60.8,0,Beginner
LEARNER_0584,18-24,10.5,67.2,35.9,14.4,5,7,56.7,1,53.4,64.1,59.4,39.5,34.9,54.2,27.1,31.6,52.5,45.4,1,Beginner
LEARNER_0585,25-34,16.1,91.7,74.5,61.7,4,7,150.3,7,81.8,87.5,95.4,81.5,71.0,69.6,82.3,78.2,72.8,79.5,0,Advanced
LEARNER_0586,18-24,15.8,89.9,66.0,47.5,5,7,142.0,8,78.3,78.3,59.6,68.0,69.0,55.1,66.9,41.4,39.8,65.8,0,Intermediate
LEARNER_0587,18-24,10.3,69.2,64.4,29.7,6,10,104.1,4,66.5,71.0,72.7,58.8,56.7,76.1,69.7,44.4,48.8,61.4,0,Intermediate
LEARNER_0588,18-24,2.2,53.0,38.4,0.0,5,10,101.0,3,68.1,77.5,68.5,29.0,44.4,39.6,40.1,35.8,31.3,43.6,1,Beginner
LEARNER_0589,18-24,6.4,58.8,43.4,9.9,3,10,95.7,4,58.7,59.4,75.6,53.4,66.5,53.0,44.9,28.4,34.9,48.8,1,Beginner
LEARNER_0590,18-24,11.3,62.3,62.1,18.4,5,9,104.4,4,78.5,74.4,69.7,46.6,38.9,38.1,48.0,13.2,33.8,50.8,1,Beginner
LEARNER_0591,18-24,10.7,58.8,40.3,16.1,4,7,88.9,5,66.7,66.8,75.3,57.4,53.4,48.4,65.9,41.1,34.5,51.1,1,Beginner
LEARNER_0592,25-34,18.9,100.0,75.0,52.9,2,1,135.4,8,93.8,81.2,94.0,84.4,83.2,100.0,90.6,89.7,76.9,85.2,0,Advanced
LEARNER_0593,18-24,5.6,41.3,28.0,10.4,5,11,92.9,4,61.2,60.4,62.8,41.8,53.0,41.4,42.4,22.6,26.6,39.4,1,Beginner
LEARNER_0594,18-24,5.4,46.1,36.1,13.4,4,4,81.0,3,51.1,53.6,48.0,36.7,52.1,37.3,45.3,22.6,1.7,37.5,1,Beginner
LEARNER_0595,35+,22.7,100.0,84.5,55.4,3,4,119.3,7,93.8,83.8,85.9,85.3,91.6,72.0,79.6,61.3,84.6,83.1,0,Intermediate
LEARNER_0596,18-24,15.3,78.6,65.1,40.3,6,8,95.7,4,77.1,59.0,73.0,62.0,64.9,61.5,56.9,46.3,27.7,61.4,0,Intermediate
LEARNER_0597,25-34,7.6,44.4,56.2,24.6,5,7,60.2,3,74.7,66.9,68.4,47.9,46.7,60.6,64.4,39.8,20.8,50.7,1,Beginner
LEARNER_0598,18-24,13.2,100.0,60.0,41.0,3,2,128.7,6,93.8,95.3,72.9,74.7,94.2,87.8,77.1,58.0,64.8,76.8,0,Intermediate
LEARNER_0599,18-24,7.7,64.1,55.3,29.8,5,10,95.2,4,66.4,72.4,71.4,63.4,54.5,57.7,42.2,42.8,38.2,55.4,0,Beginner
LEARNER_0600,18-24,21.9,100.0,82.5,60.2,2,4,152.9,9,95.7,97.4,100.0,95.7,98.0,82.2,85.9,83.6,95.1,89.6,0,Advanced
LEARNER_0601,18-24,12.5,86.3,74.1,62.3,4,6,167.0,9,100.0,87.0,82.5,79.5,72.0,75.4,65.3,86.1,62.0,78.0,0,Advanced
LEARNER_0602,18-24,6.7,64.3,48.6,6.5,5,9,102.2,5,76.7,68.9,88.1,64.0,52.0,59.5,57.1,20.8,36.3,53.5,1,Beginner
LEARNER_0603,18-24,23.8,100.0,79.7,56.8,1,2,127.9,9,93.5,89.4,95.4,100.0,100.0,82.2,89.3,100.0,95.8,89.7,0,Advanced
LEARNER_0604,18-24,8.8,64.3,67.1,26.4,4,10,94.9,5,68.5,56.4,64.8,59.7,56.6,43.3,54.5,32.7,28.9,54.2,1,Beginner
LEARNER_0605,18-24,15.8,84.5,81.4,52.1,3,5,135.3,8,81.2,82.3,80.7,61.2,85.5,81.0,68.0,49.9,64.0,74.3,0,Intermediate
LEARNER_0606,18-24,11.2,75.6,60.5,44.7,4,4,111.4,5,77.5,77.3,78.0,68.4,68.8,73.8,49.8,49.8,44.4,64.5,0,Intermediate
LEARNER_0607,18-24,17.8,94.0,88.2,56.9,2,7,111.5,7,80.8,97.4,88.0,81.4,76.0,70.4,85.3,76.3,74.7,82.4,0,Advanced
LEARNER_0608,18-24,17.0,92.0,70.1,37.9,2,4,172.0,9,90.4,99.8,82.5,100.0,82.3,93.3,88.2,87.5,78.2,82.4,0,Advanced
LEARNER_0609,18-24,14.8,78.3,57.3,36.6,4,5,149.3,7,89.9,80.2,71.0,69.9,63.3,63.3,66.7,62.4,42.2,65.2,0,Intermediate
LEARNER_0610,25-34,11.3,66.8,34.7,16.6,6,6,117.7,4,70.6,63.7,65.2,44.9,44.9,56.2,44.6,44.3,34.3,48.8,1,Beginner
LEARNER_0611,18-24,8.8,82.5,55.9,15.1,5,8,98.6,4,60.6,69.5,90.3,72.3,60.5,64.3,63.1,49.5,58.5,62.6,0,Intermediate
LEARNER_0612,25-34,5.8,65.2,46.4,16.4,5,8,88.2,2,76.6,70.2,84.5,52.5,60.8,56.3,54.4,43.5,43.8,55.3,0,Beginner
LEARNER_0613,25-34,17.6,100.0,87.8,49.7,1,5,140.4,9,100.0,100.0,100.0,97.8,89.9,100.0,100.0,91.4,75.4,91.0,0,Advanced
LEARNER_0614,18-24,10.7,71.9,59.3,25.0,3,5,98.6,5,73.8,57.5,70.4,56.0,65.3,61.4,64.3,45.5,50.1,59.3,0,Intermediate
LEARNER_0615,35+,9.9,73.3,53.7,15.1,4,5,139.0,7,76.4,63.9,65.0,59.0,58.5,56.3,59.6,39.0,34.6,55.7,0,Beginner
LEARNER_0616,35+,8.6,65.1,57.5,37.9,2,8,84.4,4,70.3,71.7,75.9,63.1,60.2,59.8,62.4,46.0,58.7,60.5,0,Intermediate
LEARNER_0617,18-24,2.5,40.5,32.2,3.7,7,14,93.6,2,55.1,59.8,73.1,42.7,52.1,53.7,28.1,21.4,27.1,39.5,1,Beginner
LEARNER_0618,18-24,4.1,47.0,46.1,1.8,5,10,94.3,4,75.3,56.9,62.0,40.7,37.5,45.5,54.2,22.7,32.6,43.5,1,Beginner
LEARNER_0619,25-34,18.6,100.0,71.9,55.9,3,5,152.6,9,87.2,89.1,78.8,76.5,83.3,73.8,88.5,63.8,66.4,79.1,0,Intermediate
LEARNER_0620,25-34,8.9,68.9,52.8,6.9,6,9,100.7,3,52.2,65.4,63.1,60.9,53.5,45.8,57.2,38.7,41.9,51.9,1,Beginner
LEARNER_0621,18-24,4.6,56.4,33.3,9.2,5,9,93.6,3,61.9,61.2,68.5,36.8,44.8,46.3,43.8,32.1,14.8,42.4,1,Beginner
LEARNER_0622,18-24,15.2,92.7,73.4,34.7,4,8,132.3,7,80.8,75.7,87.0,62.8,60.2,76.6,75.4,57.2,44.9,70.7,0,Intermediate
LEARNER_0623,18-24,16.3,89.7,82.1,49.6,2,5,117.0,8,98.8,84.1,87.6,80.6,87.9,70.3,88.1,82.7,61.5,80.9,0,Advanced
LEARNER_0624,18-24,14.8,90.1,75.8,49.6,3,4,126.5,7,83.7,75.0,89.1,67.3,79.5,88.3,86.5,60.3,62.1,76.6,0,Intermediate
LEARNER_0625,25-34,22.0,96.7,78.2,53.8,2,6,158.5,9,83.6,90.0,68.8,70.9,72.5,80.4,85.8,65.5,73.3,78.3,0,Advanced
LEARNER_0626,18-24,12.2,69.3,44.6,26.8,7,5,92.7,1,74.3,70.5,66.7,50.7,55.6,53.6,50.4,38.1,9.1,51.6,1,Beginner
LEARNER_0627,18-24,1.0,43.7,20.0,0.0,5,14,55.6,2,58.9,51.8,64.8,27.2,42.3,38.5,28.8,18.5,30.1,34.3,1,Beginner
LEARNER_0628,25-34,22.0,100.0,96.2,65.9,3,0,153.9,9,87.0,100.0,86.4,78.0,75.8,86.2,87.3,78.7,79.1,87.2,0,Advanced
LEARNER_0629,18-24,12.8,74.2,54.9,20.3,3,5,79.3,4,80.4,68.6,64.4,73.3,50.0,55.7,58.9,21.4,29.0,55.7,0,Beginner
LEARNER_0630,18-24,7.3,73.2,73.9,36.1,5,8,161.3,7,73.5,84.2,57.1,61.7,67.1,66.1,63.7,43.1,43.8,63.8,0,Intermediate
LEARNER_0631,25-34,21.1,97.1,78.0,56.2,3,4,143.6,8,91.0,85.8,100.0,77.3,85.7,83.2,94.1,59.9,83.3,83.2,0,Intermediate
LEARNER_0632,35+,19.4,88.4,69.9,39.6,3,7,118.1,7,83.1,65.5,75.9,74.2,66.4,77.0,70.1,49.4,63.9,70.2,0,Intermediate
LEARNER_0633,18-24,10.9,73.1,61.7,19.2,3,4,150.7,8,71.9,83.7,82.4,73.8,62.4,65.8,86.1,46.4,65.9,65.7,0,Intermediate
LEARNER_0634,18-24,20.1,96.1,91.7,70.5,2,4,146.1,9,96.8,100.0,100.0,100.0,92.5,98.2,82.6,83.0,80.4,91.3,0,Advanced
LEARNER_0635,18-24,11.8,66.2,43.0,18.3,7,9,86.3,3,67.3,67.6,79.4,50.7,48.1,45.3,55.1,30.7,31.8,50.7,1,Beginner
LEARNER_0636,18-24,17.5,97.2,84.5,45.4,1,3,102.3,7,84.6,81.0,84.9,84.7,70.1,86.6,70.5,62.7,59.2,78.3,0,Intermediate
LEARNER_0637,18-24,13.9,78.8,65.2,21.6,5,7,165.8,7,85.9,75.4,71.4,46.6,49.0,56.2,47.7,54.5,62.9,61.4,0,Intermediate
LEARNER_0638,18-24,14.4,66.9,42.3,37.1,3,7,118.6,6,80.0,74.1,79.6,57.8,75.4,63.7,64.7,55.2,58.5,61.0,0,Intermediate
LEARNER_0639,18-24,20.8,100.0,79.4,59.4,2,2,137.3,8,100.0,90.9,100.0,87.8,94.2,83.9,74.8,63.4,100.0,86.5,0,Intermediate
LEARNER_0640,18-24,10.6,65.6,44.9,25.5,3,6,96.0,5,81.2,87.8,79.7,72.8,59.9,67.3,68.8,58.8,54.4,61.8,0,Intermediate
LEARNER_0641,18-24,17.8,96.9,76.4,33.3,3,5,117.5,6,89.9,82.9,73.8,63.3,71.7,76.4,70.9,61.3,53.0,73.3,0,Intermediate
LEARNER_0642,18-24,20.9,90.2,68.6,37.6,3,7,147.4,8,91.1,92.7,75.5,81.2,71.9,76.6,88.1,66.8,68.3,75.9,0,Advanced
LEARNER_0643,18-24,9.5,75.9,67.9,42.0,3,5,102.5,5,70.7,68.8,60.9,51.2,54.1,67.3,44.1,40.2,51.7,60.3,0,Intermediate
LEARNER_0644,18-24,7.7,65.2,50.4,18.0,6,7,109.4,4,64.8,62.2,71.8,46.4,45.8,42.0,55.8,32.7,28.3,49.9,1,Beginner
LEARNER_0645,18-24,2.2,44.8,25.5,0.0,3,10,34.4,0,54.8,53.2,59.9,53.5,41.9,46.6,46.1,33.2,28.1,39.1,1,Beginner
LEARNER_0646,35+,3.7,30.5,29.5,0.0,7,13,86.3,2,55.5,48.4,46.5,37.8,46.6,24.3,38.8,0.0,9.4,30.1,1,Beginner
LEARNER_0647,25-34,24.0,100.0,94.7,60.6,1,4,131.3,9,99.4,73.1,93.9,86.9,91.4,98.3,91.4,87.2,89.4,90.1,0,Advanced
LEARNER_0648,25-34,6.3,47.6,40.4,22.7,4,7,84.7,4,57.7,57.0,62.4,35.9,37.9,44.2,33.7,38.0,20.7,41.7,1,Beginner
LEARNER_0649,25-34,14.3,73.8,56.1,38.0,4,3,98.3,6,81.2,71.7,70.4,55.2,52.4,57.2,48.7,54.9,42.5,59.4,0,Intermediate
LEARNER_0650,18-24,9.6,65.1,42.9,14.5,3,6,138.3,6,61.7,76.2,69.5,57.4,65.9,67.1,47.2,49.3,41.0,54.1,1,Beginner
LEARNER_0651,18-24,15.2,69.3,57.1,26.0,4,6,147.4,7,75.3,76.5,89.5,61.7,53.7,61.7,70.7,58.4,54.1,62.4,0,Intermediate
LEARNER_0652,18-24,13.0,72.0,65.3,17.2,2,5,141.0,9,93.0,87.6,97.1,83.4,69.0,79.7,86.9,77.6,71.9,73.1,0,Intermediate
LEARNER_0653,25-34,16.2,92.5,80.4,35.5,3,3,140.6,8,87.8,67.9,72.4,78.5,87.3,69.6,71.2,80.6,79.3,76.8,0,Advanced
LEARNER_0654,25-34,8.6,59.2,44.8,4.5,4,9,84.4,4,67.6,67.5,70.6,55.9,54.6,53.6,57.7,35.3,29.6,49.8,1,Beginner
LEARNER_0655,18-24,11.8,68.1,70.4,34.7,4,7,170.5,8,75.0,59.6,66.8,49.2,60.9,49.8,47.1,36.9,41.5,57.4,0,Beginner
LEARNER_0656,18-24,12.3,83.9,66.4,33.1,4,6,120.0,7,79.8,68.7,76.4,75.9,83.6,61.2,68.0,51.5,47.1,67.5,0,Intermediate
LEARNER_0657,18-24,10.4,77.8,61.2,16.0,4,7,108.4,5,59.9,70.5,74.5,35.5,60.0,57.4,63.4,67.8,44.5,59.1,0,Intermediate
LEARNER_0658,18-24,22.5,100.0,93.5,60.3,2,3,134.7,8,91.5,100.0,92.6,94.4,82.1,100.0,76.1,67.6,75.8,87.8,0,Advanced
LEARNER_0659,25-34,13.1,80.5,66.0,42.5,2,5,100.9,5,93.8,83.9,82.7,77.3,67.6,70.7,68.2,54.1,59.7,70.7,0,Intermediate
LEARNER_0660,25-34,10.9,88.2,73.4,48.8,4,7,135.8,7,78.5,84.0,89.2,70.3,64.7,87.0,79.5,51.4,71.5,74.8,0,Intermediate
LEARNER_0661,18-24,20.6,81.9,68.3,23.7,5,5,138.9,8,80.4,82.8,85.3,82.8,82.7,74.4,49.1,62.3,41.1,68.7,0,Intermediate
LEARNER_0662,35+,22.0,100.0,78.9,50.0,5,8,157.0,8,84.7,83.4,83.9,80.3,85.4,77.7,91.5,61.8,75.4,80.9,0,Intermediate
LEARNER_0663,25-34,9.0,78.8,55.5,17.1,4,6,95.3,5,76.5,72.8,72.1,65.4,73.9,77.2,67.7,50.8,47.9,63.1,0,Intermediate
LEARNER_0664,18-24,7.6,56.4,41.5,15.9,6,7,109.0,4,54.8,62.9,47.9,44.0,51.0,44.7,47.0,6.5,25.7,42.6,1,Beginner
LEARNER_0665,18-24,12.5,67.4,67.5,44.8,2,6,138.2,7,83.7,68.7,73.0,93.9,65.1,63.3,65.1,60.9,48.8,66.7,0,Intermediate
LEARNER_0666,18-24,9.5,57.5,38.7,4.8,6,8,57.1,2,68.8,71.9,82.9,62.3,44.0,55.3,37.8,44.8,44.5,49.9,1,Beginner
LEARNER_0667,18-24,10.2,59.1,36.7,6.2,5,10,90.4,4,74.8,65.5,62.3,59.2,53.1,51.2,57.8,34.4,44.7,49.4,1,Beginner
LEARNER_0668,18-24,14.2,85.9,83.7,43.6,3,9,107.4,6,73.6,88.6,72.5,64.1,64.4,55.5,70.7,58.6,64.3,71.4,0,Intermediate
LEARNER_0669,18-24,15.8,99.6,86.3,35.3,4,3,147.4,8,87.1,97.5,92.4,83.0,83.1,89.3,82.1,71.5,79.1,83.6,0,Advanced
LEARNER_0670,18-24,10.0,83.8,54.0,30.2,4,7,115.9,5,73.4,61.9,74.4,55.8,71.4,71.1,71.0,49.9,42.5,62.6,0,Intermediate
LEARNER_0671,18-24,10.8,74.8,56.3,28.8,3,2,96.9,5,82.4,74.1,77.1,73.5,65.6,81.6,73.0,53.9,49.2,65.3,0,Intermediate
LEARNER_0672,35+,18.0,100.0,84.9,68.2,2,4,141.0,8,89.1,88.6,100.0,90.4,90.4,92.6,100.0,88.2,88.1,90.2,0,Advanced
LEARNER_0673,18-24,13.0,87.1,83.9,34.5,3,3,106.5,6,85.2,63.4,82.3,56.9,65.1,63.9,67.1,62.7,46.7,69.7,0,Intermediate
LEARNER_0674,18-24,22.9,100.0,78.1,59.5,2,2,153.8,9,100.0,98.0,100.0,100.0,100.0,100.0,98.1,93.5,100.0,92.6,0,Advanced
LEARNER_0675,18-24,16.9,95.9,74.3,29.2,2,1,70.3,3,73.9,100.0,78.4,64.3,65.7,77.8,69.5,56.8,56.7,72.4,0,Beginner
LEARNER_0676,35+,7.7,46.8,51.3,0.0,5,11,91.2,4,49.9,58.7,49.9,35.0,16.3,46.9,37.2,20.0,16.8,37.7,1,Beginner
LEARNER_0677,18-24,14.0,79.4,66.6,30.2,2,7,145.4,8,79.8,99.4,91.0,67.2,77.8,73.7,82.2,51.7,79.9,72.6,0,Intermediate
LEARNER_0678,18-24,14.6,73.1,59.6,42.6,4,7,122.6,6,100.0,86.2,77.1,68.3,76.0,66.8,56.4,39.9,50.0,66.0,0,Intermediate
LEARNER_0679,35+,19.9,89.4,72.3,42.8,2,2,163.5,9,87.0,84.5,76.1,88.6,86.2,76.9,82.7,75.6,74.3,78.1,0,Advanced
LEARNER_0680,35+,16.8,93.2,72.3,44.0,2,7,103.6,6,96.5,80.0,82.7,72.3,67.6,77.1,85.6,65.4,69.9,76.5,0,Intermediate
LEARNER_0681,25-34,11.5,80.4,68.9,29.6,4,5,141.6,7,63.2,78.0,61.0,56.7,50.7,47.4,57.9,39.5,52.8,60.1,0,Intermediate
LEARNER_0682,18-24,8.1,66.1,59.9,6.3,5,4,114.5,5,52.4,63.8,77.8,44.0,46.4,48.6,49.9,18.9,20.9,48.8,1,Beginner
LEARNER_0683,18-24,12.4,77.7,70.3,31.5,3,7,97.8,5,67.0,67.9,64.8,64.2,59.8,63.4,62.6,37.7,39.7,61.3,0,Intermediate
LEARNER_0684,25-34,4.0,63.6,44.2,19.0,4,5,95.1,4,58.0,52.7,63.5,39.5,47.4,53.1,56.0,24.1,29.1,47.0,1,Beginner
LEARNER_0685,35+,11.7,61.6,33.2,0.0,7,12,122.4,4,65.9,94.3,70.1,54.8,67.3,53.8,46.2,41.9,48.0,51.3,1,Beginner
LEARNER_0686,25-34,17.6,79.8,62.7,44.5,2,4,76.0,5,76.4,80.9,79.8,82.0,63.8,83.7,65.0,50.3,57.5,69.0,0,Intermediate
LEARNER_0687,25-34,18.1,100.0,89.3,53.7,2,4,168.2,9,88.5,92.4,92.7,93.3,100.0,95.7,88.9,79.3,82.0,88.8,0,Advanced
LEARNER_0688,18-24,14.1,85.1,71.1,35.1,3,8,91.7,6,89.0,80.6,83.1,68.8,68.6,63.5,56.1,48.7,52.5,68.5,0,Intermediate
LEARNER_0689,25-34,8.1,54.3,36.0,10.8,5,7,61.8,2,70.4,58.7,72.9,48.0,28.2,38.2,40.7,12.4,29.7,41.9,1,Beginner
LEARNER_0690,18-24,13.6,85.3,70.2,33.6,4,5,120.9,6,87.9,81.3,86.5,72.7,67.7,62.1,71.1,63.9,58.1,71.0,0,Intermediate
LEARNER_0691,18-24,21.2,100.0,96.1,60.4,4,5,156.9,8,93.6,99.7,100.0,87.2,88.8,85.6,95.4,67.8,63.9,88.3,0,Advanced
LEARNER_0692,18-24,16.0,77.6,61.6,21.9,4,10,110.9,4,68.4,66.7,59.3,36.1,49.3,44.2,55.5,37.3,28.1,53.7,1,Beginner
LEARNER_0693,18-24,9.0,79.3,59.6,29.6,3,4,76.7,5,69.4,64.1,75.9,47.4,48.1,68.5,64.9,33.3,29.3,58.0,0,Intermediate
LEARNER_0694,18-24,7.9,75.3,53.2,5.3,5,6,93.9,4,67.6,73.9,76.4,70.3,60.9,72.8,71.6,42.4,41.6,59.5,0,Intermediate
LEARNER_0695,18-24,9.0,66.3,44.4,0.0,5,9,44.5,2,68.5,61.9,68.4,37.4,42.6,42.4,41.7,38.4,38.7,47.0,1,Beginner
LEARNER_0696,25-34,17.4,92.2,83.4,53.7,5,5,115.4,5,73.4,94.2,93.8,75.6,76.3,70.9,71.1,81.7,71.6,79.6,0,Intermediate
LEARNER_0697,18-24,10.7,68.5,57.6,36.9,2,6,109.3,6,65.6,82.9,71.8,57.2,66.3,60.2,79.5,29.8,51.1,60.8,0,Intermediate
LEARNER_0698,25-34,18.5,91.4,66.7,29.4,4,2,111.1,4,89.3,80.9,76.8,60.7,60.3,75.8,68.1,54.8,60.8,69.5,0,Intermediate
LEARNER_0699,18-24,3.5,44.7,35.0,6.4,7,16,117.4,4,79.6,54.1,68.6,50.6,42.2,60.7,56.7,33.5,29.2,44.9,1,Beginner
LEARNER_0700,18-24,11.9,75.3,72.0,34.3,4,4,134.5,6,72.9,59.9,55.5,56.6,61.1,41.5,62.7,34.3,45.5,59.0,0,Intermediate
LEARNER_0701,18-24,13.8,78.5,80.8,53.9,3,5,121.0,6,92.5,83.8,81.8,90.4,66.7,71.0,61.7,69.2,64.7,75.3,0,Intermediate
LEARNER_0702,18-24,15.3,73.6,53.8,4.9,5,8,64.8,2,68.6,73.2,69.5,51.0,47.4,53.9,58.5,33.6,55.0,54.8,1,Beginner
LEARNER_0703,18-24,26.6,100.0,87.7,53.1,1,6,126.1,9,85.0,92.7,88.4,100.0,80.2,78.4,90.8,83.8,81.8,86.4,0,Advanced
LEARNER_0704,18-24,7.7,69.0,53.7,19.9,4,5,95.3,4,75.1,66.4,78.7,58.4,58.4,51.7,58.2,35.8,50.8,56.8,0,Beginner
LEARNER_0705,18-24,11.5,77.3,39.3,28.2,3,10,66.1,4,82.3,73.0,69.2,60.3,68.1,69.0,59.6,62.2,59.5,61.1,0,Intermediate
LEARNER_0706,35+,19.2,83.2,76.9,70.3,2,6,136.5,7,86.8,86.0,85.1,83.3,71.4,74.7,68.0,61.2,72.5,77.2,0,Intermediate
LEARNER_0707,18-24,3.7,49.6,39.8,3.7,7,12,99.1,3,56.0,38.9,60.3,43.8,39.3,26.9,35.5,16.8,3.5,36.0,1,Beginner
LEARNER_0708,25-34,3.1,37.0,31.6,0.0,7,10,100.3,2,61.6,45.1,64.7,34.1,46.0,56.8,33.0,20.3,20.2,36.4,1,Beginner
LEARNER_0709,18-24,4.4,51.8,25.4,1.1,6,11,42.2,0,48.8,51.7,56.6,39.7,29.8,39.7,47.1,9.3,16.5,35.1,1,Beginner
LEARNER_0710,25-34,12.6,94.0,71.3,60.2,3,3,117.2,6,84.0,99.8,97.6,77.4,66.6,83.1,96.7,73.8,69.7,81.2,0,Intermediate
LEARNER_0711,25-34,9.2,66.9,45.9,18.4,4,10,79.5,3,60.3,61.9,74.0,46.6,56.8,44.4,64.3,22.4,25.1,49.9,1,Beginner
LEARNER_0712,25-34,22.7,100.0,95.2,65.0,1,0,142.5,9,100.0,100.0,100.0,100.0,100.0,100.0,100.0,90.5,99.1,95.7,0,Advanced
LEARNER_0713,18-24,7.7,58.6,44.1,25.0,4,8,86.8,4,59.5,70.0,59.5,51.2,47.3,51.7,44.9,39.8,37.0,49.2,1,Beginner
LEARNER_0714,18-24,17.3,78.4,78.7,47.2,4,5,111.7,5,71.7,87.6,65.7,64.3,70.2,49.8,61.7,43.8,41.3,66.0,0,Intermediate
LEARNER_0715,18-24,15.9,100.0,90.4,51.4,1,0,131.9,9,87.9,100.0,94.4,88.9,93.4,78.1,88.4,74.5,67.1,86.1,0,Advanced
LEARNER_0716,35+,24.5,100.0,76.8,61.9,1,4,128.5,9,97.0,98.6,94.7,96.2,76.4,100.0,89.0,92.1,92.0,89.0,0,Advanced
LEARNER_0717,25-34,21.5,100.0,86.0,72.6,1,3,157.9,9,87.8,95.9,100.0,83.5,89.8,100.0,99.6,84.6,96.2,91.4,0,Advanced
LEARNER_0718,35+,17.2,100.0,78.8,62.1,5,8,168.7,8,90.2,84.2,95.5,91.6,99.9,84.3,87.1,78.8,73.7,85.9,0,Advanced
LEARNER_0719,18-24,19.5,80.8,54.9,37.1,1,0,128.8,8,97.3,85.4,85.8,79.4,83.1,87.2,82.7,70.2,77.7,74.6,0,Intermediate
LEARNER_0720,25-34,16.0,78.3,77.8,41.6,3,8,134.0,6,83.2,78.6,72.8,69.9,76.9,70.2,79.7,63.3,59.2,71.9,0,Intermediate
LEARNER_0721,35+,17.6,84.0,83.0,60.3,5,12,171.8,9,96.7,88.8,88.4,77.9,83.8,73.8,67.2,73.5,63.1,79.1,1,Advanced
LEARNER_0722,18-24,12.1,56.9,47.4,7.3,5,8,100.9,3,79.1,71.7,60.2,55.1,53.3,61.9,60.6,39.5,29.6,51.3,1,Beginner
LEARNER_0723,18-24,6.9,47.2,38.6,15.1,6,14,95.1,3,71.4,69.9,59.1,55.0,55.3,62.2,43.3,43.9,19.2,46.9,1,Beginner
LEARNER_0724,25-34,10.1,75.9,49.5,12.4,4,6,94.7,5,75.6,85.0,67.1,66.2,67.7,72.4,54.4,55.2,62.8,61.5,0,Intermediate
LEARNER_0725,25-34,7.9,67.3,48.5,32.1,4,5,114.2,4,73.1,87.9,71.8,65.0,63.6,50.7,63.5,40.4,53.6,59.1,0,Intermediate
LEARNER_0726,25-34,7.3,66.7,52.8,19.5,2,5,57.9,2,75.7,70.6,78.9,65.6,52.2,54.2,64.5,49.3,27.8,56.6,0,Beginner
LEARNER_0727,18-24,24.3,99.7,75.4,56.1,3,6,142.5,8,80.2,92.2,83.3,80.2,74.5,75.4,77.0,64.0,63.2,78.5,0,Intermediate
LEARNER_0728,25-34,20.5,97.6,62.3,45.1,2,2,144.7,8,71.4,83.7,82.9,76.0,72.6,75.2,77.5,63.9,66.3,73.8,0,Intermediate
LEARNER_0729,18-24,8.4,77.7,62.8,21.3,3,4,109.2,6,80.0,85.5,63.9,54.4,63.5,66.5,65.9,52.0,47.6,62.8,0,Intermediate
LEARNER_0730,18-24,15.4,99.0,82.3,68.7,2,4,145.9,8,83.7,100.0,97.1,99.0,76.3,92.2,86.7,86.4,74.3,87.6,0,Advanced
LEARNER_0731,18-24,7.7,45.7,40.5,22.8,7,11,87.3,4,53.6,69.4,55.1,41.8,37.4,51.8,34.7,28.8,28.2,42.3,1,Beginner
LEARNER_0732,25-34,12.7,79.7,65.6,38.8,7,10,103.8,4,72.7,73.4,73.6,55.1,56.6,72.4,49.0,58.7,50.7,63.8,0,Intermediate
LEARNER_0733,25-34,10.1,58.2,58.0,15.0,5,9,141.8,6,65.6,61.1,63.6,36.6,43.0,47.9,49.9,42.4,36.9,49.6,1,Beginner
LEARNER_0734,18-24,1.9,32.0,21.3,0.0,6,13,45.0,0,41.3,41.4,59.3,34.8,28.1,21.2,32.8,14.9,9.7,27.4,1,Beginner
LEARNER_0735,18-24,11.2,71.5,67.5,34.2,3,5,101.5,5,75.3,73.7,72.7,61.9,59.4,63.5,60.8,38.1,45.1,61.7,0,Intermediate
LEARNER_0736,35+,12.4,66.7,45.9,15.4,5,9,113.8,6,81.3,85.8,73.1,47.9,63.3,75.1,65.5,44.1,53.1,58.5,0,Intermediate
LEARNER_0737,18-24,19.8,100.0,88.0,74.4,4,3,174.2,8,84.1,90.7,97.0,89.8,93.8,82.4,84.5,78.8,82.0,88.2,0,Advanced
LEARNER_0738,25-34,8.5,83.7,76.2,45.7,3,8,143.3,7,92.7,88.9,99.4,68.1,68.4,77.6,76.6,66.2,61.2,75.8,0,Advanced
LEARNER_0739,18-24,6.2,57.0,36.3,0.0,3,6,81.6,4,50.2,69.5,69.8,67.1,56.3,51.2,44.5,32.6,27.2,46.2,1,Beginner
LEARNER_0740,18-24,18.7,100.0,69.0,56.1,2,5,116.1,7,100.0,95.0,96.5,87.1,99.2,93.2,100.0,86.4,87.8,87.9,0,Advanced
LEARNER_0741,18-24,18.6,94.8,77.9,48.0,4,5,179.4,9,86.4,100.0,89.7,78.1,85.6,81.6,82.2,73.4,68.7,81.2,0,Advanced
LEARNER_0742,18-24,23.9,100.0,69.7,40.0,2,4,114.8,5,83.2,58.7,77.8,64.3,72.5,63.9,90.0,65.4,66.2,73.2,0,Intermediate
LEARNER_0743,25-34,12.0,74.7,62.8,25.8,4,6,103.4,4,57.1,62.5,64.7,68.6,60.9,40.1,61.2,36.6,34.9,56.5,0,Beginner
LEARNER_0744,18-24,6.3,70.2,52.2,23.8,6,7,149.1,5,63.0,56.2,59.1,43.7,56.1,37.8,44.9,42.4,25.5,50.1,1,Beginner
LEARNER_0745,18-24,12.9,78.0,51.9,32.3,4,3,80.9,4,72.4,64.0,64.4,50.2,65.8,52.9,48.8,24.2,45.4,55.9,0,Beginner
LEARNER_0746,35+,18.9,100.0,76.1,51.5,2,1,111.2,7,87.4,90.8,93.3,85.1,90.1,88.2,67.9,81.4,60.7,82.0,0,Advanced
LEARNER_0747,18-24,22.7,100.0,95.9,63.7,3,3,144.7,9,93.1,99.9,89.0,81.1,92.5,91.3,84.2,85.3,73.1,89.1,0,Advanced
LEARNER_0748,18-24,21.5,100.0,87.1,58.6,2,4,156.3,9,85.9,96.7,100.0,91.7,91.1,82.5,79.7,86.9,79.4,87.6,0,Advanced
LEARNER_0749,35+,15.7,69.9,46.5,18.5,3,8,56.1,2,78.2,73.9,75.2,68.4,64.9,47.1,57.3,41.1,24.7,55.5,0,Beginner
LEARNER_0750,25-34,3.0,46.7,30.1,0.0,3,7,37.2,1,61.8,54.0,61.7,48.6,39.1,49.3,39.9,28.4,15.2,38.8,1,Beginner
LEARNER_0751,18-24,14.1,79.6,79.1,46.2,5,5,154.7,7,89.0,66.9,76.7,69.4,61.7,75.1,65.7,55.3,56.9,70.2,0,Intermediate
LEARNER_0752,35+,1.0,45.9,30.5,1.7,7,9,115.8,3,49.6,56.9,49.3,40.7,33.8,42.2,44.0,19.1,11.0,35.5,1,Beginner
LEARNER_0753,25-34,15.3,85.6,79.9,57.0,4,7,103.7,6,75.4,73.8,81.0,80.8,74.4,72.0,66.5,51.8,64.7,73.7,0,Intermediate
LEARNER_0754,18-24,8.5,63.4,48.7,34.2,4,10,69.8,3,79.8,60.7,81.9,69.3,67.0,47.8,76.3,53.3,35.4,58.8,0,Beginner
LEARNER_0755,18-24,8.4,69.9,58.7,18.5,4,10,131.8,6,56.4,77.2,63.8,58.1,52.7,51.7,45.1,30.0,37.9,53.6,1,Beginner
LEARNER_0756,25-34,3.1,39.1,52.5,17.7,5,12,79.4,3,46.2,67.0,43.6,43.7,24.4,52.1,35.3,16.1,19.3,39.3,1,Beginner
LEARNER_0757,25-34,17.5,88.2,68.5,30.8,3,6,134.4,8,89.9,93.6,86.8,63.1,72.2,79.2,65.9,65.0,48.9,71.8,0,Intermediate
LEARNER_0758,18-24,12.1,64.6,44.9,23.4,3,10,81.2,3,59.2,70.1,71.2,59.7,46.1,41.2,61.0,45.3,45.6,52.7,1,Beginner
LEARNER_0759,35+,2.4,47.8,24.8,0.0,5,10,54.5,2,46.4,66.0,52.0,35.2,31.4,42.8,25.4,28.3,28.7,35.4,1,Beginner
LEARNER_0760,25-34,1.0,28.1,24.5,0.0,7,14,52.4,0,55.5,51.5,34.7,13.1,5.9,18.9,4.5,0.0,0.0,20.7,1,Beginner
LEARNER_0761,18-24,9.7,65.1,67.6,36.0,5,8,118.9,5,63.5,69.5,67.8,36.9,64.2,55.5,60.7,54.6,47.1,58.8,0,Intermediate
LEARNER_0762,18-24,17.1,100.0,100.0,43.7,2,0,144.1,9,97.7,100.0,90.5,93.6,100.0,71.9,100.0,78.1,86.5,90.0,0,Advanced
LEARNER_0763,18-24,19.7,92.9,92.5,47.1,3,3,168.4,9,95.5,97.1,92.3,83.4,88.9,89.4,90.4,95.2,76.5,87.3,0,Advanced
LEARNER_0764,25-34,8.8,61.0,44.0,15.8,6,9,86.2,3,47.0,76.8,67.4,63.6,56.4,48.4,43.9,38.2,27.0,49.3,1,Beginner
LEARNER_0765,18-24,16.3,71.6,58.0,23.7,6,9,154.9,6,65.6,69.3,62.6,55.5,61.8,46.1,42.8,23.6,38.2,53.7,1,Beginner
LEARNER_0766,25-34,15.6,88.6,60.8,31.8,4,9,135.5,7,84.2,91.0,74.6,78.5,57.1,66.7,82.9,47.8,75.1,70.3,0,Intermediate
LEARNER_0767,25-34,2.9,51.6,56.2,3.9,5,10,93.1,3,65.9,64.8,61.2,37.4,50.2,45.0,41.1,28.4,24.9,45.5,1,Beginner
LEARNER_0768,35+,11.8,78.6,74.9,33.1,3,8,153.0,8,85.8,66.7,80.0,75.1,66.7,66.8,59.3,55.2,66.6,68.7,0,Intermediate
LEARNER_0769,18-24,18.9,94.5,70.8,46.6,4,4,114.5,6,81.1,95.8,81.7,91.1,78.8,67.2,86.1,79.1,57.3,78.1,0,Intermediate
LEARNER_0770,25-34,24.4,100.0,97.6,66.3,4,4,142.4,9,95.4,82.1,99.0,87.7,77.8,79.9,89.7,64.2,74.3,86.9,0,Intermediate
LEARNER_0771,18-24,6.7,78.6,51.4,24.6,4,4,96.3,4,68.3,83.8,77.9,66.7,53.9,46.3,70.6,46.3,52.2,60.5,0,Intermediate
LEARNER_0772,25-34,5.3,72.1,52.5,34.6,6,7,78.9,2,61.3,71.8,59.8,60.1,59.9,61.2,51.1,35.5,43.9,56.3,0,Beginner
LEARNER_0773,18-24,13.2,68.5,51.7,20.6,4,8,98.7,4,54.1,73.9,68.7,43.8,61.1,25.1,35.8,26.5,28.1,48.7,1,Beginner
LEARNER_0774,18-24,9.0,53.0,54.9,12.5,4,8,119.3,6,53.4,74.2,69.9,54.9,55.7,46.5,49.8,44.9,37.3,50.7,1,Beginner
LEARNER_0775,25-34,8.3,67.7,46.1,18.3,5,10,64.8,2,80.4,75.7,68.8,46.3,54.3,65.7,61.1,34.4,58.6,56.0,0,Beginner
LEARNER_0776,18-24,15.4,80.7,54.8,18.4,4,7,146.1,6,67.3,83.5,67.4,64.5,57.2,59.4,70.8,60.0,57.8,62.3,0,Intermediate
LEARNER_0777,18-24,8.7,78.6,68.8,42.6,4,6,119.3,7,88.2,89.3,86.0,62.4,63.2,82.3,88.4,69.4,62.1,73.1,0,Intermediate
LEARNER_0778,25-34,8.0,61.9,54.5,29.2,5,13,93.8,3,63.2,49.3,65.3,43.5,59.7,58.4,35.3,31.7,30.4,50.1,1,Beginner
LEARNER_0779,25-34,20.4,99.9,86.7,64.4,1,2,136.1,9,92.1,93.9,83.9,91.0,78.2,59.4,92.8,82.0,98.0,86.4,0,Advanced
LEARNER_0780,25-34,13.4,76.2,60.9,40.4,4,9,73.0,3,82.7,62.8,60.1,61.7,55.1,56.5,48.9,33.3,43.7,58.8,0,Beginner
LEARNER_0781,25-34,8.9,64.3,45.2,19.7,2,5,87.2,5,71.2,76.1,74.0,62.1,72.2,38.7,68.5,60.8,42.8,56.9,0,Beginner
LEARNER_0782,18-24,8.5,72.6,49.3,29.3,4,8,52.4,2,70.9,56.9,64.2,51.4,37.1,49.1,46.2,48.5,23.9,51.7,1,Beginner
LEARNER_0783,18-24,1.0,23.2,8.9,0.0,8,16,70.9,0,46.2,36.4,42.6,8.1,35.2,23.2,16.7,0.0,0.0,19.0,1,Beginner
LEARNER_0784,18-24,17.2,93.6,89.1,66.6,4,6,180.0,9,84.4,98.4,84.9,73.2,74.1,56.3,71.3,85.1,68.6,81.0,0,Advanced
LEARNER_0785,18-24,13.0,92.0,79.5,46.9,3,0,149.6,8,100.0,92.4,75.0,68.3,64.6,89.2,62.2,59.5,68.0,76.5,0,Intermediate
LEARNER_0786,35+,9.4,64.3,56.1,31.6,3,7,85.2,4,60.1,71.6,68.1,52.2,55.5,59.8,57.8,45.6,39.2,55.8,0,Beginner
LEARNER_0787,25-34,9.3,79.4,71.3,49.6,4,9,95.2,5,86.1,77.3,80.1,67.9,57.3,56.3,56.9,60.8,49.2,67.5,0,Intermediate
LEARNER_0788,18-24,16.5,77.3,75.9,41.4,2,6,142.2,8,86.4,79.2,78.4,63.4,73.8,82.0,76.5,54.6,49.0,70.7,0,Intermediate
LEARNER_0789,18-24,6.8,57.2,42.5,7.6,7,11,111.9,2,52.4,60.8,42.9,32.2,31.8,22.6,42.1,5.7,17.8,37.1,1,Beginner
LEARNER_0790,35+,8.7,64.1,45.5,29.1,4,4,102.4,5,81.7,63.2,64.9,36.8,38.2,43.7,67.0,24.5,41.3,50.6,1,Beginner
LEARNER_0791,18-24,16.1,85.6,72.3,42.9,2,3,116.5,7,69.7,92.5,76.0,72.4,72.9,56.3,77.6,80.4,59.6,72.5,0,Intermediate
LEARNER_0792,25-34,1.4,45.2,31.9,0.0,6,12,86.3,3,55.8,57.9,62.1,33.2,31.1,56.3,46.1,18.7,36.4,38.8,1,Beginner
LEARNER_0793,18-24,12.6,85.1,66.3,55.4,3,6,108.1,6,68.9,75.2,81.1,67.3,68.3,69.4,77.9,52.4,47.2,69.2,0,Intermediate
LEARNER_0794,25-34,5.1,44.6,29.8,0.0,7,14,53.1,2,62.0,58.9,45.5,32.7,30.8,45.6,35.3,12.0,23.1,35.0,1,Beginner
LEARNER_0795,18-24,22.2,84.5,60.9,36.5,3,5,118.9,6,71.7,75.9,86.7,70.3,65.6,71.9,57.6,64.9,64.1,68.1,0,Intermediate
LEARNER_0796,35+,8.5,69.7,41.2,30.6,3,7,88.9,5,78.0,77.2,65.7,60.3,62.9,66.0,63.0,41.0,46.7,57.6,0,Beginner
LEARNER_0797,35+,8.3,39.2,21.2,0.0,4,10,27.7,1,54.1,51.3,68.1,49.5,34.5,36.8,24.8,11.8,14.2,32.7,1,Beginner
LEARNER_0798,25-34,20.8,100.0,85.5,45.3,3,2,153.0,8,85.1,92.7,88.6,84.6,82.6,82.8,100.0,73.7,59.9,83.3,0,Advanced
LEARNER_0799,25-34,9.2,57.4,29.7,9.8,4,4,49.0,2,69.3,75.9,56.2,35.5,55.7,51.1,61.9,24.8,44.2,46.4,1,Beginner
LEARNER_0800,35+,13.2,69.2,47.6,0.0,4,8,57.9,2,63.1,59.5,56.1,38.9,39.8,44.2,66.3,30.4,30.4,47.3,1,Beginner
LEARNER_0801,25-34,14.1,80.8,87.7,43.3,5,7,177.6,8,68.7,76.4,80.2,65.7,64.7,64.8,65.7,63.2,56.3,70.8,0,Intermediate
LEARNER_0802,18-24,18.9,90.5,89.5,58.4,3,3,142.1,9,100.0,92.5,85.7,72.9,53.7,82.6,84.8,74.4,76.4,81.7,0,Advanced
LEARNER_0803,25-34,6.8,55.2,61.3,18.1,5,6,96.6,5,58.9,59.3,62.0,22.0,47.7,46.6,42.1,28.7,22.7,46.1,1,Beginner
LEARNER_0804,25-34,16.0,84.2,65.6,19.5,5,8,103.2,4,58.0,79.5,88.6,73.8,60.6,51.2,70.1,51.0,47.7,64.2,0,Intermediate
LEARNER_0805,18-24,17.4,84.0,80.7,59.0,4,5,150.8,7,73.4,84.6,74.6,74.6,61.0,58.1,59.1,53.5,67.3,71.5,0,Intermediate
LEARNER_0806,25-34,13.6,94.6,66.0,40.9,2,5,72.1,5,73.2,92.0,83.8,77.3,75.6,81.8,52.7,77.8,52.9,73.4,0,Intermediate
LEARNER_0807,35+,8.9,81.9,56.0,42.6,3,9,88.9,4,83.7,72.3,88.5,60.0,74.2,62.4,58.5,45.0,68.6,66.4,0,Intermediate
LEARNER_0808,35+,9.6,73.6,31.2,9.6,5,3,92.0,3,73.2,63.1,72.8,59.5,52.3,60.8,44.5,42.3,34.7,51.1,1,Beginner
LEARNER_0809,18-24,5.5,53.8,53.8,10.7,5,8,75.3,4,68.3,62.6,52.2,43.1,41.2,40.0,60.6,32.4,22.0,46.2,1,Beginner
LEARNER_0810,18-24,12.2,68.5,68.4,37.5,4,7,116.6,5,73.1,68.3,80.1,65.0,64.7,51.6,77.9,57.8,50.8,64.2,0,Intermediate
LEARNER_0811,35+,10.4,52.9,39.3,7.0,4,11,102.5,4,59.9,66.7,52.8,37.5,34.2,38.1,33.6,35.4,44.2,42.1,1,Beginner
LEARNER_0812,25-34,1.0,23.4,12.0,0.0,8,11,60.3,0,37.0,30.6,51.2,27.4,10.0,13.5,25.6,0.0,0.0,18.7,1,Beginner
LEARNER_0813,18-24,14.1,86.6,72.9,54.0,3,9,174.0,9,79.6,98.9,73.7,56.4,78.8,63.7,76.6,59.1,55.6,72.7,0,Intermediate
LEARNER_0814,35+,16.7,76.7,67.1,37.0,3,6,127.6,6,92.5,96.2,100.0,86.3,77.0,86.8,63.9,68.7,69.9,75.4,0,Intermediate
LEARNER_0815,35+,2.7,31.7,31.0,0.0,8,13,80.2,1,49.3,46.7,58.4,24.5,9.2,25.6,21.1,0.0,1.0,25.8,1,Beginner
LEARNER_0816,18-24,1.0,51.8,26.1,14.9,5,9,79.6,3,66.9,69.8,56.5,41.9,31.5,60.6,41.2,15.1,30.9,41.3,1,Beginner
LEARNER_0817,25-34,13.3,83.0,68.1,35.7,2,4,79.3,5,86.4,69.3,82.6,73.2,73.2,75.1,77.9,55.5,54.6,70.2,0,Intermediate
LEARNER_0818,18-24,22.9,100.0,84.8,57.5,1,4,142.5,9,100.0,100.0,100.0,100.0,100.0,75.6,85.1,84.7,84.4,89.5,0,Advanced
LEARNER_0819,18-24,15.7,80.8,67.4,18.0,5,5,136.8,6,77.6,70.5,81.5,73.3,49.4,70.8,61.5,38.8,47.2,63.2,0,Intermediate
LEARNER_0820,18-24,6.9,68.8,54.0,35.4,5,9,81.1,3,69.1,65.3,69.8,52.9,53.9,38.3,44.9,39.4,24.4,53.0,1,Beginner
LEARNER_0821,25-34,5.5,65.1,46.6,9.9,4,7,50.6,3,82.3,58.0,82.8,51.9,69.7,60.9,62.9,44.4,44.0,55.8,0,Beginner
LEARNER_0822,18-24,20.7,100.0,83.2,55.9,2,2,151.2,8,86.2,95.4,90.5,84.4,99.1,77.8,82.3,73.8,72.4,84.6,0,Advanced
LEARNER_0823,18-24,6.9,72.3,59.7,31.6,5,13,132.3,6,60.4,58.4,64.3,66.2,54.3,68.8,47.4,25.0,31.3,55.4,1,Beginner
LEARNER_0824,18-24,4.4,65.7,56.2,23.9,4,8,72.4,3,55.9,66.2,62.6,60.0,53.3,60.7,47.5,31.7,34.6,52.9,1,Beginner
LEARNER_0825,18-24,7.7,56.3,52.1,20.7,5,10,125.3,5,70.7,64.9,76.1,61.5,37.2,48.3,70.6,17.3,23.8,50.4,1,Beginner
LEARNER_0826,35+,6.7,54.3,40.3,0.0,4,11,80.3,2,48.7,54.9,66.5,53.1,63.5,45.7,43.4,27.6,27.1,43.8,1,Beginner
LEARNER_0827,18-24,10.8,73.1,45.7,16.8,3,3,50.4,4,80.2,70.0,78.8,69.6,59.4,65.9,55.6,51.0,69.0,60.3,0,Intermediate
LEARNER_0828,18-24,13.5,100.0,84.0,59.9,1,6,148.2,9,93.6,96.3,100.0,97.3,80.5,94.9,92.7,82.4,71.8,88.2,0,Advanced
LEARNER_0829,25-34,16.3,87.7,74.8,33.5,3,0,81.9,5,88.0,68.6,62.5,63.5,65.1,67.4,66.0,41.9,64.7,67.9,0,Intermediate
LEARNER_0830,18-24,14.6,67.0,52.5,25.6,4,6,98.0,4,66.6,66.0,74.5,47.1,70.1,49.8,46.6,44.8,43.4,55.1,0,Beginner
LEARNER_0831,18-24,12.5,71.1,62.9,34.7,5,7,116.5,5,69.9,76.8,73.2,57.9,75.0,51.6,75.2,33.8,37.3,60.9,0,Intermediate
LEARNER_0832,18-24,1.0,28.2,34.1,10.1,2,10,38.6,1,65.2,77.1,69.6,30.4,38.0,37.0,34.2,10.2,6.2,35.3,1,Beginner
LEARNER_0833,18-24,15.8,100.0,89.3,42.4,2,4,115.0,7,96.7,89.4,73.4,67.7,84.1,86.0,73.1,71.4,66.8,80.9,0,Advanced
LEARNER_0834,18-24,11.6,69.5,57.4,47.7,4,7,84.5,5,68.6,66.7,86.5,55.0,61.1,64.2,62.0,62.6,58.1,63.1,0,Intermediate
LEARNER_0835,18-24,12.9,73.0,57.7,34.0,6,8,132.6,6,74.3,69.9,73.4,79.0,50.8,52.9,73.0,44.8,41.3,60.9,0,Intermediate
LEARNER_0836,18-24,30.0,100.0,66.6,65.2,1,0,147.9,9,100.0,100.0,100.0,100.0,100.0,100.0,99.7,100.0,100.0,91.9,0,Advanced
LEARNER_0837,35+,11.3,86.5,65.6,45.6,4,3,119.2,5,81.6,75.8,92.0,69.7,61.8,63.7,69.0,55.5,62.1,70.1,0,Intermediate
LEARNER_0838,18-24,8.5,40.7,30.8,29.2,6,12,78.9,3,63.9,73.2,70.5,40.2,62.3,57.1,66.7,40.5,35.7,47.8,1,Beginner
LEARNER_0839,25-34,11.2,67.4,61.6,13.6,3,8,126.3,6,80.1,71.6,73.1,40.4,65.6,75.4,56.2,44.4,26.9,57.3,0,Beginner
LEARNER_0840,25-34,22.1,99.2,85.3,52.1,3,7,151.2,9,73.7,96.0,90.7,73.8,85.3,77.5,70.5,92.9,71.8,82.5,0,Advanced
LEARNER_0841,18-24,14.7,75.3,54.6,7.0,3,4,88.3,4,73.0,73.8,72.5,75.3,78.4,70.2,58.9,44.5,62.4,61.9,0,Intermediate
LEARNER_0842,25-34,7.2,61.3,28.5,1.6,5,10,63.9,2,61.3,68.3,57.5,41.7,56.8,33.0,40.6,21.3,18.9,41.1,1,Beginner
LEARNER_0843,18-24,16.8,86.0,59.1,42.0,2,4,93.2,5,89.7,84.7,80.3,81.5,75.3,75.8,87.4,78.8,44.5,73.1,0,Intermediate
LEARNER_0844,35+,12.9,70.7,58.2,22.1,4,9,102.7,4,77.8,59.2,66.6,57.2,44.8,51.5,48.6,46.5,37.7,55.1,0,Beginner
LEARNER_0845,18-24,22.6,100.0,100.0,62.8,4,7,152.3,9,100.0,100.0,78.8,87.2,77.1,90.4,98.6,69.9,83.9,89.4,0,Advanced
LEARNER_0846,18-24,14.8,100.0,80.2,32.5,4,5,128.8,7,85.7,73.4,91.4,90.4,97.2,99.0,67.8,69.6,55.0,80.1,0,Advanced
LEARNER_0847,18-24,14.0,64.8,53.5,25.6,6,8,110.2,4,80.0,63.7,68.7,49.8,51.3,52.4,43.3,50.9,25.6,53.4,1,Beginner
LEARNER_0848,35+,20.5,95.5,91.9,71.9,3,6,180.0,9,84.7,85.4,87.7,93.7,91.6,87.2,78.6,96.7,81.4,88.2,0,Advanced
LEARNER_0849,18-24,11.0,82.5,52.0,21.4,2,6,50.6,3,83.3,95.9,77.6,66.6,57.2,47.6,74.6,55.0,43.5,63.3,0,Beginner
LEARNER_0850,25-34,14.8,92.6,76.5,50.7,3,3,138.5,6,99.7,99.7,73.8,61.3,88.0,79.1,76.2,62.1,57.8,77.6,0,Intermediate
LEARNER_0851,18-24,15.3,73.7,59.3,20.4,4,4,161.1,7,90.5,92.8,96.3,63.8,64.2,78.9,72.1,49.6,57.4,67.3,0,Intermediate
LEARNER_0852,25-34,9.2,55.9,46.5,18.9,4,8,60.8,2,65.7,62.2,64.0,34.2,38.9,44.2,50.7,48.8,25.9,46.9,1,Beginner
LEARNER_0853,18-24,9.4,65.6,49.6,14.8,6,12,89.4,3,64.6,86.7,66.1,61.0,50.0,31.6,60.6,41.0,35.9,52.8,1,Beginner
LEARNER_0854,35+,18.1,100.0,89.4,48.1,3,6,150.7,9,75.1,90.3,79.6,78.3,74.2,78.2,73.6,61.8,67.0,79.4,0,Intermediate
LEARNER_0855,18-24,15.4,67.5,49.2,14.4,6,7,122.2,5,73.5,78.8,71.2,38.8,61.4,56.8,62.1,39.7,31.7,54.1,1,Beginner
LEARNER_0856,18-24,13.2,49.1,50.1,17.5,4,6,90.1,5,61.2,71.6,81.3,58.5,55.1,61.3,48.9,42.4,35.8,51.7,1,Beginner
LEARNER_0857,18-24,7.8,60.6,59.0,23.4,4,10,61.1,2,57.2,63.1,71.8,42.4,51.7,62.8,62.6,33.2,32.4,52.8,1,Beginner
LEARNER_0858,18-24,16.9,76.3,58.7,21.8,3,4,147.0,7,70.6,78.1,86.9,56.9,66.4,65.7,62.4,49.3,56.8,62.9,0,Intermediate
LEARNER_0859,25-34,19.2,97.2,82.6,58.4,3,5,151.7,9,96.1,98.1,100.0,100.0,89.7,88.2,87.9,84.3,88.6,89.0,0,Advanced
LEARNER_0860,18-24,7.9,35.5,32.2,5.1,3,8,66.1,3,62.0,67.1,59.3,45.8,40.3,35.6,49.3,13.4,42.1,38.9,1,Beginner
LEARNER_0861,25-34,17.5,85.1,72.4,26.6,2,8,70.6,5,77.5,78.2,63.7,60.0,78.7,64.0,63.0,56.8,54.3,67.1,0,Intermediate
LEARNER_0862,18-24,18.4,100.0,79.5,70.0,2,2,140.5,8,87.1,91.7,90.3,81.4,86.4,88.4,87.2,73.5,83.1,85.6,0,Advanced
LEARNER_0863,18-24,9.1,69.5,31.0,7.0,4,9,95.2,4,82.6,86.1,72.2,48.6,44.9,56.4,62.5,50.1,45.1,53.2,1,Beginner
LEARNER_0864,18-24,12.3,91.3,83.7,40.3,3,5,114.8,6,78.8,56.7,88.8,58.8,65.1,75.5,60.5,68.4,58.8,72.0,0,Intermediate
LEARNER_0865,18-24,3.4,56.2,42.8,2.0,6,10,60.4,1,55.9,66.3,64.7,55.3,45.8,48.7,57.9,28.5,23.3,45.8,1,Beginner
LEARNER_0866,25-34,11.8,92.2,56.4,48.7,3,1,95.5,5,82.0,85.9,93.0,65.1,83.6,69.2,76.0,55.7,62.8,72.6,0,Intermediate
LEARNER_0867,18-24,10.0,60.4,46.4,26.3,2,2,97.0,5,88.5,81.9,82.3,59.2,67.2,51.8,69.9,45.8,43.4,58.5,0,Intermediate
LEARNER_0868,18-24,12.7,89.7,87.4,45.1,5,6,144.7,7,89.5,86.3,83.2,61.4,70.4,73.9,73.5,68.2,69.5,77.0,0,Advanced
LEARNER_0869,35+,18.0,85.9,90.1,66.9,2,5,154.8,9,86.3,90.9,74.9,70.5,100.0,61.6,84.3,81.7,73.0,81.7,0,Advanced
LEARNER_0870,35+,27.7,100.0,94.5,75.0,1,0,145.6,9,93.9,100.0,100.0,100.0,100.0,100.0,100.0,100.0,99.6,96.7,0,Advanced
LEARNER_0871,18-24,12.2,81.7,68.6,42.4,4,4,150.5,7,80.2,93.9,92.8,74.3,81.2,71.5,80.3,55.2,83.1,74.9,0,Intermediate
LEARNER_0872,18-24,18.2,88.8,74.9,37.6,3,6,137.1,7,80.8,76.5,68.0,81.2,58.0,68.7,76.5,62.9,49.2,70.7,0,Intermediate
LEARNER_0873,25-34,14.5,79.8,64.8,27.6,4,7,124.3,6,74.2,79.5,89.4,75.9,45.9,69.1,66.7,61.7,46.5,65.9,0,Intermediate
LEARNER_0874,18-24,13.3,74.7,65.8,32.4,5,7,118.2,4,57.4,84.2,73.8,54.5,45.1,59.4,44.2,30.2,46.5,58.1,0,Intermediate
LEARNER_0875,18-24,11.7,84.4,61.6,29.3,5,8,135.0,6,72.3,62.1,80.3,71.2,41.4,66.5,81.7,67.0,50.0,65.2,0,Intermediate
LEARNER_0876,18-24,13.1,86.1,60.2,43.5,4,3,122.7,5,83.1,65.9,84.4,54.7,74.2,57.7,61.7,45.0,39.8,64.7,0,Intermediate
LEARNER_0877,25-34,9.6,73.0,66.9,23.7,5,7,122.3,5,88.5,88.7,87.8,81.1,66.4,53.5,59.8,53.6,42.7,65.8,0,Intermediate
LEARNER_0878,25-34,21.3,95.2,74.8,64.4,1,6,75.9,6,83.7,99.6,96.0,92.3,75.7,78.4,86.3,82.4,78.3,83.9,0,Intermediate
LEARNER_0879,18-24,7.5,57.6,54.6,16.2,6,10,108.7,3,68.3,67.1,66.7,47.3,49.5,46.3,33.8,23.3,31.9,48.2,1,Beginner
LEARNER_0880,18-24,19.4,92.0,76.8,52.5,2,4,152.6,9,79.2,85.1,93.6,81.8,81.8,74.4,88.7,78.4,68.3,80.0,0,Advanced
LEARNER_0881,18-24,15.1,100.0,83.6,62.5,4,9,151.4,8,100.0,83.8,87.6,94.6,88.0,90.0,71.3,71.3,80.1,85.5,0,Advanced
LEARNER_0882,25-34,8.7,68.2,45.5,15.9,4,4,95.4,4,75.5,68.9,73.1,64.7,69.8,54.8,58.3,33.8,30.8,54.8,1,Beginner
LEARNER_0883,18-24,3.2,31.8,22.1,0.0,6,13,58.9,1,57.1,61.9,42.3,40.5,25.7,29.8,30.0,0.0,0.0,27.8,1,Beginner
LEARNER_0884,18-24,6.1,57.5,34.7,0.0,5,12,102.7,4,54.0,62.7,65.0,34.7,45.2,53.2,60.6,40.4,34.5,44.8,1,Beginner
LEARNER_0885,25-34,19.9,100.0,83.1,48.0,3,3,151.9,9,96.0,91.4,87.6,86.4,89.4,88.7,83.6,66.4,64.6,83.4,0,Advanced
LEARNER_0886,18-24,7.8,69.8,39.4,11.2,5,10,100.3,3,74.7,68.7,69.6,57.5,68.1,68.8,66.7,60.4,33.6,56.2,0,Beginner
LEARNER_0887,25-34,9.5,53.1,49.4,3.4,4,6,90.6,4,69.8,69.8,64.1,60.1,46.8,51.6,45.8,37.5,25.6,48.1,1,Beginner
LEARNER_0888,18-24,5.8,73.7,62.0,24.0,4,5,87.4,4,76.3,64.6,66.4,66.3,71.3,37.1,53.7,48.6,43.5,58.8,0,Intermediate
LEARNER_0889,18-24,17.9,85.9,58.7,41.2,3,6,117.9,7,85.6,84.3,89.1,75.7,71.9,85.0,76.1,65.8,75.1,73.7,0,Intermediate
LEARNER_0890,18-24,16.6,86.7,83.7,53.6,3,7,132.2,7,76.8,68.1,68.6,83.0,63.5,83.0,69.2,61.0,54.6,73.4,0,Intermediate
LEARNER_0891,25-34,8.7,72.9,81.7,40.6,5,10,132.2,6,78.4,59.2,71.2,72.4,61.5,54.3,44.7,33.7,49.1,63.0,0,Intermediate
LEARNER_0892,35+,11.9,57.6,52.9,16.8,2,10,110.7,6,70.1,70.7,71.7,56.7,50.7,58.0,50.0,48.6,45.8,53.8,1,Beginner
LEARNER_0893,25-34,10.8,71.1,46.5,22.7,5,8,72.7,3,63.3,59.7,67.8,75.5,59.7,48.6,57.7,43.2,49.9,55.7,0,Beginner
LEARNER_0894,18-24,5.8,48.4,63.6,23.7,5,12,80.8,4,56.6,80.8,62.6,47.0,40.6,31.7,45.2,34.1,26.8,48.2,1,Beginner
LEARNER_0895,25-34,17.1,100.0,76.4,62.8,1,2,150.5,9,82.6,77.9,81.7,86.1,84.6,81.9,86.6,93.8,65.9,82.7,0,Advanced
LEARNER_0896,18-24,4.5,57.0,46.4,27.0,4,10,109.8,4,67.0,64.7,74.0,63.8,72.0,52.5,54.3,36.7,42.1,53.8,1,Beginner
LEARNER_0897,18-24,19.1,100.0,85.4,55.1,2,4,123.7,8,98.4,89.7,94.8,78.6,78.2,78.6,74.6,71.3,64.2,82.6,0,Advanced
LEARNER_0898,35+,14.9,100.0,94.8,54.5,1,3,147.1,8,94.7,90.3,97.2,87.0,80.0,78.7,82.4,81.0,72.6,86.5,0,Advanced
LEARNER_0899,18-24,17.3,99.8,89.8,49.0,2,4,154.4,9,82.7,78.1,95.3,89.2,87.3,72.1,75.5,60.5,65.6,81.3,0,Intermediate
LEARNER_0900,18-24,9.1,67.6,48.6,15.0,4,4,91.9,4,76.3,62.2,71.4,55.2,46.7,55.0,55.1,37.9,36.7,52.9,1,Beginner
LEARNER_0901,18-24,16.1,82.3,56.8,29.6,4,4,102.2,5,73.2,71.9,83.7,54.9,62.9,62.3,71.6,60.0,57.2,64.5,0,Intermediate
LEARNER_0902,18-24,11.0,69.4,53.9,29.1,3,7,82.4,5,75.5,72.4,76.0,64.6,66.2,66.0,60.2,44.9,53.1,60.6,0,Intermediate
LEARNER_0903,18-24,6.5,66.9,41.1,17.9,5,5,96.9,3,62.7,79.8,69.7,42.0,55.0,53.0,39.3,40.4,27.0,50.0,1,Beginner
LEARNER_0904,25-34,15.8,77.6,70.9,38.2,5,9,150.7,8,85.1,79.5,66.3,74.1,77.0,86.2,56.0,42.4,57.7,68.4,0,Intermediate
LEARNER_0905,18-24,7.1,45.7,31.9,4.3,6,12,83.6,3,48.2,70.3,53.7,48.7,37.2,52.1,63.9,33.4,24.5,41.6,1,Beginner
LEARNER_0906,35+,18.9,100.0,69.0,47.7,3,5,140.9,7,82.5,93.3,100.0,92.8,85.8,82.9,72.0,77.0,79.2,81.9,0,Advanced
LEARNER_0907,25-34,11.1,61.3,67.8,24.6,4,6,114.4,7,56.3,78.3,49.7,61.8,50.8,49.6,50.4,34.2,37.2,53.8,1,Beginner
LEARNER_0908,18-24,8.4,68.1,54.9,21.1,4,10,103.7,6,75.3,55.0,76.3,73.9,60.4,67.6,69.4,44.6,51.4,59.6,0,Intermediate
LEARNER_0909,18-24,15.7,71.7,56.9,15.5,3,10,143.8,8,88.1,76.0,87.8,61.2,76.2,69.1,69.4,37.0,50.7,62.8,0,Intermediate
LEARNER_0910,18-24,12.5,67.7,54.3,18.3,4,8,110.5,5,67.8,82.4,71.1,64.3,53.5,53.8,62.0,36.5,41.5,56.5,0,Beginner
LEARNER_0911,25-34,11.9,82.7,71.2,45.7,4,7,142.8,7,78.0,77.5,78.8,87.1,73.6,77.7,67.8,68.1,53.5,72.4,0,Intermediate
LEARNER_0912,18-24,8.9,66.7,41.0,9.4,4,8,103.4,5,76.3,83.4,70.3,48.9,55.6,43.2,56.3,38.1,31.4,51.6,1,Beginner
LEARNER_0913,25-34,16.2,97.7,88.3,50.7,4,6,180.0,9,94.0,97.3,82.6,90.3,67.4,74.0,76.4,74.7,71.6,82.4,0,Advanced
LEARNER_0914,18-24,4.9,52.4,32.1,6.8,5,9,82.3,3,58.1,55.1,59.1,36.1,48.2,44.9,38.0,16.1,12.4,38.6,1,Beginner
LEARNER_0915,25-34,13.6,76.4,80.5,46.2,4,7,134.2,7,82.0,72.5,71.0,57.2,68.5,61.7,66.0,56.2,48.0,67.7,0,Intermediate
LEARNER_0916,18-24,26.0,100.0,91.2,55.3,3,6,149.4,9,89.7,90.2,100.0,95.4,77.1,91.4,100.0,81.0,94.9,89.7,0,Advanced
LEARNER_0917,18-24,10.2,61.7,39.8,18.9,6,14,79.5,2,74.0,58.0,74.4,51.7,48.2,44.9,45.8,20.3,25.2,47.3,1,Beginner
LEARNER_0918,35+,4.7,67.5,46.5,26.6,3,4,91.4,4,84.1,57.0,65.8,58.5,45.0,44.5,51.0,33.6,41.1,52.4,1,Beginner
LEARNER_0919,25-34,16.4,86.7,75.2,32.6,4,6,166.4,8,85.3,84.6,70.1,62.5,79.0,79.6,78.8,53.0,53.5,71.6,0,Intermediate
LEARNER_0920,18-24,16.9,77.9,69.6,29.2,5,5,112.1,6,60.5,65.5,73.0,68.3,53.3,56.7,72.6,39.2,43.2,61.4,0,Intermediate
LEARNER_0921,35+,14.9,75.2,65.9,47.2,4,10,134.0,7,74.7,84.0,77.7,62.1,64.8,70.2,80.3,53.6,42.3,67.0,0,Intermediate
LEARNER_0922,18-24,17.7,76.4,68.1,37.6,2,4,141.4,8,85.8,85.9,84.9,57.9,72.7,73.1,55.8,58.6,68.3,69.0,0,Intermediate
LEARNER_0923,35+,21.2,96.1,76.1,24.4,3,1,121.0,6,79.2,69.3,74.6,64.7,72.6,64.6,79.4,70.8,51.6,71.3,0,Intermediate
LEARNER_0924,25-34,20.6,100.0,76.2,36.6,4,6,137.1,7,98.5,100.0,82.2,73.7,85.9,80.3,84.6,77.7,76.2,81.7,0,Advanced
LEARNER_0925,18-24,14.8,87.0,67.5,35.6,3,8,120.5,6,84.6,84.0,84.0,72.7,56.4,61.3,61.5,66.0,48.2,68.8,0,Intermediate
LEARNER_0926,18-24,13.9,71.6,41.3,7.8,4,8,97.3,5,66.5,78.1,79.6,67.4,71.4,69.3,60.2,48.9,53.7,58.4,0,Intermediate
LEARNER_0927,18-24,15.8,97.6,84.3,45.2,5,6,148.7,6,83.3,77.0,78.1,61.0,77.0,63.7,81.2,64.1,79.1,77.0,0,Intermediate
LEARNER_0928,18-24,21.6,100.0,89.4,64.0,2,4,162.9,9,90.6,100.0,87.1,95.2,100.0,87.2,85.8,76.2,72.5,88.4,0,Advanced
LEARNER_0929,25-34,10.3,77.9,55.6,39.6,3,8,82.9,5,71.9,82.4,99.7,50.5,66.9,50.1,63.4,46.5,36.7,62.4,0,Intermediate
LEARNER_0930,18-24,11.8,59.6,59.9,17.6,4,6,64.1,3,58.9,62.5,69.6,51.4,46.3,35.5,53.4,33.3,34.7,50.2,1,Beginner
LEARNER_0931,18-24,15.1,89.4,72.3,56.9,3,5,101.4,6,97.7,100.0,86.1,74.7,69.4,92.4,71.1,81.8,74.2,80.3,0,Intermediate
LEARNER_0932,25-34,16.0,80.1,51.8,37.6,3,5,92.1,4,90.5,73.9,80.5,51.7,55.6,64.4,58.9,51.1,51.8,62.7,0,Intermediate
LEARNER_0933,35+,2.6,37.4,29.3,5.8,6,9,32.6,0,37.5,58.1,47.9,33.6,40.0,28.4,29.6,14.5,0.0,30.4,1,Beginner
LEARNER_0934,18-24,12.0,89.8,69.1,45.6,3,4,80.0,4,69.8,87.5,92.1,70.9,86.6,70.3,69.2,56.7,80.8,74.7,0,Intermediate
LEARNER_0935,18-24,10.4,65.9,57.7,5.8,6,11,128.5,5,66.6,73.3,69.9,50.9,48.5,60.7,46.4,34.7,38.2,52.9,1,Beginner
LEARNER_0936,18-24,5.2,67.5,49.1,27.8,5,9,99.2,4,61.8,60.5,74.6,42.8,38.0,54.0,59.5,49.6,36.5,52.7,1,Beginner
LEARNER_0937,18-24,15.5,99.1,90.1,57.8,3,5,162.1,9,79.4,82.0,78.1,74.9,65.6,73.7,73.7,63.9,52.6,77.8,0,Intermediate
LEARNER_0938,35+,15.6,88.6,78.1,40.2,5,7,162.2,9,83.3,71.4,65.7,71.6,62.7,58.1,70.2,50.6,42.2,68.3,0,Intermediate
LEARNER_0939,18-24,13.8,91.7,80.5,63.0,3,6,136.1,7,95.5,76.7,99.0,73.4,71.4,68.2,66.5,61.5,74.9,78.4,0,Intermediate
LEARNER_0940,25-34,10.2,67.4,37.2,22.0,3,5,76.6,4,71.4,83.7,62.2,42.8,59.3,61.1,60.2,44.8,34.0,53.1,1,Beginner
LEARNER_0941,18-24,20.4,96.1,78.2,49.3,3,4,140.1,8,79.6,79.4,70.3,79.9,77.2,77.1,63.5,49.3,62.2,74.4,0,Intermediate
LEARNER_0942,25-34,9.2,72.1,75.0,44.7,6,9,140.9,6,56.1,63.9,70.2,52.5,65.8,62.6,45.0,55.7,39.0,61.2,0,Intermediate
LEARNER_0943,25-34,12.5,86.3,60.6,40.7,3,6,100.2,5,84.1,81.0,76.2,70.2,77.4,65.4,70.9,55.7,57.9,69.3,0,Intermediate
LEARNER_0944,25-34,19.5,87.7,62.8,15.1,3,6,99.3,5,83.0,72.0,82.0,90.3,57.4,68.3,80.8,45.0,45.0,66.9,0,Intermediate
LEARNER_0945,18-24,13.2,61.0,42.0,7.2,7,10,92.0,3,68.9,75.2,69.3,41.4,44.3,48.3,52.3,29.4,34.1,47.9,1,Beginner
LEARNER_0946,18-24,17.4,73.0,61.1,52.2,1,4,139.4,9,82.4,82.5,96.0,85.3,97.8,72.6,79.4,83.3,80.1,76.3,0,Advanced
LEARNER_0947,18-24,12.4,68.4,38.4,6.6,3,13,99.0,5,65.1,72.8,75.1,57.9,56.4,64.4,50.1,42.0,30.0,51.9,1,Beginner
LEARNER_0948,35+,20.1,89.8,79.0,45.6,1,5,126.5,9,72.9,95.5,82.3,78.1,77.9,55.7,71.8,70.2,51.8,74.4,0,Intermediate
LEARNER_0949,35+,11.6,90.9,67.6,28.1,4,6,86.4,4,61.1,75.4,79.8,70.1,70.8,61.6,68.7,55.7,61.8,67.9,0,Intermediate
LEARNER_0950,25-34,19.7,100.0,80.6,74.7,2,3,125.7,7,88.2,100.0,100.0,94.4,94.7,87.3,82.9,83.5,71.6,88.4,0,Advanced
LEARNER_0951,25-34,14.6,65.0,55.8,40.8,6,8,122.7,6,59.8,64.1,58.3,60.6,39.4,35.7,55.6,31.2,53.3,53.1,1,Beginner
LEARNER_0952,25-34,15.3,71.7,55.4,16.3,5,8,113.9,4,73.5,90.4,75.4,56.0,54.5,45.2,54.7,22.9,33.8,55.4,0,Beginner
LEARNER_0953,18-24,13.6,68.3,58.2,30.2,4,8,92.2,3,70.6,82.3,63.1,73.8,61.4,66.7,50.9,49.2,38.8,59.8,0,Beginner
LEARNER_0954,35+,7.8,70.0,52.5,17.1,4,3,77.1,4,67.1,69.8,87.7,46.6,67.4,57.4,50.4,52.4,43.9,57.1,0,Beginner
LEARNER_0955,18-24,22.0,96.6,80.4,53.7,3,1,175.3,9,76.7,78.4,81.4,83.0,75.2,87.4,78.1,66.8,55.7,78.1,0,Advanced
LEARNER_0956,18-24,2.3,49.3,30.3,3.6,4,7,45.3,1,29.7,54.7,54.1,42.7,23.0,48.5,36.2,20.7,10.0,34.3,1,Beginner
LEARNER_0957,18-24,5.7,48.2,39.6,16.6,8,12,99.0,2,74.4,59.6,56.2,50.7,48.6,48.6,42.7,39.6,29.8,45.4,1,Beginner
LEARNER_0958,18-24,7.7,55.4,50.5,17.6,6,9,72.0,2,54.2,77.8,57.1,53.9,38.5,47.4,37.6,29.3,7.2,45.2,1,Beginner
LEARNER_0959,18-24,21.4,86.8,71.1,71.5,3,8,155.1,8,83.1,76.6,100.0,76.5,67.5,77.7,89.8,66.0,80.1,78.8,0,Advanced
LEARNER_0960,25-34,23.1,100.0,84.8,50.3,3,1,148.9,8,83.9,96.6,100.0,74.4,82.7,68.1,82.7,75.7,82.6,83.4,0,Advanced
LEARNER_0961,18-24,12.7,77.2,61.0,14.1,5,6,90.2,4,81.5,73.6,61.4,59.8,64.7,49.2,62.3,62.1,35.6,59.9,0,Intermediate
LEARNER_0962,25-34,12.5,75.9,55.6,22.6,4,10,108.0,6,74.1,72.0,85.0,51.4,69.4,60.1,55.4,48.8,36.5,59.7,0,Intermediate
LEARNER_0963,18-24,12.5,76.1,63.8,18.5,3,6,96.5,6,69.2,75.0,85.4,57.3,67.0,68.0,63.4,41.9,57.3,62.8,0,Intermediate
LEARNER_0964,18-24,19.5,100.0,72.3,34.3,3,6,146.3,8,85.8,88.0,86.7,70.7,85.6,82.9,84.3,61.9,76.0,78.4,0,Intermediate
LEARNER_0965,18-24,1.0,63.1,26.7,0.0,5,13,61.9,1,77.3,70.9,66.3,43.3,50.9,40.0,36.2,39.5,40.5,45.4,1,Beginner
LEARNER_0966,18-24,12.3,76.4,63.8,26.0,3,4,106.8,5,77.3,82.7,77.7,61.0,66.6,73.3,65.8,44.5,47.3,64.3,0,Intermediate
LEARNER_0967,25-34,17.6,94.7,68.7,35.5,4,5,105.6,5,85.2,90.1,100.0,58.6,83.2,89.5,87.1,82.3,69.9,78.7,0,Intermediate
LEARNER_0968,18-24,11.1,73.8,63.9,41.6,4,6,108.1,6,73.5,56.7,74.6,75.6,50.7,77.5,84.1,36.0,61.4,64.7,0,Intermediate
LEARNER_0969,25-34,14.1,73.0,67.7,31.2,5,4,151.8,8,62.1,79.7,78.4,82.8,65.9,73.0,64.0,63.2,57.4,66.8,0,Intermediate
LEARNER_0970,18-24,16.4,93.8,66.5,41.6,4,5,135.8,6,85.7,73.8,83.6,82.9,69.7,73.5,78.4,71.9,77.0,75.4,0,Intermediate
LEARNER_0971,25-34,3.8,35.2,20.8,0.0,7,14,50.2,0,45.2,47.7,31.1,17.1,28.1,27.4,36.4,0.0,0.0,24.5,1,Beginner
LEARNER_0972,35+,20.1,89.5,67.8,33.8,4,7,153.7,8,91.9,94.9,100.0,72.4,71.7,74.0,81.9,60.2,60.6,75.0,0,Intermediate
LEARNER_0973,25-34,7.3,59.4,61.8,22.0,6,11,110.1,5,49.2,59.7,57.7,48.2,51.8,55.6,46.6,50.0,30.0,51.1,1,Beginner
LEARNER_0974,18-24,2.4,36.6,11.1,0.0,5,10,44.0,0,44.0,50.9,54.8,33.4,20.7,35.6,27.8,17.0,11.0,27.3,1,Beginner
LEARNER_0975,18-24,14.3,80.4,64.7,20.0,3,4,108.5,6,76.5,76.3,67.2,69.9,78.3,69.2,77.8,51.0,63.8,66.8,0,Intermediate
LEARNER_0976,18-24,17.5,100.0,69.7,27.1,2,6,118.6,6,91.5,100.0,88.3,77.3,89.0,77.1,75.9,61.7,62.2,77.5,0,Intermediate
LEARNER_0977,25-34,11.9,62.0,56.8,30.1,3,6,108.3,5,72.2,74.1,76.7,73.3,64.3,59.1,68.5,46.7,54.1,60.7,0,Intermediate
LEARNER_0978,18-24,14.5,99.9,84.3,56.1,5,6,169.1,9,85.5,100.0,79.8,65.3,70.7,85.1,79.9,67.0,57.9,80.0,0,Advanced
LEARNER_0979,18-24,16.7,97.9,81.6,75.5,1,3,141.5,9,97.6,97.7,99.0,93.5,81.6,84.3,91.9,68.1,77.8,87.5,0,Advanced
LEARNER_0980,25-34,20.4,100.0,93.8,61.5,1,5,136.4,9,83.6,92.7,88.6,82.2,84.8,90.2,81.0,73.9,84.2,86.7,0,Advanced
LEARNER_0981,18-24,22.1,98.4,86.3,66.9,3,6,142.0,9,100.0,95.2,100.0,100.0,82.7,94.1,83.2,76.2,83.4,89.2,0,Advanced
LEARNER_0982,25-34,13.3,91.5,80.0,45.7,4,3,126.7,7,87.4,90.4,94.8,76.6,77.4,71.5,85.6,62.9,65.6,78.6,0,Intermediate
LEARNER_0983,18-24,15.1,82.9,56.9,31.9,3,3,101.4,5,73.3,62.0,71.2,60.3,45.9,74.3,61.2,55.3,40.1,61.2,0,Intermediate
LEARNER_0984,18-24,2.1,45.3,21.9,9.9,7,13,89.9,2,68.6,56.5,56.4,34.4,32.5,33.5,33.1,27.9,7.6,34.9,1,Beginner
LEARNER_0985,25-34,11.5,63.5,54.0,5.4,6,9,124.8,5,84.5,71.5,73.5,58.4,72.4,70.1,57.4,50.3,50.6,58.5,0,Intermediate
LEARNER_0986,18-24,10.2,62.3,43.8,17.2,5,8,81.4,3,72.3,70.7,69.8,39.4,52.0,52.0,50.1,25.4,26.4,48.9,1,Beginner
LEARNER_0987,25-34,22.8,100.0,92.0,86.9,4,7,178.2,9,76.9,99.5,100.0,90.6,98.1,96.6,88.5,94.4,87.5,93.1,0,Advanced
LEARNER_0988,18-24,12.5,70.6,59.7,30.6,2,6,106.8,6,85.5,64.6,74.4,44.9,75.1,52.1,54.7,45.0,52.2,59.9,0,Intermediate
LEARNER_0989,18-24,11.1,82.9,69.4,50.8,5,7,138.4,6,82.8,76.5,74.5,56.6,45.3,63.3,59.0,39.8,42.1,64.4,0,Intermediate
LEARNER_0990,25-34,14.2,90.2,59.1,29.4,5,8,108.7,6,97.7,73.0,82.5,71.6,64.3,69.2,77.6,62.2,61.2,70.2,0,Intermediate
LEARNER_0991,25-34,11.6,75.0,78.1,39.2,5,7,82.9,6,85.4,60.1,85.9,65.1,59.5,52.6,55.6,63.7,49.2,66.1,0,Intermediate
LEARNER_0992,25-34,18.2,98.2,84.6,59.6,2,6,154.4,9,100.0,100.0,100.0,73.3,96.0,87.4,75.1,82.2,81.9,87.1,0,Advanced
LEARNER_0993,18-24,8.4,66.9,54.7,1.2,4,6,59.9,3,74.6,72.2,73.1,50.9,59.0,45.6,36.3,22.8,31.4,50.6,1,Beginner
LEARNER_0994,25-34,8.3,74.7,50.1,16.5,4,8,89.5,4,88.1,81.1,83.1,69.6,58.2,69.8,53.4,52.1,47.3,61.5,0,Intermediate
LEARNER_0995,18-24,6.8,43.1,31.3,0.0,6,14,59.4,1,82.0,76.5,64.9,48.8,58.1,60.6,61.0,23.4,24.5,45.2,1,Beginner
LEARNER_0996,18-24,4.5,54.3,28.2,8.3,6,7,97.0,2,60.9,53.8,61.7,35.8,37.7,31.1,41.0,28.5,25.5,38.9,1,Beginner
LEARNER_0997,35+,8.2,62.2,43.9,23.7,6,9,67.8,1,55.1,56.2,59.0,48.9,61.9,65.9,56.2,40.0,30.4,50.4,1,Beginner
LEARNER_0998,18-24,11.1,81.7,58.2,31.6,3,8,86.0,4,72.1,74.0,84.7,57.1,53.1,60.4,65.7,45.9,55.0,62.8,0,Intermediate
LEARNER_0999,35+,9.7,58.7,41.5,23.9,4,10,72.0,2,73.0,67.1,47.6,50.0,54.1,47.3,55.6,36.8,37.6,49.2,1,Beginner
LEARNER_1000,18-24,10.0,40.4,41.8,12.5,4,9,96.4,4,67.3,60.0,66.0,52.3,47.0,57.0,50.3,32.5,25.7,44.7,1,Beginner
